INFO 2026-08-20 13:29:51,316 daemon Exiting due to SIGINT
INFO 2026-08-20 13:34:13,857 daemon Exiting due to SIGINT
INFO 2026-08-20 13:34:47,149 daemon Exiting due to SIGINT
INFO 2026-08-20 13:35:25,659 daemon Exiting due to SIGINT
INFO 2026-08-21 00:51:37,696 daemon Exiting due to SIGINT
INFO 2026-08-21 01:09:15,444 judge_handler Judge connected from: ('127.0.0.1', 50712)
INFO 2026-08-21 01:09:15,448 judge_handler Judge authenticated: ('127.0.0.1', 50712) (HaiNamPCT)
INFO 2026-08-21 01:12:11,054 judge_list Specified judge HaiNamPCT is available
INFO 2026-08-21 01:12:11,054 judge_list Dispatched submission 1 to: HaiNamPCT
INFO 2026-08-21 01:12:11,059 judge_handler Submission acknowledged: 1
INFO 2026-08-21 01:12:12,577 judge_handler HaiNamPCT: Submission generated compiler messages: 1
INFO 2026-08-21 01:12:12,583 judge_handler HaiNamPCT: Grading has begun on: 1
INFO 2026-08-21 01:12:12,615 judge_handler HaiNamPCT: 3 test case(s) completed on: 1
INFO 2026-08-21 01:12:12,626 judge_handler HaiNamPCT: Grading has ended on: 1
INFO 2026-08-21 01:12:12,627 judge_list Judge available after grading 1: HaiNamPCT
INFO 2026-08-21 01:13:17,890 judge_list Free judges: 1
INFO 2026-08-21 01:13:17,890 judge_list Dispatched submission 2 to: HaiNamPCT
INFO 2026-08-21 01:13:17,896 judge_handler Submission acknowledged: 2
INFO 2026-08-21 01:13:18,483 judge_handler HaiNamPCT: Submission generated compiler messages: 2
INFO 2026-08-21 01:13:18,489 judge_handler HaiNamPCT: Grading has begun on: 2
INFO 2026-08-21 01:13:18,597 judge_handler HaiNamPCT: 2 test case(s) completed on: 2
INFO 2026-08-21 01:13:18,628 judge_handler HaiNamPCT: 1 test case(s) completed on: 2
INFO 2026-08-21 01:13:18,638 judge_handler HaiNamPCT: Grading has ended on: 2
INFO 2026-08-21 01:13:18,638 judge_list Judge available after grading 2: HaiNamPCT
INFO 2026-08-21 01:33:34,273 judge_handler HaiNamPCT: Updated problem list
INFO 2026-08-21 01:33:37,274 judge_handler HaiNamPCT: Updated problem list
INFO 2026-08-21 01:35:42,885 judge_handler HaiNamPCT: Updated problem list
INFO 2026-08-21 01:37:37,516 judge_list Free judges: 1
INFO 2026-08-21 01:37:37,516 judge_list Dispatched submission 3 to: HaiNamPCT
INFO 2026-08-21 01:37:37,523 judge_handler Submission acknowledged: 3
INFO 2026-08-21 01:37:38,376 judge_handler HaiNamPCT: Submission generated compiler messages: 3
INFO 2026-08-21 01:37:38,385 judge_handler HaiNamPCT: Grading has begun on: 3
INFO 2026-08-21 01:37:38,395 judge_handler HaiNamPCT: Batch began on: 3
INFO 2026-08-21 01:37:38,409 judge_handler HaiNamPCT: 3 test case(s) completed on: 3
INFO 2026-08-21 01:37:38,420 judge_handler HaiNamPCT: Batch ended on: 3
INFO 2026-08-21 01:37:38,420 judge_handler HaiNamPCT: Batch began on: 3
INFO 2026-08-21 01:37:38,440 judge_handler HaiNamPCT: 4 test case(s) completed on: 3
INFO 2026-08-21 01:37:38,454 judge_handler HaiNamPCT: Batch ended on: 3
INFO 2026-08-21 01:37:38,454 judge_handler HaiNamPCT: Batch began on: 3
INFO 2026-08-21 01:37:38,703 judge_handler HaiNamPCT: 3 test case(s) completed on: 3
INFO 2026-08-21 01:37:38,717 judge_handler HaiNamPCT: 1 test case(s) completed on: 3
INFO 2026-08-21 01:37:38,725 judge_handler HaiNamPCT: Batch ended on: 3
INFO 2026-08-21 01:37:38,725 judge_handler HaiNamPCT: Grading has ended on: 3
INFO 2026-08-21 01:37:38,725 judge_list Judge available after grading 3: HaiNamPCT
INFO 2026-08-21 01:38:46,436 judge_list Free judges: 1
INFO 2026-08-21 01:38:46,436 judge_list Dispatched submission 4 to: HaiNamPCT
INFO 2026-08-21 01:38:46,441 judge_handler Submission acknowledged: 4
INFO 2026-08-21 01:38:47,286 judge_handler HaiNamPCT: Submission generated compiler messages: 4
INFO 2026-08-21 01:38:47,296 judge_handler HaiNamPCT: Grading has begun on: 4
INFO 2026-08-21 01:38:47,306 judge_handler HaiNamPCT: Batch began on: 4
INFO 2026-08-21 01:38:47,317 judge_handler HaiNamPCT: 3 test case(s) completed on: 4
INFO 2026-08-21 01:38:47,329 judge_handler HaiNamPCT: Batch ended on: 4
INFO 2026-08-21 01:38:47,329 judge_handler HaiNamPCT: Batch began on: 4
INFO 2026-08-21 01:38:47,347 judge_handler HaiNamPCT: 4 test case(s) completed on: 4
INFO 2026-08-21 01:38:47,359 judge_handler HaiNamPCT: Batch ended on: 4
INFO 2026-08-21 01:38:47,359 judge_handler HaiNamPCT: Batch began on: 4
INFO 2026-08-21 01:38:47,494 judge_handler HaiNamPCT: 2 test case(s) completed on: 4
INFO 2026-08-21 01:38:47,620 judge_handler HaiNamPCT: 2 test case(s) completed on: 4
INFO 2026-08-21 01:38:47,630 judge_handler HaiNamPCT: Batch ended on: 4
INFO 2026-08-21 01:38:47,630 judge_handler HaiNamPCT: Grading has ended on: 4
INFO 2026-08-21 01:38:47,630 judge_list Judge available after grading 4: HaiNamPCT
INFO 2026-08-21 02:52:25,690 judge_list Free judges: 1
INFO 2026-08-21 02:52:25,690 judge_list Dispatched submission 5 to: HaiNamPCT
INFO 2026-08-21 02:52:25,696 judge_handler Submission acknowledged: 5
INFO 2026-08-21 02:52:27,034 judge_handler HaiNamPCT: Submission generated compiler messages: 5
INFO 2026-08-21 02:52:27,041 judge_handler HaiNamPCT: Grading has begun on: 5
INFO 2026-08-21 02:52:27,051 judge_handler HaiNamPCT: Batch began on: 5
INFO 2026-08-21 02:52:27,056 judge_handler HaiNamPCT: 3 test case(s) completed on: 5
INFO 2026-08-21 02:52:27,066 judge_handler HaiNamPCT: Batch ended on: 5
INFO 2026-08-21 02:52:27,066 judge_handler HaiNamPCT: Batch began on: 5
INFO 2026-08-21 02:52:27,066 judge_handler HaiNamPCT: 4 test case(s) completed on: 5
INFO 2026-08-21 02:52:27,076 judge_handler HaiNamPCT: Batch ended on: 5
INFO 2026-08-21 02:52:27,076 judge_handler HaiNamPCT: Batch began on: 5
INFO 2026-08-21 02:52:27,109 judge_handler HaiNamPCT: 4 test case(s) completed on: 5
INFO 2026-08-21 02:52:27,118 judge_handler HaiNamPCT: Batch ended on: 5
INFO 2026-08-21 02:52:27,118 judge_handler HaiNamPCT: Grading has ended on: 5
INFO 2026-08-21 02:52:27,118 judge_list Judge available after grading 5: HaiNamPCT
INFO 2026-08-21 05:21:21,828 judge_handler HaiNamPCT: Updated problem list
INFO 2026-08-21 05:23:27,300 judge_handler HaiNamPCT: Updated problem list
INFO 2026-08-21 05:24:09,267 judge_list Free judges: 1
INFO 2026-08-21 05:24:09,267 judge_list Dispatched submission 6 to: HaiNamPCT
INFO 2026-08-21 05:24:09,273 judge_handler Submission acknowledged: 6
ERROR 2026-08-21 05:24:09,292 judge_handler Judge HaiNamPCT failed while handling submission 6
Traceback (most recent call last):
  File "/home/ubuntu/tmath/judge/bridge/judge_handler.py", line 604, in on_internal_error
    raise ValueError("\n\n" + packet["message"])
ValueError: 

Traceback (most recent call last):
  File "/judge/dmoj/judge.py", line 434, in _worker_process_main
    ipc_msg = next(case_gen)
  File "/judge/dmoj/judge.py", line 464, in _grade_cases
    problem = Problem(
        self.submission.problem_id,
    ...<3 lines>...
        storage_namespace=self.submission.storage_namespace,
    )
  File "/judge/dmoj/problem.py", line 93, in __init__
    if not self._resolve_test_cases():
           ~~~~~~~~~~~~~~~~~~~~~~~~^^
  File "/judge/dmoj/problem.py", line 193, in _resolve_test_cases
    self._problem_file_list(),
    ~~~~~~~~~~~~~~~~~~~~~~~^^
  File "/judge/dmoj/problem.py", line 176, in _problem_file_list
    raise InvalidInitException('can only use test case format specifiers if `archive` is set')
dmoj.config.InvalidInitException: can only use test case format specifiers if `archive` is set

INFO 2026-08-21 05:24:13,827 judge_list Judge available after grading 6: HaiNamPCT
INFO 2026-08-21 07:40:16,262 judge_list Free judges: 1
INFO 2026-08-21 07:40:16,262 judge_list Dispatched submission 7 to: HaiNamPCT
INFO 2026-08-21 07:40:16,267 judge_handler Submission acknowledged: 7
ERROR 2026-08-21 07:40:16,285 judge_handler Judge HaiNamPCT failed while handling submission 7
Traceback (most recent call last):
  File "/home/ubuntu/tmath/judge/bridge/judge_handler.py", line 604, in on_internal_error
    raise ValueError("\n\n" + packet["message"])
ValueError: 

Traceback (most recent call last):
  File "/judge/dmoj/judge.py", line 434, in _worker_process_main
    ipc_msg = next(case_gen)
  File "/judge/dmoj/judge.py", line 464, in _grade_cases
    problem = Problem(
        self.submission.problem_id,
    ...<3 lines>...
        storage_namespace=self.submission.storage_namespace,
    )
  File "/judge/dmoj/problem.py", line 93, in __init__
    if not self._resolve_test_cases():
           ~~~~~~~~~~~~~~~~~~~~~~~~^^
  File "/judge/dmoj/problem.py", line 193, in _resolve_test_cases
    self._problem_file_list(),
    ~~~~~~~~~~~~~~~~~~~~~~~^^
  File "/judge/dmoj/problem.py", line 176, in _problem_file_list
    raise InvalidInitException('can only use test case format specifiers if `archive` is set')
dmoj.config.InvalidInitException: can only use test case format specifiers if `archive` is set

INFO 2026-08-21 07:40:21,331 judge_list Judge available after grading 7: HaiNamPCT
INFO 2026-08-21 07:59:31,554 judge_list Free judges: 1
INFO 2026-08-21 07:59:31,554 judge_list Dispatched submission 8 to: HaiNamPCT
INFO 2026-08-21 07:59:31,560 judge_handler Submission acknowledged: 8
INFO 2026-08-21 07:59:32,203 judge_handler HaiNamPCT: Submission generated compiler messages: 8
INFO 2026-08-21 07:59:32,210 judge_handler HaiNamPCT: Grading has begun on: 8
INFO 2026-08-21 07:59:32,220 judge_handler HaiNamPCT: Batch began on: 8
INFO 2026-08-21 07:59:32,236 judge_handler HaiNamPCT: 3 test case(s) completed on: 8
INFO 2026-08-21 07:59:32,246 judge_handler HaiNamPCT: Batch ended on: 8
INFO 2026-08-21 07:59:32,247 judge_handler HaiNamPCT: Batch began on: 8
INFO 2026-08-21 07:59:32,264 judge_handler HaiNamPCT: 2 test case(s) completed on: 8
INFO 2026-08-21 07:59:32,275 judge_handler HaiNamPCT: 2 test case(s) completed on: 8
INFO 2026-08-21 07:59:32,284 judge_handler HaiNamPCT: Batch ended on: 8
INFO 2026-08-21 07:59:32,285 judge_handler HaiNamPCT: Batch began on: 8
INFO 2026-08-21 07:59:32,514 judge_handler HaiNamPCT: 3 test case(s) completed on: 8
INFO 2026-08-21 07:59:32,533 judge_handler HaiNamPCT: 1 test case(s) completed on: 8
INFO 2026-08-21 07:59:32,541 judge_handler HaiNamPCT: Batch ended on: 8
INFO 2026-08-21 07:59:32,541 judge_handler HaiNamPCT: Grading has ended on: 8
INFO 2026-08-21 07:59:32,541 judge_list Judge available after grading 8: HaiNamPCT
INFO 2026-08-21 08:03:56,428 judge_list Free judges: 1
INFO 2026-08-21 08:03:56,428 judge_list Dispatched submission 9 to: HaiNamPCT
INFO 2026-08-21 08:03:56,433 judge_handler Submission acknowledged: 9
INFO 2026-08-21 08:03:57,200 judge_handler HaiNamPCT: Submission generated compiler messages: 9
INFO 2026-08-21 08:03:57,205 judge_handler HaiNamPCT: Grading has begun on: 9
INFO 2026-08-21 08:03:57,216 judge_handler HaiNamPCT: Batch began on: 9
INFO 2026-08-21 08:03:57,231 judge_handler HaiNamPCT: 3 test case(s) completed on: 9
INFO 2026-08-21 08:03:57,242 judge_handler HaiNamPCT: Batch ended on: 9
INFO 2026-08-21 08:03:57,243 judge_handler HaiNamPCT: Batch began on: 9
INFO 2026-08-21 08:03:57,261 judge_handler HaiNamPCT: 4 test case(s) completed on: 9
INFO 2026-08-21 08:03:57,271 judge_handler HaiNamPCT: Batch ended on: 9
INFO 2026-08-21 08:03:57,271 judge_handler HaiNamPCT: Batch began on: 9
INFO 2026-08-21 08:03:57,423 judge_handler HaiNamPCT: 2 test case(s) completed on: 9
INFO 2026-08-21 08:03:57,522 judge_handler HaiNamPCT: 2 test case(s) completed on: 9
INFO 2026-08-21 08:03:57,532 judge_handler HaiNamPCT: Batch ended on: 9
INFO 2026-08-21 08:03:57,533 judge_handler HaiNamPCT: Grading has ended on: 9
INFO 2026-08-21 08:03:57,533 judge_list Judge available after grading 9: HaiNamPCT
INFO 2026-08-21 08:05:23,538 judge_list Free judges: 1
INFO 2026-08-21 08:05:23,538 judge_list Dispatched submission 10 to: HaiNamPCT
INFO 2026-08-21 08:05:23,544 judge_handler Submission acknowledged: 10
INFO 2026-08-21 08:05:24,317 judge_handler HaiNamPCT: Submission generated compiler messages: 10
INFO 2026-08-21 08:05:24,324 judge_handler HaiNamPCT: Grading has begun on: 10
INFO 2026-08-21 08:05:24,336 judge_handler HaiNamPCT: Batch began on: 10
INFO 2026-08-21 08:05:24,349 judge_handler HaiNamPCT: 3 test case(s) completed on: 10
INFO 2026-08-21 08:05:24,359 judge_handler HaiNamPCT: Batch ended on: 10
INFO 2026-08-21 08:05:24,359 judge_handler HaiNamPCT: Batch began on: 10
INFO 2026-08-21 08:05:24,379 judge_handler HaiNamPCT: 4 test case(s) completed on: 10
INFO 2026-08-21 08:05:24,388 judge_handler HaiNamPCT: Batch ended on: 10
INFO 2026-08-21 08:05:24,389 judge_handler HaiNamPCT: Batch began on: 10
INFO 2026-08-21 08:05:24,473 judge_handler HaiNamPCT: 1 test case(s) completed on: 10
INFO 2026-08-21 08:05:24,638 judge_handler HaiNamPCT: 3 test case(s) completed on: 10
INFO 2026-08-21 08:05:24,648 judge_handler HaiNamPCT: Batch ended on: 10
INFO 2026-08-21 08:05:24,648 judge_handler HaiNamPCT: Grading has ended on: 10
INFO 2026-08-21 08:05:24,648 judge_list Judge available after grading 10: HaiNamPCT
INFO 2026-08-21 08:08:15,503 judge_handler HaiNamPCT: Updated problem list
INFO 2026-08-21 08:08:18,504 judge_handler HaiNamPCT: Updated problem list
INFO 2026-08-21 08:09:02,775 judge_handler HaiNamPCT: Updated problem list
INFO 2026-08-21 08:09:05,776 judge_handler HaiNamPCT: Updated problem list
INFO 2026-08-21 08:09:36,020 judge_handler HaiNamPCT: Updated problem list
INFO 2026-08-21 08:09:39,021 judge_handler HaiNamPCT: Updated problem list
INFO 2026-08-21 08:10:01,563 judge_list Free judges: 1
INFO 2026-08-21 08:10:01,563 judge_list Dispatched submission 11 to: HaiNamPCT
INFO 2026-08-21 08:10:01,569 judge_handler Submission acknowledged: 11
INFO 2026-08-21 08:10:02,357 judge_handler HaiNamPCT: Submission generated compiler messages: 11
INFO 2026-08-21 08:10:02,363 judge_handler HaiNamPCT: Grading has begun on: 11
INFO 2026-08-21 08:10:02,372 judge_handler HaiNamPCT: Batch began on: 11
INFO 2026-08-21 08:10:02,385 judge_handler HaiNamPCT: 2 test case(s) completed on: 11
INFO 2026-08-21 08:10:02,396 judge_handler HaiNamPCT: 1 test case(s) completed on: 11
INFO 2026-08-21 08:10:02,404 judge_handler HaiNamPCT: Batch ended on: 11
INFO 2026-08-21 08:10:02,405 judge_handler HaiNamPCT: Batch began on: 11
INFO 2026-08-21 08:10:02,414 judge_handler HaiNamPCT: 2 test case(s) completed on: 11
INFO 2026-08-21 08:10:02,425 judge_handler HaiNamPCT: Batch ended on: 11
INFO 2026-08-21 08:10:02,426 judge_handler HaiNamPCT: Batch began on: 11
INFO 2026-08-21 08:10:02,542 judge_handler HaiNamPCT: 4 test case(s) completed on: 11
INFO 2026-08-21 08:10:02,555 judge_handler HaiNamPCT: Batch ended on: 11
INFO 2026-08-21 08:10:02,555 judge_handler HaiNamPCT: Grading has ended on: 11
INFO 2026-08-21 08:10:02,556 judge_list Judge available after grading 11: HaiNamPCT
INFO 2026-08-21 10:59:38,067 judge_handler HaiNamPCT: Updated problem list
INFO 2026-08-21 11:02:32,895 judge_handler HaiNamPCT: Updated problem list
INFO 2026-08-21 11:03:01,224 judge_list Free judges: 1
INFO 2026-08-21 11:03:01,225 judge_list Dispatched submission 12 to: HaiNamPCT
INFO 2026-08-21 11:03:01,230 judge_handler Submission acknowledged: 12
INFO 2026-08-21 11:03:02,039 judge_handler HaiNamPCT: Submission generated compiler messages: 12
INFO 2026-08-21 11:03:02,046 judge_handler HaiNamPCT: Grading has begun on: 12
INFO 2026-08-21 11:03:02,178 judge_handler HaiNamPCT: 20 test case(s) completed on: 12
INFO 2026-08-21 11:03:02,191 judge_handler HaiNamPCT: Grading has ended on: 12
INFO 2026-08-21 11:03:02,191 judge_list Judge available after grading 12: HaiNamPCT
INFO 2026-08-21 11:14:00,272 judge_handler HaiNamPCT: Updated problem list
INFO 2026-08-21 11:14:16,480 judge_handler HaiNamPCT: Updated problem list
INFO 2026-08-21 11:14:32,386 judge_list Free judges: 1
INFO 2026-08-21 11:14:32,386 judge_list Dispatched submission 13 to: HaiNamPCT
INFO 2026-08-21 11:14:32,392 judge_handler Submission acknowledged: 13
INFO 2026-08-21 11:14:32,966 judge_handler HaiNamPCT: Submission generated compiler messages: 13
INFO 2026-08-21 11:14:32,972 judge_handler HaiNamPCT: Grading has begun on: 13
INFO 2026-08-21 11:14:33,110 judge_handler HaiNamPCT: 20 test case(s) completed on: 13
INFO 2026-08-21 11:14:33,123 judge_handler HaiNamPCT: Grading has ended on: 13
INFO 2026-08-21 11:14:33,123 judge_list Judge available after grading 13: HaiNamPCT
INFO 2026-08-21 11:20:47,965 judge_handler HaiNamPCT: Updated problem list
INFO 2026-08-21 11:21:00,561 judge_handler HaiNamPCT: Updated problem list
INFO 2026-08-21 11:21:12,816 judge_list Free judges: 1
INFO 2026-08-21 11:21:12,816 judge_list Dispatched submission 14 to: HaiNamPCT
INFO 2026-08-21 11:21:12,821 judge_handler Submission acknowledged: 14
INFO 2026-08-21 11:21:13,413 judge_handler HaiNamPCT: Submission generated compiler messages: 14
INFO 2026-08-21 11:21:13,420 judge_handler HaiNamPCT: Grading has begun on: 14
INFO 2026-08-21 11:21:13,433 judge_handler HaiNamPCT: 1 test case(s) completed on: 14
INFO 2026-08-21 11:21:13,566 judge_handler HaiNamPCT: 19 test case(s) completed on: 14
INFO 2026-08-21 11:21:13,579 judge_handler HaiNamPCT: Grading has ended on: 14
INFO 2026-08-21 11:21:13,579 judge_list Judge available after grading 14: HaiNamPCT
INFO 2026-08-21 11:22:42,407 judge_list Free judges: 1
INFO 2026-08-21 11:22:42,407 judge_list Dispatched submission 15 to: HaiNamPCT
INFO 2026-08-21 11:22:42,412 judge_handler Submission acknowledged: 15
INFO 2026-08-21 11:22:42,694 judge_handler HaiNamPCT: Submission generated compiler messages: 15
INFO 2026-08-21 11:22:42,703 judge_handler HaiNamPCT: Grading has begun on: 15
INFO 2026-08-21 11:22:42,731 judge_handler HaiNamPCT: 3 test case(s) completed on: 15
INFO 2026-08-21 11:22:42,741 judge_handler HaiNamPCT: Grading has ended on: 15
INFO 2026-08-21 11:22:42,741 judge_list Judge available after grading 15: HaiNamPCT
INFO 2026-08-21 11:25:01,607 judge_list Free judges: 1
INFO 2026-08-21 11:25:01,607 judge_list Dispatched submission 16 to: HaiNamPCT
INFO 2026-08-21 11:25:01,613 judge_handler Submission acknowledged: 16
INFO 2026-08-21 11:25:01,893 judge_handler HaiNamPCT: Submission generated compiler messages: 16
INFO 2026-08-21 11:25:01,901 judge_handler HaiNamPCT: Grading has begun on: 16
INFO 2026-08-21 11:25:02,043 judge_handler HaiNamPCT: 20 test case(s) completed on: 16
INFO 2026-08-21 11:25:02,059 judge_handler HaiNamPCT: Grading has ended on: 16
INFO 2026-08-21 11:25:02,059 judge_list Judge available after grading 16: HaiNamPCT
INFO 2026-08-21 11:26:50,572 judge_handler HaiNamPCT: Updated problem list
INFO 2026-08-21 11:26:56,494 judge_handler HaiNamPCT: Updated problem list
INFO 2026-08-21 11:27:11,311 judge_list Free judges: 1
INFO 2026-08-21 11:27:11,311 judge_list Dispatched submission 17 to: HaiNamPCT
INFO 2026-08-21 11:27:11,317 judge_handler Submission acknowledged: 17
INFO 2026-08-21 11:27:11,915 judge_handler HaiNamPCT: Submission generated compiler messages: 17
INFO 2026-08-21 11:27:11,924 judge_handler HaiNamPCT: Grading has begun on: 17
INFO 2026-08-21 11:27:12,065 judge_handler HaiNamPCT: 20 test case(s) completed on: 17
INFO 2026-08-21 11:27:12,078 judge_handler HaiNamPCT: Grading has ended on: 17
INFO 2026-08-21 11:27:12,078 judge_list Judge available after grading 17: HaiNamPCT
INFO 2026-08-21 11:33:03,602 judge_list Free judges: 1
INFO 2026-08-21 11:33:03,602 judge_list Dispatched submission 18 to: HaiNamPCT
INFO 2026-08-21 11:33:03,609 judge_handler Submission acknowledged: 18
INFO 2026-08-21 11:33:03,889 judge_handler HaiNamPCT: Submission generated compiler messages: 18
INFO 2026-08-21 11:33:03,895 judge_handler HaiNamPCT: Grading has begun on: 18
INFO 2026-08-21 11:33:03,925 judge_handler HaiNamPCT: 3 test case(s) completed on: 18
INFO 2026-08-21 11:33:03,934 judge_handler HaiNamPCT: Grading has ended on: 18
INFO 2026-08-21 11:33:03,934 judge_list Judge available after grading 18: HaiNamPCT
INFO 2026-08-21 11:35:05,002 judge_list Free judges: 1
INFO 2026-08-21 11:35:05,002 judge_list Dispatched submission 19 to: HaiNamPCT
INFO 2026-08-21 11:35:05,007 judge_handler Submission acknowledged: 19
INFO 2026-08-21 11:35:05,100 judge_handler HaiNamPCT: Submission failed to compile: 19
INFO 2026-08-21 11:35:05,100 judge_list Judge available after grading 19: HaiNamPCT
INFO 2026-08-21 11:35:52,837 judge_list Free judges: 1
INFO 2026-08-21 11:35:52,838 judge_list Dispatched submission 20 to: HaiNamPCT
INFO 2026-08-21 11:35:52,843 judge_handler Submission acknowledged: 20
INFO 2026-08-21 11:35:53,144 judge_handler HaiNamPCT: Submission generated compiler messages: 20
INFO 2026-08-21 11:35:53,153 judge_handler HaiNamPCT: Grading has begun on: 20
INFO 2026-08-21 11:35:53,181 judge_handler HaiNamPCT: 3 test case(s) completed on: 20
INFO 2026-08-21 11:35:53,190 judge_handler HaiNamPCT: Grading has ended on: 20
INFO 2026-08-21 11:35:53,190 judge_list Judge available after grading 20: HaiNamPCT
INFO 2026-08-21 11:39:59,140 judge_list Free judges: 1
INFO 2026-08-21 11:39:59,141 judge_list Dispatched submission 21 to: HaiNamPCT
INFO 2026-08-21 11:39:59,146 judge_handler Submission acknowledged: 21
INFO 2026-08-21 11:39:59,427 judge_handler HaiNamPCT: Submission generated compiler messages: 21
INFO 2026-08-21 11:39:59,433 judge_handler HaiNamPCT: Grading has begun on: 21
INFO 2026-08-21 11:39:59,464 judge_handler HaiNamPCT: 3 test case(s) completed on: 21
INFO 2026-08-21 11:39:59,474 judge_handler HaiNamPCT: Grading has ended on: 21
INFO 2026-08-21 11:39:59,474 judge_list Judge available after grading 21: HaiNamPCT
INFO 2026-08-21 11:41:32,367 judge_list Free judges: 1
INFO 2026-08-21 11:41:32,367 judge_list Dispatched submission 22 to: HaiNamPCT
INFO 2026-08-21 11:41:32,373 judge_handler Submission acknowledged: 22
INFO 2026-08-21 11:41:32,659 judge_handler HaiNamPCT: Submission generated compiler messages: 22
INFO 2026-08-21 11:41:32,668 judge_handler HaiNamPCT: Grading has begun on: 22
INFO 2026-08-21 11:41:32,711 judge_handler HaiNamPCT: 3 test case(s) completed on: 22
INFO 2026-08-21 11:41:32,721 judge_handler HaiNamPCT: Grading has ended on: 22
INFO 2026-08-21 11:41:32,721 judge_list Judge available after grading 22: HaiNamPCT
INFO 2026-08-21 11:50:15,570 judge_list Free judges: 1
INFO 2026-08-21 11:50:15,571 judge_list Dispatched submission 23 to: HaiNamPCT
INFO 2026-08-21 11:50:15,576 judge_handler Submission acknowledged: 23
INFO 2026-08-21 11:50:15,855 judge_handler HaiNamPCT: Submission generated compiler messages: 23
INFO 2026-08-21 11:50:15,862 judge_handler HaiNamPCT: Grading has begun on: 23
INFO 2026-08-21 11:50:15,930 judge_handler HaiNamPCT: 9 test case(s) completed on: 23
INFO 2026-08-21 11:50:16,001 judge_handler HaiNamPCT: 11 test case(s) completed on: 23
INFO 2026-08-21 11:50:16,013 judge_handler HaiNamPCT: Grading has ended on: 23
INFO 2026-08-21 11:50:16,013 judge_list Judge available after grading 23: HaiNamPCT
INFO 2026-08-21 11:52:19,066 judge_list Free judges: 1
INFO 2026-08-21 11:52:19,067 judge_list Dispatched submission 24 to: HaiNamPCT
INFO 2026-08-21 11:52:19,072 judge_handler Submission acknowledged: 24
INFO 2026-08-21 11:52:19,356 judge_handler HaiNamPCT: Submission generated compiler messages: 24
INFO 2026-08-21 11:52:19,363 judge_handler HaiNamPCT: Grading has begun on: 24
INFO 2026-08-21 11:52:19,504 judge_handler HaiNamPCT: 20 test case(s) completed on: 24
INFO 2026-08-21 11:52:19,517 judge_handler HaiNamPCT: Grading has ended on: 24
INFO 2026-08-21 11:52:19,517 judge_list Judge available after grading 24: HaiNamPCT
INFO 2026-08-21 11:57:59,613 judge_handler HaiNamPCT: Updated problem list
INFO 2026-08-21 11:58:04,089 judge_handler HaiNamPCT: Updated problem list
INFO 2026-08-21 11:58:18,397 judge_list Free judges: 1
INFO 2026-08-21 11:58:18,398 judge_list Dispatched submission 25 to: HaiNamPCT
INFO 2026-08-21 11:58:18,402 judge_handler Submission acknowledged: 25
INFO 2026-08-21 11:58:18,974 judge_handler HaiNamPCT: Submission generated compiler messages: 25
INFO 2026-08-21 11:58:18,980 judge_handler HaiNamPCT: Grading has begun on: 25
INFO 2026-08-21 11:58:19,115 judge_handler HaiNamPCT: 20 test case(s) completed on: 25
INFO 2026-08-21 11:58:19,131 judge_handler HaiNamPCT: Grading has ended on: 25
INFO 2026-08-21 11:58:19,132 judge_list Judge available after grading 25: HaiNamPCT
INFO 2026-08-21 12:02:44,396 judge_list Free judges: 1
INFO 2026-08-21 12:02:44,396 judge_list Dispatched submission 26 to: HaiNamPCT
INFO 2026-08-21 12:02:44,401 judge_handler Submission acknowledged: 26
ERROR 2026-08-21 12:02:44,496 judge_handler Judge HaiNamPCT failed while handling submission 26
Traceback (most recent call last):
  File "/home/ubuntu/tmath/judge/bridge/judge_handler.py", line 604, in on_internal_error
    raise ValueError("\n\n" + packet["message"])
ValueError: 

Traceback (most recent call last):
  File "/judge/dmoj/judge.py", line 434, in _worker_process_main
    ipc_msg = next(case_gen)
  File "/judge/dmoj/judge.py", line 464, in _grade_cases
    problem = Problem(
        self.submission.problem_id,
    ...<3 lines>...
        storage_namespace=self.submission.storage_namespace,
    )
  File "/judge/dmoj/problem.py", line 93, in __init__
    if not self._resolve_test_cases():
           ~~~~~~~~~~~~~~~~~~~~~~~~^^
  File "/judge/dmoj/problem.py", line 193, in _resolve_test_cases
    self._problem_file_list(),
    ~~~~~~~~~~~~~~~~~~~~~~~^^
  File "/judge/dmoj/problem.py", line 176, in _problem_file_list
    raise InvalidInitException('can only use test case format specifiers if `archive` is set')
dmoj.config.InvalidInitException: can only use test case format specifiers if `archive` is set

INFO 2026-08-21 12:02:50,112 judge_list Judge available after grading 26: HaiNamPCT
INFO 2026-08-21 12:02:57,033 judge_handler HaiNamPCT: Updated problem list
INFO 2026-08-21 12:03:01,732 judge_handler HaiNamPCT: Updated problem list
INFO 2026-08-21 12:03:43,386 judge_list Free judges: 1
INFO 2026-08-21 12:03:43,386 judge_list Dispatched submission 27 to: HaiNamPCT
INFO 2026-08-21 12:03:43,392 judge_handler Submission acknowledged: 27
INFO 2026-08-21 12:03:43,956 judge_handler HaiNamPCT: Submission generated compiler messages: 27
INFO 2026-08-21 12:03:43,962 judge_handler HaiNamPCT: Grading has begun on: 27
INFO 2026-08-21 12:03:44,103 judge_handler HaiNamPCT: 20 test case(s) completed on: 27
INFO 2026-08-21 12:03:44,117 judge_handler HaiNamPCT: Grading has ended on: 27
INFO 2026-08-21 12:03:44,117 judge_list Judge available after grading 27: HaiNamPCT
INFO 2026-08-21 12:09:39,501 judge_handler HaiNamPCT: Updated problem list
INFO 2026-08-21 12:09:44,240 judge_handler HaiNamPCT: Updated problem list
INFO 2026-08-21 12:09:59,122 judge_list Free judges: 1
INFO 2026-08-21 12:09:59,123 judge_list Dispatched submission 28 to: HaiNamPCT
INFO 2026-08-21 12:09:59,128 judge_handler Submission acknowledged: 28
INFO 2026-08-21 12:09:59,699 judge_handler HaiNamPCT: Submission generated compiler messages: 28
INFO 2026-08-21 12:09:59,705 judge_handler HaiNamPCT: Grading has begun on: 28
INFO 2026-08-21 12:09:59,843 judge_handler HaiNamPCT: 20 test case(s) completed on: 28
INFO 2026-08-21 12:09:59,855 judge_handler HaiNamPCT: Grading has ended on: 28
INFO 2026-08-21 12:09:59,855 judge_list Judge available after grading 28: HaiNamPCT
INFO 2026-08-21 12:13:20,151 judge_list Free judges: 1
INFO 2026-08-21 12:13:20,151 judge_list Dispatched submission 28 to: HaiNamPCT
INFO 2026-08-21 12:13:20,157 judge_handler Submission acknowledged: 28
INFO 2026-08-21 12:13:20,746 judge_handler HaiNamPCT: Submission generated compiler messages: 28
INFO 2026-08-21 12:13:20,752 judge_handler HaiNamPCT: Grading has begun on: 28
INFO 2026-08-21 12:13:20,896 judge_handler HaiNamPCT: 20 test case(s) completed on: 28
INFO 2026-08-21 12:13:20,910 judge_handler HaiNamPCT: Grading has ended on: 28
INFO 2026-08-21 12:13:20,910 judge_list Judge available after grading 28: HaiNamPCT
INFO 2026-08-21 12:13:28,936 judge_list Free judges: 1
INFO 2026-08-21 12:13:28,936 judge_list Dispatched submission 28 to: HaiNamPCT
INFO 2026-08-21 12:13:28,941 judge_handler Submission acknowledged: 28
INFO 2026-08-21 12:13:29,511 judge_handler HaiNamPCT: Submission generated compiler messages: 28
INFO 2026-08-21 12:13:29,521 judge_handler HaiNamPCT: Grading has begun on: 28
INFO 2026-08-21 12:13:29,655 judge_handler HaiNamPCT: 20 test case(s) completed on: 28
INFO 2026-08-21 12:13:29,666 judge_handler HaiNamPCT: Grading has ended on: 28
INFO 2026-08-21 12:13:29,666 judge_list Judge available after grading 28: HaiNamPCT
INFO 2026-08-21 12:27:12,602 judge_handler HaiNamPCT: Updated problem list
INFO 2026-08-21 12:27:15,603 judge_handler HaiNamPCT: Updated problem list
INFO 2026-08-21 12:27:18,604 judge_handler HaiNamPCT: Updated problem list
INFO 2026-08-21 12:27:38,512 judge_list Free judges: 1
INFO 2026-08-21 12:27:38,512 judge_list Dispatched submission 29 to: HaiNamPCT
INFO 2026-08-21 12:27:38,517 judge_handler Submission acknowledged: 29
INFO 2026-08-21 12:27:39,305 judge_handler HaiNamPCT: Submission generated compiler messages: 29
INFO 2026-08-21 12:27:39,312 judge_handler HaiNamPCT: Grading has begun on: 29
INFO 2026-08-21 12:27:39,462 judge_handler HaiNamPCT: 20 test case(s) completed on: 29
INFO 2026-08-21 12:27:39,477 judge_handler HaiNamPCT: Grading has ended on: 29
INFO 2026-08-21 12:27:39,477 judge_list Judge available after grading 29: HaiNamPCT
INFO 2026-08-21 12:29:31,969 judge_list Specified judge HaiNamPCT is available
INFO 2026-08-21 12:29:31,970 judge_list Dispatched submission 30 to: HaiNamPCT
INFO 2026-08-21 12:29:31,975 judge_handler Submission acknowledged: 30
INFO 2026-08-21 12:29:32,251 judge_handler HaiNamPCT: Submission generated compiler messages: 30
INFO 2026-08-21 12:29:32,256 judge_handler HaiNamPCT: Grading has begun on: 30
INFO 2026-08-21 12:29:32,302 judge_handler HaiNamPCT: 3 test case(s) completed on: 30
INFO 2026-08-21 12:29:32,314 judge_handler HaiNamPCT: Grading has ended on: 30
INFO 2026-08-21 12:29:32,314 judge_list Judge available after grading 30: HaiNamPCT
INFO 2026-08-21 12:29:48,748 judge_list Free judges: 1
INFO 2026-08-21 12:29:48,748 judge_list Dispatched submission 31 to: HaiNamPCT
INFO 2026-08-21 12:29:48,753 judge_handler Submission acknowledged: 31
INFO 2026-08-21 12:29:49,548 judge_handler HaiNamPCT: Submission generated compiler messages: 31
INFO 2026-08-21 12:29:49,554 judge_handler HaiNamPCT: Grading has begun on: 31
INFO 2026-08-21 12:29:49,567 judge_handler HaiNamPCT: 1 test case(s) completed on: 31
INFO 2026-08-21 12:29:49,710 judge_handler HaiNamPCT: 19 test case(s) completed on: 31
INFO 2026-08-21 12:29:49,722 judge_handler HaiNamPCT: Grading has ended on: 31
INFO 2026-08-21 12:29:49,722 judge_list Judge available after grading 31: HaiNamPCT
INFO 2026-08-21 12:32:22,328 judge_list Free judges: 1
INFO 2026-08-21 12:32:22,328 judge_list Dispatched submission 32 to: HaiNamPCT
INFO 2026-08-21 12:32:22,333 judge_handler Submission acknowledged: 32
INFO 2026-08-21 12:32:22,602 judge_handler HaiNamPCT: Submission generated compiler messages: 32
INFO 2026-08-21 12:32:22,611 judge_handler HaiNamPCT: Grading has begun on: 32
INFO 2026-08-21 12:32:22,662 judge_handler HaiNamPCT: 7 test case(s) completed on: 32
INFO 2026-08-21 12:32:22,764 judge_handler HaiNamPCT: 13 test case(s) completed on: 32
INFO 2026-08-21 12:32:22,775 judge_handler HaiNamPCT: Grading has ended on: 32
INFO 2026-08-21 12:32:22,775 judge_list Judge available after grading 32: HaiNamPCT
INFO 2026-08-21 12:33:13,642 judge_list Free judges: 1
INFO 2026-08-21 12:33:13,642 judge_list Dispatched submission 33 to: HaiNamPCT
INFO 2026-08-21 12:33:13,648 judge_handler Submission acknowledged: 33
INFO 2026-08-21 12:33:13,930 judge_handler HaiNamPCT: Submission generated compiler messages: 33
INFO 2026-08-21 12:33:13,936 judge_handler HaiNamPCT: Grading has begun on: 33
INFO 2026-08-21 12:33:14,071 judge_handler HaiNamPCT: 20 test case(s) completed on: 33
INFO 2026-08-21 12:33:14,084 judge_handler HaiNamPCT: Grading has ended on: 33
INFO 2026-08-21 12:33:14,084 judge_list Judge available after grading 33: HaiNamPCT
INFO 2026-08-21 12:34:30,456 judge_list Free judges: 1
INFO 2026-08-21 12:34:30,456 judge_list Dispatched submission 34 to: HaiNamPCT
INFO 2026-08-21 12:34:30,461 judge_handler Submission acknowledged: 34
INFO 2026-08-21 12:34:30,728 judge_handler HaiNamPCT: Submission generated compiler messages: 34
INFO 2026-08-21 12:34:30,736 judge_handler HaiNamPCT: Grading has begun on: 34
INFO 2026-08-21 12:34:30,865 judge_handler HaiNamPCT: 20 test case(s) completed on: 34
INFO 2026-08-21 12:34:30,875 judge_handler HaiNamPCT: Grading has ended on: 34
INFO 2026-08-21 12:34:30,875 judge_list Judge available after grading 34: HaiNamPCT
INFO 2026-08-21 12:39:07,246 judge_list Free judges: 1
INFO 2026-08-21 12:39:07,246 judge_list Dispatched submission 35 to: HaiNamPCT
INFO 2026-08-21 12:39:07,252 judge_handler Submission acknowledged: 35
INFO 2026-08-21 12:39:07,530 judge_handler HaiNamPCT: Submission generated compiler messages: 35
INFO 2026-08-21 12:39:07,536 judge_handler HaiNamPCT: Grading has begun on: 35
INFO 2026-08-21 12:39:07,653 judge_handler HaiNamPCT: 17 test case(s) completed on: 35
INFO 2026-08-21 12:39:07,676 judge_handler HaiNamPCT: 3 test case(s) completed on: 35
INFO 2026-08-21 12:39:07,686 judge_handler HaiNamPCT: Grading has ended on: 35
INFO 2026-08-21 12:39:07,686 judge_list Judge available after grading 35: HaiNamPCT
INFO 2026-08-21 12:40:44,106 judge_list Free judges: 1
INFO 2026-08-21 12:40:44,107 judge_list Dispatched submission 36 to: HaiNamPCT
INFO 2026-08-21 12:40:44,112 judge_handler Submission acknowledged: 36
INFO 2026-08-21 12:40:44,387 judge_handler HaiNamPCT: Submission generated compiler messages: 36
INFO 2026-08-21 12:40:44,397 judge_handler HaiNamPCT: Grading has begun on: 36
INFO 2026-08-21 12:40:44,461 judge_handler HaiNamPCT: 9 test case(s) completed on: 36
INFO 2026-08-21 12:40:44,539 judge_handler HaiNamPCT: 11 test case(s) completed on: 36
INFO 2026-08-21 12:40:44,552 judge_handler HaiNamPCT: Grading has ended on: 36
INFO 2026-08-21 12:40:44,552 judge_list Judge available after grading 36: HaiNamPCT
INFO 2026-08-21 12:42:43,486 judge_list Free judges: 1
INFO 2026-08-21 12:42:43,486 judge_list Dispatched submission 37 to: HaiNamPCT
INFO 2026-08-21 12:42:43,491 judge_handler Submission acknowledged: 37
INFO 2026-08-21 12:42:43,760 judge_handler HaiNamPCT: Submission generated compiler messages: 37
INFO 2026-08-21 12:42:43,767 judge_handler HaiNamPCT: Grading has begun on: 37
INFO 2026-08-21 12:42:43,783 judge_handler HaiNamPCT: 2 test case(s) completed on: 37
INFO 2026-08-21 12:42:43,917 judge_handler HaiNamPCT: 18 test case(s) completed on: 37
INFO 2026-08-21 12:42:43,929 judge_handler HaiNamPCT: Grading has ended on: 37
INFO 2026-08-21 12:42:43,929 judge_list Judge available after grading 37: HaiNamPCT
INFO 2026-08-21 12:57:52,831 judge_handler HaiNamPCT: Updated problem list
INFO 2026-08-21 12:58:12,279 judge_handler HaiNamPCT: Updated problem list
INFO 2026-08-21 12:58:54,135 judge_list Specified judge HaiNamPCT is available
INFO 2026-08-21 12:58:54,135 judge_list Dispatched submission 38 to: HaiNamPCT
INFO 2026-08-21 12:58:54,140 judge_handler Submission acknowledged: 38
INFO 2026-08-21 12:58:54,415 judge_handler HaiNamPCT: Submission generated compiler messages: 38
INFO 2026-08-21 12:58:54,427 judge_handler HaiNamPCT: Grading has begun on: 38
INFO 2026-08-21 12:58:54,436 judge_handler HaiNamPCT: 1 test case(s) completed on: 38
INFO 2026-08-21 12:58:54,443 judge_handler HaiNamPCT: Grading has ended on: 38
INFO 2026-08-21 12:58:54,444 judge_list Judge available after grading 38: HaiNamPCT
INFO 2026-08-21 13:01:02,612 judge_list Specified judge HaiNamPCT is available
INFO 2026-08-21 13:01:02,613 judge_list Dispatched submission 39 to: HaiNamPCT
INFO 2026-08-21 13:01:02,618 judge_handler Submission acknowledged: 39
INFO 2026-08-21 13:01:02,889 judge_handler HaiNamPCT: Submission generated compiler messages: 39
INFO 2026-08-21 13:01:02,897 judge_handler HaiNamPCT: Grading has begun on: 39
INFO 2026-08-21 13:01:03,041 judge_handler HaiNamPCT: 1 test case(s) completed on: 39
INFO 2026-08-21 13:01:03,050 judge_handler HaiNamPCT: Grading has ended on: 39
INFO 2026-08-21 13:01:03,050 judge_list Judge available after grading 39: HaiNamPCT
INFO 2026-08-21 13:01:10,506 judge_list Free judges: 1
INFO 2026-08-21 13:01:10,506 judge_list Dispatched submission 39 to: HaiNamPCT
INFO 2026-08-21 13:01:10,512 judge_handler Submission acknowledged: 39
INFO 2026-08-21 13:01:10,785 judge_handler HaiNamPCT: Submission generated compiler messages: 39
INFO 2026-08-21 13:01:10,794 judge_handler HaiNamPCT: Grading has begun on: 39
INFO 2026-08-21 13:01:10,917 judge_handler HaiNamPCT: 1 test case(s) completed on: 39
INFO 2026-08-21 13:01:10,926 judge_handler HaiNamPCT: Grading has ended on: 39
INFO 2026-08-21 13:01:10,927 judge_list Judge available after grading 39: HaiNamPCT
INFO 2026-08-21 13:01:44,545 judge_list Specified judge HaiNamPCT is available
INFO 2026-08-21 13:01:44,545 judge_list Dispatched submission 40 to: HaiNamPCT
INFO 2026-08-21 13:01:44,550 judge_handler Submission acknowledged: 40
INFO 2026-08-21 13:01:44,828 judge_handler HaiNamPCT: Submission generated compiler messages: 40
INFO 2026-08-21 13:01:44,841 judge_handler HaiNamPCT: Grading has begun on: 40
INFO 2026-08-21 13:01:44,848 judge_handler HaiNamPCT: 1 test case(s) completed on: 40
INFO 2026-08-21 13:01:44,855 judge_handler HaiNamPCT: Grading has ended on: 40
INFO 2026-08-21 13:01:44,855 judge_list Judge available after grading 40: HaiNamPCT
INFO 2026-08-21 13:02:16,239 judge_list Free judges: 1
INFO 2026-08-21 13:02:16,239 judge_list Dispatched submission 41 to: HaiNamPCT
INFO 2026-08-21 13:02:16,245 judge_handler Submission acknowledged: 41
INFO 2026-08-21 13:02:16,527 judge_handler HaiNamPCT: Submission generated compiler messages: 41
INFO 2026-08-21 13:02:16,538 judge_handler HaiNamPCT: Grading has begun on: 41
INFO 2026-08-21 13:02:16,547 judge_handler HaiNamPCT: 1 test case(s) completed on: 41
INFO 2026-08-21 13:02:16,556 judge_handler HaiNamPCT: Grading has ended on: 41
INFO 2026-08-21 13:02:16,556 judge_list Judge available after grading 41: HaiNamPCT
INFO 2026-08-21 13:03:49,123 judge_handler HaiNamPCT: Updated problem list
INFO 2026-08-21 13:03:53,447 judge_handler HaiNamPCT: Updated problem list
INFO 2026-08-21 13:04:05,833 judge_list Free judges: 1
INFO 2026-08-21 13:04:05,833 judge_list Dispatched submission 42 to: HaiNamPCT
INFO 2026-08-21 13:04:05,838 judge_handler Submission acknowledged: 42
INFO 2026-08-21 13:04:06,450 judge_handler HaiNamPCT: Submission generated compiler messages: 42
INFO 2026-08-21 13:04:06,456 judge_handler HaiNamPCT: Grading has begun on: 42
INFO 2026-08-21 13:04:06,548 judge_handler HaiNamPCT: 10 test case(s) completed on: 42
INFO 2026-08-21 13:04:06,639 judge_handler HaiNamPCT: 10 test case(s) completed on: 42
INFO 2026-08-21 13:04:06,653 judge_handler HaiNamPCT: Grading has ended on: 42
INFO 2026-08-21 13:04:06,653 judge_list Judge available after grading 42: HaiNamPCT
INFO 2026-08-21 13:06:25,670 judge_list Free judges: 1
INFO 2026-08-21 13:06:25,670 judge_list Dispatched submission 43 to: HaiNamPCT
INFO 2026-08-21 13:06:25,676 judge_handler Submission acknowledged: 43
INFO 2026-08-21 13:06:26,347 judge_handler HaiNamPCT: Submission generated compiler messages: 43
INFO 2026-08-21 13:06:26,353 judge_handler HaiNamPCT: Grading has begun on: 43
INFO 2026-08-21 13:06:26,463 judge_handler HaiNamPCT: 1 test case(s) completed on: 43
INFO 2026-08-21 13:06:26,474 judge_handler HaiNamPCT: Grading has ended on: 43
INFO 2026-08-21 13:06:26,474 judge_list Judge available after grading 43: HaiNamPCT
INFO 2026-08-21 13:06:42,638 judge_list Free judges: 1
INFO 2026-08-21 13:06:42,638 judge_list Dispatched submission 44 to: HaiNamPCT
INFO 2026-08-21 13:06:42,644 judge_handler Submission acknowledged: 44
INFO 2026-08-21 13:06:42,997 judge_handler HaiNamPCT: Submission generated compiler messages: 44
INFO 2026-08-21 13:06:43,003 judge_handler HaiNamPCT: Grading has begun on: 44
INFO 2026-08-21 13:06:43,142 judge_handler HaiNamPCT: 17 test case(s) completed on: 44
INFO 2026-08-21 13:06:43,161 judge_handler HaiNamPCT: 3 test case(s) completed on: 44
INFO 2026-08-21 13:06:43,168 judge_handler HaiNamPCT: Grading has ended on: 44
INFO 2026-08-21 13:06:43,169 judge_list Judge available after grading 44: HaiNamPCT
INFO 2026-08-21 13:08:26,974 judge_list Free judges: 1
INFO 2026-08-21 13:08:26,974 judge_list Dispatched submission 45 to: HaiNamPCT
INFO 2026-08-21 13:08:26,980 judge_handler Submission acknowledged: 45
INFO 2026-08-21 13:08:27,660 judge_handler HaiNamPCT: Submission generated compiler messages: 45
INFO 2026-08-21 13:08:27,666 judge_handler HaiNamPCT: Grading has begun on: 45
INFO 2026-08-21 13:08:27,676 judge_handler HaiNamPCT: 1 test case(s) completed on: 45
INFO 2026-08-21 13:08:27,683 judge_handler HaiNamPCT: Grading has ended on: 45
INFO 2026-08-21 13:08:27,683 judge_list Judge available after grading 45: HaiNamPCT
INFO 2026-08-21 13:08:39,666 judge_list Free judges: 1
INFO 2026-08-21 13:08:39,667 judge_list Dispatched submission 46 to: HaiNamPCT
INFO 2026-08-21 13:08:39,672 judge_handler Submission acknowledged: 46
INFO 2026-08-21 13:08:40,033 judge_handler HaiNamPCT: Submission generated compiler messages: 46
INFO 2026-08-21 13:08:40,038 judge_handler HaiNamPCT: Grading has begun on: 46
INFO 2026-08-21 13:08:40,194 judge_handler HaiNamPCT: 20 test case(s) completed on: 46
INFO 2026-08-21 13:08:40,207 judge_handler HaiNamPCT: Grading has ended on: 46
INFO 2026-08-21 13:08:40,207 judge_list Judge available after grading 46: HaiNamPCT
INFO 2026-08-21 13:09:57,594 judge_handler HaiNamPCT: Updated problem list
INFO 2026-08-21 13:09:59,961 judge_list Free judges: 1
INFO 2026-08-21 13:09:59,961 judge_list Dispatched submission 47 to: HaiNamPCT
INFO 2026-08-21 13:09:59,966 judge_handler Submission acknowledged: 47
INFO 2026-08-21 13:10:00,332 judge_handler HaiNamPCT: Submission generated compiler messages: 47
INFO 2026-08-21 13:10:00,339 judge_handler HaiNamPCT: Grading has begun on: 47
INFO 2026-08-21 13:10:00,498 judge_handler HaiNamPCT: 20 test case(s) completed on: 47
INFO 2026-08-21 13:10:00,511 judge_handler HaiNamPCT: Grading has ended on: 47
INFO 2026-08-21 13:10:00,512 judge_list Judge available after grading 47: HaiNamPCT
INFO 2026-08-21 13:10:00,595 judge_handler HaiNamPCT: Updated problem list
INFO 2026-08-21 13:10:24,483 judge_handler HaiNamPCT: Updated problem list
INFO 2026-08-21 13:10:47,630 judge_list Free judges: 1
INFO 2026-08-21 13:10:47,630 judge_list Dispatched submission 48 to: HaiNamPCT
INFO 2026-08-21 13:10:47,635 judge_handler Submission acknowledged: 48
INFO 2026-08-21 13:10:47,998 judge_handler HaiNamPCT: Submission generated compiler messages: 48
INFO 2026-08-21 13:10:48,004 judge_handler HaiNamPCT: Grading has begun on: 48
INFO 2026-08-21 13:10:48,034 judge_handler HaiNamPCT: 1 test case(s) completed on: 48
INFO 2026-08-21 13:10:48,284 judge_handler HaiNamPCT: 12 test case(s) completed on: 48
INFO 2026-08-21 13:10:48,408 judge_handler HaiNamPCT: 7 test case(s) completed on: 48
INFO 2026-08-21 13:10:48,418 judge_handler HaiNamPCT: Grading has ended on: 48
INFO 2026-08-21 13:10:48,419 judge_list Judge available after grading 48: HaiNamPCT
INFO 2026-08-21 13:10:55,768 judge_list Free judges: 1
INFO 2026-08-21 13:10:55,768 judge_list Dispatched submission 49 to: HaiNamPCT
INFO 2026-08-21 13:10:55,773 judge_handler Submission acknowledged: 49
INFO 2026-08-21 13:10:56,442 judge_handler HaiNamPCT: Submission generated compiler messages: 49
INFO 2026-08-21 13:10:56,448 judge_handler HaiNamPCT: Grading has begun on: 49
INFO 2026-08-21 13:10:56,540 judge_handler HaiNamPCT: 13 test case(s) completed on: 49
INFO 2026-08-21 13:10:56,585 judge_handler HaiNamPCT: 7 test case(s) completed on: 49
INFO 2026-08-21 13:10:56,595 judge_handler HaiNamPCT: Grading has ended on: 49
INFO 2026-08-21 13:10:56,595 judge_list Judge available after grading 49: HaiNamPCT
INFO 2026-08-21 13:12:46,035 judge_handler HaiNamPCT: Updated problem list
INFO 2026-08-21 13:12:49,035 judge_handler HaiNamPCT: Updated problem list
INFO 2026-08-21 13:13:02,743 judge_list Free judges: 1
INFO 2026-08-21 13:13:02,743 judge_list Dispatched submission 50 to: HaiNamPCT
INFO 2026-08-21 13:13:02,749 judge_handler Submission acknowledged: 50
INFO 2026-08-21 13:13:03,125 judge_handler HaiNamPCT: Submission generated compiler messages: 50
INFO 2026-08-21 13:13:03,131 judge_handler HaiNamPCT: Grading has begun on: 50
INFO 2026-08-21 13:13:03,366 judge_handler HaiNamPCT: 11 test case(s) completed on: 50
INFO 2026-08-21 13:13:03,548 judge_handler HaiNamPCT: 9 test case(s) completed on: 50
INFO 2026-08-21 13:13:03,560 judge_handler HaiNamPCT: Grading has ended on: 50
INFO 2026-08-21 13:13:03,560 judge_list Judge available after grading 50: HaiNamPCT
INFO 2026-08-21 13:13:12,178 judge_list Free judges: 1
INFO 2026-08-21 13:13:12,178 judge_list Dispatched submission 51 to: HaiNamPCT
INFO 2026-08-21 13:13:12,184 judge_handler Submission acknowledged: 51
INFO 2026-08-21 13:13:12,864 judge_handler HaiNamPCT: Submission generated compiler messages: 51
INFO 2026-08-21 13:13:12,870 judge_handler HaiNamPCT: Grading has begun on: 51
INFO 2026-08-21 13:13:12,995 judge_handler HaiNamPCT: 17 test case(s) completed on: 51
INFO 2026-08-21 13:13:13,008 judge_handler HaiNamPCT: Grading has ended on: 51
INFO 2026-08-21 13:13:13,008 judge_list Judge available after grading 51: HaiNamPCT
INFO 2026-08-21 13:14:17,049 judge_list Free judges: 1
INFO 2026-08-21 13:14:17,049 judge_list Dispatched submission 52 to: HaiNamPCT
INFO 2026-08-21 13:14:17,055 judge_handler Submission acknowledged: 52
INFO 2026-08-21 13:14:17,425 judge_handler HaiNamPCT: Submission generated compiler messages: 52
INFO 2026-08-21 13:14:17,431 judge_handler HaiNamPCT: Grading has begun on: 52
INFO 2026-08-21 13:14:17,584 judge_handler HaiNamPCT: 20 test case(s) completed on: 52
INFO 2026-08-21 13:14:17,596 judge_handler HaiNamPCT: Grading has ended on: 52
INFO 2026-08-21 13:14:17,597 judge_list Judge available after grading 52: HaiNamPCT
INFO 2026-08-21 13:16:03,417 judge_list Free judges: 1
INFO 2026-08-21 13:16:03,417 judge_list Dispatched submission 53 to: HaiNamPCT
INFO 2026-08-21 13:16:03,423 judge_handler Submission acknowledged: 53
INFO 2026-08-21 13:16:03,789 judge_handler HaiNamPCT: Submission generated compiler messages: 53
INFO 2026-08-21 13:16:03,798 judge_handler HaiNamPCT: Grading has begun on: 53
INFO 2026-08-21 13:16:03,971 judge_handler HaiNamPCT: 20 test case(s) completed on: 53
INFO 2026-08-21 13:16:03,983 judge_handler HaiNamPCT: Grading has ended on: 53
INFO 2026-08-21 13:16:03,983 judge_list Judge available after grading 53: HaiNamPCT
INFO 2026-08-21 13:19:12,715 judge_handler HaiNamPCT: Updated problem list
INFO 2026-08-21 13:19:15,715 judge_handler HaiNamPCT: Updated problem list
INFO 2026-08-21 13:21:14,646 judge_list Free judges: 1
INFO 2026-08-21 13:21:14,646 judge_list Dispatched submission 53 to: HaiNamPCT
INFO 2026-08-21 13:21:14,651 judge_handler Submission acknowledged: 53
INFO 2026-08-21 13:21:14,997 judge_handler HaiNamPCT: Submission generated compiler messages: 53
INFO 2026-08-21 13:21:15,003 judge_handler HaiNamPCT: Grading has begun on: 53
INFO 2026-08-21 13:21:15,136 judge_handler HaiNamPCT: 16 test case(s) completed on: 53
INFO 2026-08-21 13:21:15,148 judge_handler HaiNamPCT: Grading has ended on: 53
INFO 2026-08-21 13:21:15,148 judge_list Judge available after grading 53: HaiNamPCT
INFO 2026-08-21 13:21:18,730 judge_list Free judges: 1
INFO 2026-08-21 13:21:18,730 judge_list Dispatched submission 53 to: HaiNamPCT
INFO 2026-08-21 13:21:18,736 judge_handler Submission acknowledged: 53
INFO 2026-08-21 13:21:19,082 judge_handler HaiNamPCT: Submission generated compiler messages: 53
INFO 2026-08-21 13:21:19,090 judge_handler HaiNamPCT: Grading has begun on: 53
INFO 2026-08-21 13:21:19,158 judge_handler HaiNamPCT: 7 test case(s) completed on: 53
INFO 2026-08-21 13:21:19,229 judge_handler HaiNamPCT: 9 test case(s) completed on: 53
INFO 2026-08-21 13:21:19,240 judge_handler HaiNamPCT: Grading has ended on: 53
INFO 2026-08-21 13:21:19,240 judge_list Judge available after grading 53: HaiNamPCT
INFO 2026-08-21 13:23:06,210 judge_list Free judges: 1
INFO 2026-08-21 13:23:06,211 judge_list Dispatched submission 52 to: HaiNamPCT
INFO 2026-08-21 13:23:06,216 judge_handler Submission acknowledged: 52
INFO 2026-08-21 13:23:06,573 judge_handler HaiNamPCT: Submission generated compiler messages: 52
INFO 2026-08-21 13:23:06,580 judge_handler HaiNamPCT: Grading has begun on: 52
INFO 2026-08-21 13:23:06,694 judge_handler HaiNamPCT: 16 test case(s) completed on: 52
INFO 2026-08-21 13:23:06,706 judge_handler HaiNamPCT: Grading has ended on: 52
INFO 2026-08-21 13:23:06,706 judge_list Judge available after grading 52: HaiNamPCT
INFO 2026-08-21 13:23:19,163 judge_list Free judges: 1
INFO 2026-08-21 13:23:19,163 judge_list Dispatched submission 50 to: HaiNamPCT
INFO 2026-08-21 13:23:19,169 judge_handler Submission acknowledged: 50
INFO 2026-08-21 13:23:19,522 judge_handler HaiNamPCT: Submission generated compiler messages: 50
INFO 2026-08-21 13:23:19,528 judge_handler HaiNamPCT: Grading has begun on: 50
INFO 2026-08-21 13:23:19,732 judge_handler HaiNamPCT: 10 test case(s) completed on: 50
INFO 2026-08-21 13:23:19,849 judge_handler HaiNamPCT: 6 test case(s) completed on: 50
INFO 2026-08-21 13:23:19,858 judge_handler HaiNamPCT: Grading has ended on: 50
INFO 2026-08-21 13:23:19,859 judge_list Judge available after grading 50: HaiNamPCT
INFO 2026-08-21 13:25:13,595 judge_list Free judges: 1
INFO 2026-08-21 13:25:13,596 judge_list Dispatched submission 54 to: HaiNamPCT
INFO 2026-08-21 13:25:13,602 judge_handler Submission acknowledged: 54
INFO 2026-08-21 13:25:13,893 judge_handler HaiNamPCT: Submission generated compiler messages: 54
INFO 2026-08-21 13:25:13,900 judge_handler HaiNamPCT: Grading has begun on: 54
INFO 2026-08-21 13:25:14,052 judge_handler HaiNamPCT: 9 test case(s) completed on: 54
INFO 2026-08-21 13:25:14,302 judge_handler HaiNamPCT: 3 test case(s) completed on: 54
INFO 2026-08-21 13:25:14,392 judge_handler HaiNamPCT: 8 test case(s) completed on: 54
INFO 2026-08-21 13:25:14,404 judge_handler HaiNamPCT: Grading has ended on: 54
INFO 2026-08-21 13:25:14,404 judge_list Judge available after grading 54: HaiNamPCT
INFO 2026-08-21 13:25:57,549 judge_list Free judges: 1
INFO 2026-08-21 13:25:57,549 judge_list Dispatched submission 55 to: HaiNamPCT
INFO 2026-08-21 13:25:57,554 judge_handler Submission acknowledged: 55
INFO 2026-08-21 13:25:57,848 judge_handler HaiNamPCT: Submission generated compiler messages: 55
INFO 2026-08-21 13:25:57,856 judge_handler HaiNamPCT: Grading has begun on: 55
INFO 2026-08-21 13:25:58,063 judge_handler HaiNamPCT: 20 test case(s) completed on: 55
INFO 2026-08-21 13:25:58,076 judge_handler HaiNamPCT: Grading has ended on: 55
INFO 2026-08-21 13:25:58,076 judge_list Judge available after grading 55: HaiNamPCT
INFO 2026-08-21 13:28:20,516 judge_list Free judges: 1
INFO 2026-08-21 13:28:20,516 judge_list Dispatched submission 56 to: HaiNamPCT
INFO 2026-08-21 13:28:20,521 judge_handler Submission acknowledged: 56
INFO 2026-08-21 13:28:20,810 judge_handler HaiNamPCT: Submission generated compiler messages: 56
INFO 2026-08-21 13:28:20,817 judge_handler HaiNamPCT: Grading has begun on: 56
INFO 2026-08-21 13:28:20,914 judge_handler HaiNamPCT: 13 test case(s) completed on: 56
INFO 2026-08-21 13:28:20,962 judge_handler HaiNamPCT: 7 test case(s) completed on: 56
INFO 2026-08-21 13:28:20,973 judge_handler HaiNamPCT: Grading has ended on: 56
INFO 2026-08-21 13:28:20,973 judge_list Judge available after grading 56: HaiNamPCT
INFO 2026-08-21 13:30:43,439 judge_handler HaiNamPCT: Updated problem list
INFO 2026-08-21 13:30:56,078 judge_handler HaiNamPCT: Updated problem list
INFO 2026-08-21 13:32:00,579 judge_list Specified judge HaiNamPCT is available
INFO 2026-08-21 13:32:00,579 judge_list Dispatched submission 57 to: HaiNamPCT
INFO 2026-08-21 13:32:00,585 judge_handler Submission acknowledged: 57
INFO 2026-08-21 13:32:01,208 judge_handler HaiNamPCT: Submission generated compiler messages: 57
INFO 2026-08-21 13:32:01,214 judge_handler HaiNamPCT: Grading has begun on: 57
INFO 2026-08-21 13:32:01,542 judge_handler HaiNamPCT: 2 test case(s) completed on: 57
INFO 2026-08-21 13:32:01,792 judge_handler HaiNamPCT: 3 test case(s) completed on: 57
INFO 2026-08-21 13:32:02,042 judge_handler HaiNamPCT: 2 test case(s) completed on: 57
INFO 2026-08-21 13:32:02,293 judge_handler HaiNamPCT: 2 test case(s) completed on: 57
INFO 2026-08-21 13:32:02,543 judge_handler HaiNamPCT: 2 test case(s) completed on: 57
INFO 2026-08-21 13:32:02,793 judge_handler HaiNamPCT: 2 test case(s) completed on: 57
INFO 2026-08-21 13:32:03,044 judge_handler HaiNamPCT: 3 test case(s) completed on: 57
INFO 2026-08-21 13:32:03,294 judge_handler HaiNamPCT: 2 test case(s) completed on: 57
INFO 2026-08-21 13:32:03,482 judge_handler HaiNamPCT: 2 test case(s) completed on: 57
INFO 2026-08-21 13:32:03,492 judge_handler HaiNamPCT: Grading has ended on: 57
INFO 2026-08-21 13:32:03,492 judge_list Judge available after grading 57: HaiNamPCT
INFO 2026-08-21 13:32:49,228 judge_list Free judges: 1
INFO 2026-08-21 13:32:49,228 judge_list Dispatched submission 58 to: HaiNamPCT
INFO 2026-08-21 13:32:49,234 judge_handler Submission acknowledged: 58
INFO 2026-08-21 13:32:49,514 judge_handler HaiNamPCT: Submission generated compiler messages: 58
INFO 2026-08-21 13:32:49,521 judge_handler HaiNamPCT: Grading has begun on: 58
INFO 2026-08-21 13:32:49,573 judge_handler HaiNamPCT: 5 test case(s) completed on: 58
INFO 2026-08-21 13:32:49,656 judge_handler HaiNamPCT: 12 test case(s) completed on: 58
INFO 2026-08-21 13:32:49,669 judge_handler HaiNamPCT: Grading has ended on: 58
INFO 2026-08-21 13:32:49,669 judge_list Judge available after grading 58: HaiNamPCT
INFO 2026-08-21 13:36:27,700 judge_list Free judges: 1
INFO 2026-08-21 13:36:27,700 judge_list Dispatched submission 57 to: HaiNamPCT
INFO 2026-08-21 13:36:27,706 judge_handler Submission acknowledged: 57
INFO 2026-08-21 13:36:28,315 judge_handler HaiNamPCT: Submission generated compiler messages: 57
INFO 2026-08-21 13:36:28,324 judge_handler HaiNamPCT: Grading has begun on: 57
INFO 2026-08-21 13:36:28,451 judge_handler HaiNamPCT: 18 test case(s) completed on: 57
INFO 2026-08-21 13:36:28,466 judge_handler HaiNamPCT: 2 test case(s) completed on: 57
INFO 2026-08-21 13:36:28,474 judge_handler HaiNamPCT: Grading has ended on: 57
INFO 2026-08-21 13:36:28,474 judge_list Judge available after grading 57: HaiNamPCT
INFO 2026-08-21 13:36:40,511 judge_list Free judges: 1
INFO 2026-08-21 13:36:40,511 judge_list Dispatched submission 57 to: HaiNamPCT
INFO 2026-08-21 13:36:40,517 judge_handler Submission acknowledged: 57
INFO 2026-08-21 13:36:41,136 judge_handler HaiNamPCT: Submission generated compiler messages: 57
INFO 2026-08-21 13:36:41,144 judge_handler HaiNamPCT: Grading has begun on: 57
INFO 2026-08-21 13:36:41,208 judge_handler HaiNamPCT: 9 test case(s) completed on: 57
INFO 2026-08-21 13:36:41,284 judge_handler HaiNamPCT: 11 test case(s) completed on: 57
INFO 2026-08-21 13:36:41,297 judge_handler HaiNamPCT: Grading has ended on: 57
INFO 2026-08-21 13:36:41,297 judge_list Judge available after grading 57: HaiNamPCT
INFO 2026-08-21 13:37:19,892 judge_list Free judges: 1
INFO 2026-08-21 13:37:19,892 judge_list Dispatched submission 59 to: HaiNamPCT
INFO 2026-08-21 13:37:19,897 judge_handler Submission acknowledged: 59
INFO 2026-08-21 13:37:20,731 judge_handler HaiNamPCT: Submission generated compiler messages: 59
INFO 2026-08-21 13:37:20,737 judge_handler HaiNamPCT: Grading has begun on: 59
INFO 2026-08-21 13:37:20,871 judge_handler HaiNamPCT: 20 test case(s) completed on: 59
INFO 2026-08-21 13:37:20,884 judge_handler HaiNamPCT: Grading has ended on: 59
INFO 2026-08-21 13:37:20,884 judge_list Judge available after grading 59: HaiNamPCT
INFO 2026-08-21 13:39:36,110 judge_list Free judges: 1
INFO 2026-08-21 13:39:36,111 judge_list Dispatched submission 57 to: HaiNamPCT
INFO 2026-08-21 13:39:36,116 judge_handler Submission acknowledged: 57
INFO 2026-08-21 13:39:36,728 judge_handler HaiNamPCT: Submission generated compiler messages: 57
INFO 2026-08-21 13:39:36,735 judge_handler HaiNamPCT: Grading has begun on: 57
INFO 2026-08-21 13:39:36,815 judge_handler HaiNamPCT: 11 test case(s) completed on: 57
INFO 2026-08-21 13:39:36,873 judge_handler HaiNamPCT: 9 test case(s) completed on: 57
INFO 2026-08-21 13:39:36,883 judge_handler HaiNamPCT: Grading has ended on: 57
INFO 2026-08-21 13:39:36,884 judge_list Judge available after grading 57: HaiNamPCT
INFO 2026-08-21 13:39:43,211 judge_list Free judges: 1
INFO 2026-08-21 13:39:43,211 judge_list Dispatched submission 57 to: HaiNamPCT
INFO 2026-08-21 13:39:43,217 judge_handler Submission acknowledged: 57
INFO 2026-08-21 13:39:43,844 judge_handler HaiNamPCT: Submission generated compiler messages: 57
INFO 2026-08-21 13:39:43,850 judge_handler HaiNamPCT: Grading has begun on: 57
INFO 2026-08-21 13:39:43,983 judge_handler HaiNamPCT: 20 test case(s) completed on: 57
INFO 2026-08-21 13:39:43,996 judge_handler HaiNamPCT: Grading has ended on: 57
INFO 2026-08-21 13:39:43,996 judge_list Judge available after grading 57: HaiNamPCT
INFO 2026-08-21 13:40:18,702 judge_list Free judges: 1
INFO 2026-08-21 13:40:18,702 judge_list Dispatched submission 60 to: HaiNamPCT
INFO 2026-08-21 13:40:18,708 judge_handler Submission acknowledged: 60
INFO 2026-08-21 13:40:19,067 judge_handler HaiNamPCT: Submission generated compiler messages: 60
INFO 2026-08-21 13:40:19,073 judge_handler HaiNamPCT: Grading has begun on: 60
INFO 2026-08-21 13:40:19,086 judge_handler HaiNamPCT: Batch began on: 60
INFO 2026-08-21 13:40:19,091 judge_handler HaiNamPCT: 1 test case(s) completed on: 60
INFO 2026-08-21 13:40:19,103 judge_handler HaiNamPCT: 2 test case(s) completed on: 60
INFO 2026-08-21 13:40:19,113 judge_handler HaiNamPCT: Batch ended on: 60
INFO 2026-08-21 13:40:19,113 judge_handler HaiNamPCT: Batch began on: 60
INFO 2026-08-21 13:40:19,124 judge_handler HaiNamPCT: 2 test case(s) completed on: 60
INFO 2026-08-21 13:40:19,133 judge_handler HaiNamPCT: Batch ended on: 60
INFO 2026-08-21 13:40:19,133 judge_handler HaiNamPCT: Batch began on: 60
INFO 2026-08-21 13:40:19,269 judge_handler HaiNamPCT: 4 test case(s) completed on: 60
INFO 2026-08-21 13:40:19,282 judge_handler HaiNamPCT: Batch ended on: 60
INFO 2026-08-21 13:40:19,282 judge_handler HaiNamPCT: Grading has ended on: 60
INFO 2026-08-21 13:40:19,282 judge_list Judge available after grading 60: HaiNamPCT
INFO 2026-08-21 13:43:55,642 judge_list Free judges: 1
INFO 2026-08-21 13:43:55,642 judge_list Dispatched submission 61 to: HaiNamPCT
INFO 2026-08-21 13:43:55,648 judge_handler Submission acknowledged: 61
INFO 2026-08-21 13:43:56,241 judge_handler HaiNamPCT: Submission generated compiler messages: 61
INFO 2026-08-21 13:43:56,250 judge_handler HaiNamPCT: Grading has begun on: 61
INFO 2026-08-21 13:43:56,384 judge_handler HaiNamPCT: 20 test case(s) completed on: 61
INFO 2026-08-21 13:43:56,395 judge_handler HaiNamPCT: Grading has ended on: 61
INFO 2026-08-21 13:43:56,395 judge_list Judge available after grading 61: HaiNamPCT
INFO 2026-08-21 13:46:00,572 judge_list Free judges: 1
INFO 2026-08-21 13:46:00,572 judge_list Dispatched submission 62 to: HaiNamPCT
INFO 2026-08-21 13:46:00,578 judge_handler Submission acknowledged: 62
INFO 2026-08-21 13:46:00,878 judge_handler HaiNamPCT: Submission generated compiler messages: 62
INFO 2026-08-21 13:46:00,883 judge_handler HaiNamPCT: Grading has begun on: 62
INFO 2026-08-21 13:46:00,914 judge_handler HaiNamPCT: 3 test case(s) completed on: 62
INFO 2026-08-21 13:46:00,923 judge_handler HaiNamPCT: Grading has ended on: 62
INFO 2026-08-21 13:46:00,923 judge_list Judge available after grading 62: HaiNamPCT
INFO 2026-08-21 13:46:16,559 judge_list Specified judge HaiNamPCT is available
INFO 2026-08-21 13:46:16,559 judge_list Dispatched submission 63 to: HaiNamPCT
INFO 2026-08-21 13:46:16,564 judge_handler Submission acknowledged: 63
INFO 2026-08-21 13:46:16,868 judge_handler HaiNamPCT: Submission generated compiler messages: 63
INFO 2026-08-21 13:46:16,876 judge_handler HaiNamPCT: Grading has begun on: 63
INFO 2026-08-21 13:46:16,904 judge_handler HaiNamPCT: 3 test case(s) completed on: 63
INFO 2026-08-21 13:46:16,913 judge_handler HaiNamPCT: Grading has ended on: 63
INFO 2026-08-21 13:46:16,913 judge_list Judge available after grading 63: HaiNamPCT
INFO 2026-08-21 13:47:05,627 judge_list Free judges: 1
INFO 2026-08-21 13:47:05,627 judge_list Dispatched submission 64 to: HaiNamPCT
INFO 2026-08-21 13:47:05,633 judge_handler Submission acknowledged: 64
INFO 2026-08-21 13:47:05,928 judge_handler HaiNamPCT: Submission generated compiler messages: 64
INFO 2026-08-21 13:47:05,937 judge_handler HaiNamPCT: Grading has begun on: 64
INFO 2026-08-21 13:47:05,964 judge_handler HaiNamPCT: 3 test case(s) completed on: 64
INFO 2026-08-21 13:47:05,973 judge_handler HaiNamPCT: Grading has ended on: 64
INFO 2026-08-21 13:47:05,973 judge_list Judge available after grading 64: HaiNamPCT
INFO 2026-08-21 13:47:36,717 judge_list Free judges: 1
INFO 2026-08-21 13:47:36,717 judge_list Dispatched submission 65 to: HaiNamPCT
INFO 2026-08-21 13:47:36,723 judge_handler Submission acknowledged: 65
INFO 2026-08-21 13:47:37,014 judge_handler HaiNamPCT: Submission generated compiler messages: 65
INFO 2026-08-21 13:47:37,020 judge_handler HaiNamPCT: Grading has begun on: 65
INFO 2026-08-21 13:47:37,049 judge_handler HaiNamPCT: 3 test case(s) completed on: 65
INFO 2026-08-21 13:47:37,058 judge_handler HaiNamPCT: Grading has ended on: 65
INFO 2026-08-21 13:47:37,058 judge_list Judge available after grading 65: HaiNamPCT
INFO 2026-08-21 13:49:44,641 judge_list Free judges: 1
INFO 2026-08-21 13:49:44,641 judge_list Dispatched submission 66 to: HaiNamPCT
INFO 2026-08-21 13:49:44,646 judge_handler Submission acknowledged: 66
INFO 2026-08-21 13:49:44,918 judge_handler HaiNamPCT: Submission generated compiler messages: 66
INFO 2026-08-21 13:49:44,929 judge_handler HaiNamPCT: Grading has begun on: 66
INFO 2026-08-21 13:49:44,979 judge_handler HaiNamPCT: 3 test case(s) completed on: 66
INFO 2026-08-21 13:49:44,990 judge_handler HaiNamPCT: Grading has ended on: 66
INFO 2026-08-21 13:49:44,990 judge_list Judge available after grading 66: HaiNamPCT
INFO 2026-08-21 13:51:19,586 judge_list Free judges: 1
INFO 2026-08-21 13:51:19,586 judge_list Dispatched submission 67 to: HaiNamPCT
INFO 2026-08-21 13:51:19,591 judge_handler Submission acknowledged: 67
INFO 2026-08-21 13:51:19,896 judge_handler HaiNamPCT: Submission generated compiler messages: 67
INFO 2026-08-21 13:51:19,903 judge_handler HaiNamPCT: Grading has begun on: 67
INFO 2026-08-21 13:51:19,980 judge_handler HaiNamPCT: 11 test case(s) completed on: 67
INFO 2026-08-21 13:51:20,043 judge_handler HaiNamPCT: 9 test case(s) completed on: 67
INFO 2026-08-21 13:51:20,052 judge_handler HaiNamPCT: Grading has ended on: 67
INFO 2026-08-21 13:51:20,052 judge_list Judge available after grading 67: HaiNamPCT
INFO 2026-08-21 13:54:00,204 judge_list Free judges: 1
INFO 2026-08-21 13:54:00,204 judge_list Dispatched submission 68 to: HaiNamPCT
INFO 2026-08-21 13:54:00,210 judge_handler Submission acknowledged: 68
INFO 2026-08-21 13:54:00,641 judge_handler HaiNamPCT: Submission generated compiler messages: 68
INFO 2026-08-21 13:54:00,647 judge_handler HaiNamPCT: Grading has begun on: 68
INFO 2026-08-21 13:54:00,779 judge_handler HaiNamPCT: 20 test case(s) completed on: 68
INFO 2026-08-21 13:54:00,792 judge_handler HaiNamPCT: Grading has ended on: 68
INFO 2026-08-21 13:54:00,792 judge_list Judge available after grading 68: HaiNamPCT
INFO 2026-08-21 14:14:26,773 judge_handler HaiNamPCT: Updated problem list
INFO 2026-08-21 14:14:33,843 judge_handler HaiNamPCT: Updated problem list
INFO 2026-08-21 14:14:36,844 judge_handler HaiNamPCT: Updated problem list
INFO 2026-08-21 14:40:45,631 judge_list Free judges: 1
INFO 2026-08-21 14:40:45,631 judge_list Dispatched submission 69 to: HaiNamPCT
INFO 2026-08-21 14:40:45,637 judge_handler Submission acknowledged: 69
INFO 2026-08-21 14:40:45,941 judge_handler HaiNamPCT: Submission generated compiler messages: 69
INFO 2026-08-21 14:40:45,948 judge_handler HaiNamPCT: Grading has begun on: 69
INFO 2026-08-21 14:40:46,000 judge_handler HaiNamPCT: 6 test case(s) completed on: 69
INFO 2026-08-21 14:40:46,152 judge_handler HaiNamPCT: 14 test case(s) completed on: 69
INFO 2026-08-21 14:40:46,162 judge_handler HaiNamPCT: Grading has ended on: 69
INFO 2026-08-21 14:40:46,162 judge_list Judge available after grading 69: HaiNamPCT
INFO 2026-08-21 14:42:01,087 judge_list Free judges: 1
INFO 2026-08-21 14:42:01,087 judge_list Dispatched submission 70 to: HaiNamPCT
INFO 2026-08-21 14:42:01,093 judge_handler Submission acknowledged: 70
INFO 2026-08-21 14:42:01,383 judge_handler HaiNamPCT: Submission generated compiler messages: 70
INFO 2026-08-21 14:42:01,389 judge_handler HaiNamPCT: Grading has begun on: 70
INFO 2026-08-21 14:42:01,547 judge_handler HaiNamPCT: 12 test case(s) completed on: 70
INFO 2026-08-21 14:42:01,624 judge_handler HaiNamPCT: 8 test case(s) completed on: 70
INFO 2026-08-21 14:42:01,636 judge_handler HaiNamPCT: Grading has ended on: 70
INFO 2026-08-21 14:42:01,636 judge_list Judge available after grading 70: HaiNamPCT
INFO 2026-08-21 14:42:26,730 judge_list Free judges: 1
INFO 2026-08-21 14:42:26,730 judge_list Dispatched submission 71 to: HaiNamPCT
INFO 2026-08-21 14:42:26,736 judge_handler Submission acknowledged: 71
INFO 2026-08-21 14:42:27,012 judge_handler HaiNamPCT: Submission generated compiler messages: 71
INFO 2026-08-21 14:42:27,021 judge_handler HaiNamPCT: Grading has begun on: 71
INFO 2026-08-21 14:42:27,070 judge_handler HaiNamPCT: 4 test case(s) completed on: 71
INFO 2026-08-21 14:42:27,259 judge_handler HaiNamPCT: 16 test case(s) completed on: 71
INFO 2026-08-21 14:42:27,271 judge_handler HaiNamPCT: Grading has ended on: 71
INFO 2026-08-21 14:42:27,271 judge_list Judge available after grading 71: HaiNamPCT
INFO 2026-08-21 15:20:31,720 judge_list Free judges: 1
INFO 2026-08-21 15:20:31,720 judge_list Dispatched submission 72 to: HaiNamPCT
INFO 2026-08-21 15:20:31,726 judge_handler Submission acknowledged: 72
INFO 2026-08-21 15:20:32,162 judge_handler HaiNamPCT: Submission generated compiler messages: 72
INFO 2026-08-21 15:20:32,172 judge_handler HaiNamPCT: Grading has begun on: 72
INFO 2026-08-21 15:20:32,422 judge_handler HaiNamPCT: 10 test case(s) completed on: 72
INFO 2026-08-21 15:20:32,655 judge_handler HaiNamPCT: 10 test case(s) completed on: 72
INFO 2026-08-21 15:20:32,670 judge_handler HaiNamPCT: Grading has ended on: 72
INFO 2026-08-21 15:20:32,670 judge_list Judge available after grading 72: HaiNamPCT
INFO 2026-08-21 15:29:15,853 judge_handler HaiNamPCT: Updated problem list
INFO 2026-08-21 15:29:20,531 judge_handler HaiNamPCT: Updated problem list
INFO 2026-08-21 15:32:27,430 judge_list Free judges: 1
INFO 2026-08-21 15:32:27,430 judge_list Dispatched submission 73 to: HaiNamPCT
INFO 2026-08-21 15:32:27,435 judge_handler Submission acknowledged: 73
INFO 2026-08-21 15:32:27,701 judge_handler HaiNamPCT: Submission generated compiler messages: 73
INFO 2026-08-21 15:32:27,707 judge_handler HaiNamPCT: Grading has begun on: 73
INFO 2026-08-21 15:32:27,737 judge_handler HaiNamPCT: 3 test case(s) completed on: 73
INFO 2026-08-21 15:32:27,746 judge_handler HaiNamPCT: Grading has ended on: 73
INFO 2026-08-21 15:32:27,746 judge_list Judge available after grading 73: HaiNamPCT
INFO 2026-08-21 15:33:12,054 judge_list Free judges: 1
INFO 2026-08-21 15:33:12,054 judge_list Dispatched submission 74 to: HaiNamPCT
INFO 2026-08-21 15:33:12,059 judge_handler Submission acknowledged: 74
INFO 2026-08-21 15:33:12,331 judge_handler HaiNamPCT: Submission generated compiler messages: 74
INFO 2026-08-21 15:33:12,338 judge_handler HaiNamPCT: Grading has begun on: 74
INFO 2026-08-21 15:33:12,366 judge_handler HaiNamPCT: 2 test case(s) completed on: 74
INFO 2026-08-21 15:33:12,473 judge_handler HaiNamPCT: 1 test case(s) completed on: 74
INFO 2026-08-21 15:33:12,484 judge_handler HaiNamPCT: Grading has ended on: 74
INFO 2026-08-21 15:33:12,484 judge_list Judge available after grading 74: HaiNamPCT
INFO 2026-08-22 00:29:27,329 judge_list Free judges: 1
INFO 2026-08-22 00:29:27,329 judge_list Dispatched submission 75 to: HaiNamPCT
INFO 2026-08-22 00:29:27,335 judge_handler Submission acknowledged: 75
INFO 2026-08-22 00:29:27,603 judge_handler HaiNamPCT: Submission generated compiler messages: 75
INFO 2026-08-22 00:29:27,609 judge_handler HaiNamPCT: Grading has begun on: 75
INFO 2026-08-22 00:29:27,648 judge_handler HaiNamPCT: 3 test case(s) completed on: 75
INFO 2026-08-22 00:29:27,660 judge_handler HaiNamPCT: Grading has ended on: 75
INFO 2026-08-22 00:29:27,661 judge_list Judge available after grading 75: HaiNamPCT
INFO 2026-08-22 00:30:45,235 judge_list Free judges: 1
INFO 2026-08-22 00:30:45,235 judge_list Dispatched submission 76 to: HaiNamPCT
INFO 2026-08-22 00:30:45,240 judge_handler Submission acknowledged: 76
INFO 2026-08-22 00:30:45,509 judge_handler HaiNamPCT: Submission generated compiler messages: 76
INFO 2026-08-22 00:30:45,516 judge_handler HaiNamPCT: Grading has begun on: 76
INFO 2026-08-22 00:30:45,663 judge_handler HaiNamPCT: 3 test case(s) completed on: 76
INFO 2026-08-22 00:30:45,675 judge_handler HaiNamPCT: Grading has ended on: 76
INFO 2026-08-22 00:30:45,675 judge_list Judge available after grading 76: HaiNamPCT
INFO 2026-08-22 01:23:23,661 judge_list Free judges: 1
INFO 2026-08-22 01:23:23,661 judge_list Dispatched submission 77 to: HaiNamPCT
INFO 2026-08-22 01:23:23,667 judge_handler Submission acknowledged: 77
INFO 2026-08-22 01:23:24,095 judge_handler HaiNamPCT: Submission generated compiler messages: 77
INFO 2026-08-22 01:23:24,101 judge_handler HaiNamPCT: Grading has begun on: 77
INFO 2026-08-22 01:23:24,163 judge_handler HaiNamPCT: 6 test case(s) completed on: 77
INFO 2026-08-22 01:23:24,330 judge_handler HaiNamPCT: 14 test case(s) completed on: 77
INFO 2026-08-22 01:23:24,342 judge_handler HaiNamPCT: Grading has ended on: 77
INFO 2026-08-22 01:23:24,342 judge_list Judge available after grading 77: HaiNamPCT
INFO 2026-08-22 01:25:47,799 judge_list Free judges: 1
INFO 2026-08-22 01:25:47,799 judge_list Dispatched submission 78 to: HaiNamPCT
INFO 2026-08-22 01:25:47,804 judge_handler Submission acknowledged: 78
INFO 2026-08-22 01:25:48,469 judge_handler HaiNamPCT: Submission generated compiler messages: 78
INFO 2026-08-22 01:25:48,475 judge_handler HaiNamPCT: Grading has begun on: 78
INFO 2026-08-22 01:25:48,498 judge_handler HaiNamPCT: 3 test case(s) completed on: 78
INFO 2026-08-22 01:25:48,620 judge_handler HaiNamPCT: 17 test case(s) completed on: 78
INFO 2026-08-22 01:25:48,630 judge_handler HaiNamPCT: Grading has ended on: 78
INFO 2026-08-22 01:25:48,630 judge_list Judge available after grading 78: HaiNamPCT
INFO 2026-08-22 01:28:42,849 judge_list Free judges: 1
INFO 2026-08-22 01:28:42,849 judge_list Dispatched submission 79 to: HaiNamPCT
INFO 2026-08-22 01:28:42,855 judge_handler Submission acknowledged: 79
INFO 2026-08-22 01:28:43,483 judge_handler HaiNamPCT: Submission generated compiler messages: 79
INFO 2026-08-22 01:28:43,489 judge_handler HaiNamPCT: Grading has begun on: 79
INFO 2026-08-22 01:28:43,599 judge_handler HaiNamPCT: 11 test case(s) completed on: 79
INFO 2026-08-22 01:28:43,666 judge_handler HaiNamPCT: 9 test case(s) completed on: 79
INFO 2026-08-22 01:28:43,676 judge_handler HaiNamPCT: Grading has ended on: 79
INFO 2026-08-22 01:28:43,676 judge_list Judge available after grading 79: HaiNamPCT
INFO 2026-08-22 01:36:17,558 judge_handler HaiNamPCT: Updated problem list
INFO 2026-08-22 01:36:26,785 judge_handler HaiNamPCT: Updated problem list
INFO 2026-08-22 01:37:10,615 judge_list Free judges: 1
INFO 2026-08-22 01:37:10,615 judge_list Dispatched submission 80 to: HaiNamPCT
INFO 2026-08-22 01:37:10,621 judge_handler Submission acknowledged: 80
INFO 2026-08-22 01:37:11,216 judge_handler HaiNamPCT: Submission generated compiler messages: 80
INFO 2026-08-22 01:37:11,225 judge_handler HaiNamPCT: Grading has begun on: 80
INFO 2026-08-22 01:37:11,400 judge_handler HaiNamPCT: 26 test case(s) completed on: 80
INFO 2026-08-22 01:37:11,651 judge_handler HaiNamPCT: 36 test case(s) completed on: 80
INFO 2026-08-22 01:37:11,901 judge_handler HaiNamPCT: 37 test case(s) completed on: 80
INFO 2026-08-22 01:37:11,915 judge_handler HaiNamPCT: 1 test case(s) completed on: 80
INFO 2026-08-22 01:37:11,923 judge_handler HaiNamPCT: Grading has ended on: 80
INFO 2026-08-22 01:37:11,923 judge_list Judge available after grading 80: HaiNamPCT
INFO 2026-08-22 01:44:36,146 judge_handler HaiNamPCT: Updated problem list
INFO 2026-08-22 01:45:00,448 judge_handler HaiNamPCT: Updated problem list
INFO 2026-08-22 01:45:22,287 judge_list Free judges: 1
INFO 2026-08-22 01:45:22,287 judge_list Dispatched submission 81 to: HaiNamPCT
INFO 2026-08-22 01:45:22,292 judge_handler Submission acknowledged: 81
INFO 2026-08-22 01:45:22,888 judge_handler HaiNamPCT: Submission generated compiler messages: 81
INFO 2026-08-22 01:45:22,895 judge_handler HaiNamPCT: Grading has begun on: 81
INFO 2026-08-22 01:45:22,937 judge_handler HaiNamPCT: 5 test case(s) completed on: 81
INFO 2026-08-22 01:45:23,189 judge_handler HaiNamPCT: 37 test case(s) completed on: 81
INFO 2026-08-22 01:45:23,441 judge_handler HaiNamPCT: 36 test case(s) completed on: 81
INFO 2026-08-22 01:45:23,592 judge_handler HaiNamPCT: 22 test case(s) completed on: 81
INFO 2026-08-22 01:45:23,605 judge_handler HaiNamPCT: Grading has ended on: 81
INFO 2026-08-22 01:45:23,605 judge_list Judge available after grading 81: HaiNamPCT
INFO 2026-08-22 01:53:49,556 judge_handler HaiNamPCT: Updated problem list
INFO 2026-08-22 01:53:58,248 judge_handler HaiNamPCT: Updated problem list
INFO 2026-08-22 01:54:37,904 judge_list Free judges: 1
INFO 2026-08-22 01:54:37,904 judge_list Dispatched submission 82 to: HaiNamPCT
INFO 2026-08-22 01:54:37,909 judge_handler Submission acknowledged: 82
INFO 2026-08-22 01:54:38,518 judge_handler HaiNamPCT: Submission generated compiler messages: 82
INFO 2026-08-22 01:54:38,526 judge_handler HaiNamPCT: Grading has begun on: 82
INFO 2026-08-22 01:54:38,774 judge_handler HaiNamPCT: 34 test case(s) completed on: 82
INFO 2026-08-22 01:54:39,025 judge_handler HaiNamPCT: 34 test case(s) completed on: 82
INFO 2026-08-22 01:54:39,254 judge_handler HaiNamPCT: 32 test case(s) completed on: 82
INFO 2026-08-22 01:54:39,267 judge_handler HaiNamPCT: Grading has ended on: 82
INFO 2026-08-22 01:54:39,267 judge_list Judge available after grading 82: HaiNamPCT
INFO 2026-08-22 02:58:43,431 judge_handler HaiNamPCT: Updated problem list
INFO 2026-08-22 02:58:46,432 judge_handler HaiNamPCT: Updated problem list
INFO 2026-08-22 02:58:53,209 judge_handler HaiNamPCT: Updated problem list
INFO 2026-08-22 02:59:23,829 judge_list Free judges: 1
INFO 2026-08-22 02:59:23,829 judge_list Dispatched submission 83 to: HaiNamPCT
INFO 2026-08-22 02:59:23,834 judge_handler Submission acknowledged: 83
INFO 2026-08-22 02:59:24,443 judge_handler HaiNamPCT: Submission generated compiler messages: 83
INFO 2026-08-22 02:59:24,450 judge_handler HaiNamPCT: Grading has begun on: 83
INFO 2026-08-22 02:59:24,591 judge_handler HaiNamPCT: 20 test case(s) completed on: 83
INFO 2026-08-22 02:59:24,842 judge_handler HaiNamPCT: 38 test case(s) completed on: 83
INFO 2026-08-22 02:59:25,093 judge_handler HaiNamPCT: 37 test case(s) completed on: 83
INFO 2026-08-22 02:59:25,130 judge_handler HaiNamPCT: 5 test case(s) completed on: 83
INFO 2026-08-22 02:59:25,142 judge_handler HaiNamPCT: Grading has ended on: 83
INFO 2026-08-22 02:59:25,142 judge_list Judge available after grading 83: HaiNamPCT
----------------------------------------
Exception occurred during processing of request from ('127.0.0.1', 50712)
Traceback (most recent call last):
  File "/home/ubuntu/tmath/.venv/lib/python3.12/site-packages/django/db/backends/utils.py", line 89, in _execute
    return self.cursor.execute(sql, params)
           ^^^^^^^^^^^^^^^^^^^^^^^^^^^^^^^^
  File "/home/ubuntu/tmath/.venv/lib/python3.12/site-packages/django/db/backends/mysql/base.py", line 75, in execute
    return self.cursor.execute(query, args)
           ^^^^^^^^^^^^^^^^^^^^^^^^^^^^^^^^
  File "/home/ubuntu/tmath/.venv/lib/python3.12/site-packages/MySQLdb/cursors.py", line 179, in execute
    res = self._query(mogrified_query)
          ^^^^^^^^^^^^^^^^^^^^^^^^^^^^
  File "/home/ubuntu/tmath/.venv/lib/python3.12/site-packages/MySQLdb/cursors.py", line 330, in _query
    db.query(q)
  File "/home/ubuntu/tmath/.venv/lib/python3.12/site-packages/MySQLdb/connections.py", line 286, in query
    _mysql.connection.query(self, query)
MySQLdb.OperationalError: (2013, 'Lost connection to MySQL server during query')

The above exception was the direct cause of the following exception:

Traceback (most recent call last):
  File "/usr/lib/python3.12/socketserver.py", line 692, in process_request_thread
    self.finish_request(request, client_address)
  File "/usr/lib/python3.12/socketserver.py", line 362, in finish_request
    self.RequestHandlerClass(request, client_address, self)
  File "/home/ubuntu/tmath/judge/bridge/base_handler.py", line 49, in __call__
    handler.on_disconnect()
  File "/home/ubuntu/tmath/judge/bridge/judge_handler.py", line 129, in on_disconnect
    self._disconnected()
  File "/home/ubuntu/tmath/judge/bridge/judge_handler.py", line 175, in _disconnected
    Judge.objects.filter(id=self.judge.id).update(online=False)
  File "/home/ubuntu/tmath/.venv/lib/python3.12/site-packages/django/db/models/query.py", line 1208, in update
    rows = query.get_compiler(self.db).execute_sql(CURSOR)
           ^^^^^^^^^^^^^^^^^^^^^^^^^^^^^^^^^^^^^^^^^^^^^^^
  File "/home/ubuntu/tmath/.venv/lib/python3.12/site-packages/django/db/models/sql/compiler.py", line 1984, in execute_sql
    cursor = super().execute_sql(result_type)
             ^^^^^^^^^^^^^^^^^^^^^^^^^^^^^^^^
  File "/home/ubuntu/tmath/.venv/lib/python3.12/site-packages/django/db/models/sql/compiler.py", line 1562, in execute_sql
    cursor.execute(sql, params)
  File "/home/ubuntu/tmath/.venv/lib/python3.12/site-packages/django/db/backends/utils.py", line 67, in execute
    return self._execute_with_wrappers(
           ^^^^^^^^^^^^^^^^^^^^^^^^^^^^
  File "/home/ubuntu/tmath/.venv/lib/python3.12/site-packages/django/db/backends/utils.py", line 80, in _execute_with_wrappers
    return executor(sql, params, many, context)
           ^^^^^^^^^^^^^^^^^^^^^^^^^^^^^^^^^^^^
  File "/home/ubuntu/tmath/.venv/lib/python3.12/site-packages/django/db/backends/utils.py", line 84, in _execute
    with self.db.wrap_database_errors:
  File "/home/ubuntu/tmath/.venv/lib/python3.12/site-packages/django/db/utils.py", line 91, in __exit__
    raise dj_exc_value.with_traceback(traceback) from exc_value
  File "/home/ubuntu/tmath/.venv/lib/python3.12/site-packages/django/db/backends/utils.py", line 89, in _execute
    return self.cursor.execute(sql, params)
           ^^^^^^^^^^^^^^^^^^^^^^^^^^^^^^^^
  File "/home/ubuntu/tmath/.venv/lib/python3.12/site-packages/django/db/backends/mysql/base.py", line 75, in execute
    return self.cursor.execute(query, args)
           ^^^^^^^^^^^^^^^^^^^^^^^^^^^^^^^^
  File "/home/ubuntu/tmath/.venv/lib/python3.12/site-packages/MySQLdb/cursors.py", line 179, in execute
    res = self._query(mogrified_query)
          ^^^^^^^^^^^^^^^^^^^^^^^^^^^^
  File "/home/ubuntu/tmath/.venv/lib/python3.12/site-packages/MySQLdb/cursors.py", line 330, in _query
    db.query(q)
  File "/home/ubuntu/tmath/.venv/lib/python3.12/site-packages/MySQLdb/connections.py", line 286, in query
    _mysql.connection.query(self, query)
django.db.utils.OperationalError: (2013, 'Lost connection to MySQL server during query')
----------------------------------------
INFO 2026-08-22 03:07:40,874 daemon Exiting due to SIGINT
INFO 2026-08-22 03:09:01,459 judge_handler Judge connected from: ('127.0.0.1', 34972)
INFO 2026-08-22 03:09:01,463 judge_handler Judge authenticated: ('127.0.0.1', 34972) (HaiNamPCT)
INFO 2026-08-22 03:36:37,529 judge_handler HaiNamPCT: Updated problem list
INFO 2026-08-22 03:37:48,407 judge_handler HaiNamPCT: Updated problem list
INFO 2026-08-22 03:38:01,778 judge_handler HaiNamPCT: Updated problem list
INFO 2026-08-22 03:38:04,779 judge_handler HaiNamPCT: Updated problem list
INFO 2026-08-22 03:42:40,291 judge_handler HaiNamPCT: Updated problem list
INFO 2026-08-22 03:42:49,884 judge_handler HaiNamPCT: Updated problem list
INFO 2026-08-22 03:43:28,763 judge_handler HaiNamPCT: Updated problem list
INFO 2026-08-22 03:43:31,866 judge_handler HaiNamPCT: Updated problem list
INFO 2026-08-22 03:43:42,507 judge_handler HaiNamPCT: Updated problem list
INFO 2026-08-22 03:43:53,808 judge_handler HaiNamPCT: Updated problem list
INFO 2026-08-22 03:44:09,335 judge_handler HaiNamPCT: Updated problem list
INFO 2026-08-22 03:45:31,129 judge_handler HaiNamPCT: Updated problem list
INFO 2026-08-22 03:45:57,494 judge_handler HaiNamPCT: Updated problem list
INFO 2026-08-22 03:46:27,106 judge_handler HaiNamPCT: Updated problem list
INFO 2026-08-22 03:48:03,358 judge_list Free judges: 1
INFO 2026-08-22 03:48:03,358 judge_list Dispatched submission 84 to: HaiNamPCT
INFO 2026-08-22 03:48:03,363 judge_handler Submission acknowledged: 84
INFO 2026-08-22 03:48:04,794 judge_handler HaiNamPCT: Submission generated compiler messages: 84
INFO 2026-08-22 03:48:04,799 judge_handler HaiNamPCT: Grading has begun on: 84
INFO 2026-08-22 03:48:05,065 judge_handler HaiNamPCT: 13 test case(s) completed on: 84
INFO 2026-08-22 03:48:05,315 judge_handler HaiNamPCT: 14 test case(s) completed on: 84
INFO 2026-08-22 03:48:05,566 judge_handler HaiNamPCT: 20 test case(s) completed on: 84
INFO 2026-08-22 03:48:05,816 judge_handler HaiNamPCT: 6 test case(s) completed on: 84
INFO 2026-08-22 03:48:06,067 judge_handler HaiNamPCT: 16 test case(s) completed on: 84
INFO 2026-08-22 03:48:06,319 judge_handler HaiNamPCT: 10 test case(s) completed on: 84
INFO 2026-08-22 03:48:06,569 judge_handler HaiNamPCT: 10 test case(s) completed on: 84
INFO 2026-08-22 03:48:06,820 judge_handler HaiNamPCT: 14 test case(s) completed on: 84
INFO 2026-08-22 03:48:07,070 judge_handler HaiNamPCT: 14 test case(s) completed on: 84
INFO 2026-08-22 03:48:07,322 judge_handler HaiNamPCT: 10 test case(s) completed on: 84
INFO 2026-08-22 03:48:07,572 judge_handler HaiNamPCT: 14 test case(s) completed on: 84
INFO 2026-08-22 03:48:07,823 judge_handler HaiNamPCT: 16 test case(s) completed on: 84
INFO 2026-08-22 03:48:08,073 judge_handler HaiNamPCT: 10 test case(s) completed on: 84
INFO 2026-08-22 03:48:08,325 judge_handler HaiNamPCT: 12 test case(s) completed on: 84
INFO 2026-08-22 03:48:08,575 judge_handler HaiNamPCT: 14 test case(s) completed on: 84
INFO 2026-08-22 03:48:08,695 judge_handler HaiNamPCT: 6 test case(s) completed on: 84
INFO 2026-08-22 03:48:08,708 judge_handler HaiNamPCT: Grading has ended on: 84
INFO 2026-08-22 03:48:08,708 judge_list Judge available after grading 84: HaiNamPCT
INFO 2026-08-22 03:48:09,056 judge_list Free judges: 1
INFO 2026-08-22 03:48:09,056 judge_list Dispatched submission 85 to: HaiNamPCT
INFO 2026-08-22 03:48:09,061 judge_handler Submission acknowledged: 85
INFO 2026-08-22 03:48:09,906 judge_handler HaiNamPCT: Submission generated compiler messages: 85
INFO 2026-08-22 03:48:09,913 judge_handler HaiNamPCT: Grading has begun on: 85
INFO 2026-08-22 03:48:10,078 judge_handler HaiNamPCT: 9 test case(s) completed on: 85
INFO 2026-08-22 03:48:10,329 judge_handler HaiNamPCT: 16 test case(s) completed on: 85
INFO 2026-08-22 03:48:10,579 judge_handler HaiNamPCT: 18 test case(s) completed on: 85
INFO 2026-08-22 03:48:10,830 judge_handler HaiNamPCT: 10 test case(s) completed on: 85
INFO 2026-08-22 03:48:11,080 judge_handler HaiNamPCT: 14 test case(s) completed on: 85
INFO 2026-08-22 03:48:11,330 judge_handler HaiNamPCT: 14 test case(s) completed on: 85
INFO 2026-08-22 03:48:11,581 judge_handler HaiNamPCT: 10 test case(s) completed on: 85
INFO 2026-08-22 03:48:11,831 judge_handler HaiNamPCT: 14 test case(s) completed on: 85
INFO 2026-08-22 03:48:12,082 judge_handler HaiNamPCT: 16 test case(s) completed on: 85
INFO 2026-08-22 03:48:12,332 judge_handler HaiNamPCT: 14 test case(s) completed on: 85
INFO 2026-08-22 03:48:12,582 judge_handler HaiNamPCT: 12 test case(s) completed on: 85
INFO 2026-08-22 03:48:12,833 judge_handler HaiNamPCT: 10 test case(s) completed on: 85
INFO 2026-08-22 03:48:13,083 judge_handler HaiNamPCT: 10 test case(s) completed on: 85
INFO 2026-08-22 03:48:13,334 judge_handler HaiNamPCT: 14 test case(s) completed on: 85
INFO 2026-08-22 03:48:13,584 judge_handler HaiNamPCT: 16 test case(s) completed on: 85
INFO 2026-08-22 03:48:13,620 judge_handler HaiNamPCT: 2 test case(s) completed on: 85
INFO 2026-08-22 03:48:13,631 judge_handler HaiNamPCT: Grading has ended on: 85
INFO 2026-08-22 03:48:13,631 judge_list Judge available after grading 85: HaiNamPCT
INFO 2026-08-22 03:51:59,972 judge_list Free judges: 1
INFO 2026-08-22 03:51:59,972 judge_list Dispatched submission 86 to: HaiNamPCT
INFO 2026-08-22 03:51:59,977 judge_handler Submission acknowledged: 86
INFO 2026-08-22 03:52:00,442 judge_handler HaiNamPCT: Submission generated compiler messages: 86
INFO 2026-08-22 03:52:00,450 judge_handler HaiNamPCT: Grading has begun on: 86
INFO 2026-08-22 03:52:00,711 judge_handler HaiNamPCT: 9 test case(s) completed on: 86
INFO 2026-08-22 03:52:00,963 judge_handler HaiNamPCT: 10 test case(s) completed on: 86
INFO 2026-08-22 03:52:01,216 judge_handler HaiNamPCT: 24 test case(s) completed on: 86
INFO 2026-08-22 03:52:01,466 judge_handler HaiNamPCT: 12 test case(s) completed on: 86
INFO 2026-08-22 03:52:01,717 judge_handler HaiNamPCT: 18 test case(s) completed on: 86
INFO 2026-08-22 03:52:01,967 judge_handler HaiNamPCT: 10 test case(s) completed on: 86
INFO 2026-08-22 03:52:02,219 judge_handler HaiNamPCT: 14 test case(s) completed on: 86
INFO 2026-08-22 03:52:02,468 judge_handler HaiNamPCT: 12 test case(s) completed on: 86
INFO 2026-08-22 03:52:02,718 judge_handler HaiNamPCT: 18 test case(s) completed on: 86
INFO 2026-08-22 03:52:02,969 judge_handler HaiNamPCT: 10 test case(s) completed on: 86
INFO 2026-08-22 03:52:03,221 judge_handler HaiNamPCT: 18 test case(s) completed on: 86
INFO 2026-08-22 03:52:03,472 judge_handler HaiNamPCT: 10 test case(s) completed on: 86
INFO 2026-08-22 03:52:03,722 judge_handler HaiNamPCT: 14 test case(s) completed on: 86
INFO 2026-08-22 03:52:03,972 judge_handler HaiNamPCT: 18 test case(s) completed on: 86
INFO 2026-08-22 03:52:03,989 judge_handler HaiNamPCT: 2 test case(s) completed on: 86
INFO 2026-08-22 03:52:03,996 judge_handler HaiNamPCT: Grading has ended on: 86
INFO 2026-08-22 03:52:03,996 judge_list Judge available after grading 86: HaiNamPCT
INFO 2026-08-22 03:56:58,352 judge_handler HaiNamPCT: Updated problem list
INFO 2026-08-22 03:57:01,353 judge_handler HaiNamPCT: Updated problem list
INFO 2026-08-22 03:57:07,684 judge_handler HaiNamPCT: Updated problem list
INFO 2026-08-22 03:57:10,685 judge_handler HaiNamPCT: Updated problem list
INFO 2026-08-22 03:57:23,717 judge_list Free judges: 1
INFO 2026-08-22 03:57:23,718 judge_list Dispatched submission 87 to: HaiNamPCT
INFO 2026-08-22 03:57:23,723 judge_handler Submission acknowledged: 87
INFO 2026-08-22 03:57:24,467 judge_handler HaiNamPCT: Submission generated compiler messages: 87
INFO 2026-08-22 03:57:24,474 judge_handler HaiNamPCT: Grading has begun on: 87
INFO 2026-08-22 03:57:24,653 judge_handler HaiNamPCT: 20 test case(s) completed on: 87
INFO 2026-08-22 03:57:24,904 judge_handler HaiNamPCT: 30 test case(s) completed on: 87
INFO 2026-08-22 03:57:25,154 judge_handler HaiNamPCT: 13 test case(s) completed on: 87
INFO 2026-08-22 03:57:25,406 judge_handler HaiNamPCT: 12 test case(s) completed on: 87
INFO 2026-08-22 03:57:25,658 judge_handler HaiNamPCT: 8 test case(s) completed on: 87
INFO 2026-08-22 03:57:25,908 judge_handler HaiNamPCT: 7 test case(s) completed on: 87
INFO 2026-08-22 03:57:26,158 judge_handler HaiNamPCT: 5 test case(s) completed on: 87
INFO 2026-08-22 03:57:26,369 judge_handler HaiNamPCT: 5 test case(s) completed on: 87
INFO 2026-08-22 03:57:26,378 judge_handler HaiNamPCT: Grading has ended on: 87
INFO 2026-08-22 03:57:26,378 judge_list Judge available after grading 87: HaiNamPCT
INFO 2026-08-22 04:02:21,514 judge_list Free judges: 1
INFO 2026-08-22 04:02:21,514 judge_list Dispatched submission 88 to: HaiNamPCT
INFO 2026-08-22 04:02:21,519 judge_handler Submission acknowledged: 88
INFO 2026-08-22 04:02:21,840 judge_handler HaiNamPCT: Submission generated compiler messages: 88
INFO 2026-08-22 04:02:21,850 judge_handler HaiNamPCT: Grading has begun on: 88
INFO 2026-08-22 04:02:22,073 judge_handler HaiNamPCT: 28 test case(s) completed on: 88
INFO 2026-08-22 04:02:22,324 judge_handler HaiNamPCT: 34 test case(s) completed on: 88
INFO 2026-08-22 04:02:22,574 judge_handler HaiNamPCT: 35 test case(s) completed on: 88
INFO 2026-08-22 04:02:22,599 judge_handler HaiNamPCT: 3 test case(s) completed on: 88
INFO 2026-08-22 04:02:22,610 judge_handler HaiNamPCT: Grading has ended on: 88
INFO 2026-08-22 04:02:22,610 judge_list Judge available after grading 88: HaiNamPCT
INFO 2026-08-22 04:02:44,141 judge_list Free judges: 1
INFO 2026-08-22 04:02:44,142 judge_list Dispatched submission 89 to: HaiNamPCT
INFO 2026-08-22 04:02:44,147 judge_handler Submission acknowledged: 89
INFO 2026-08-22 04:02:44,470 judge_handler HaiNamPCT: Submission generated compiler messages: 89
INFO 2026-08-22 04:02:44,477 judge_handler HaiNamPCT: Grading has begun on: 89
INFO 2026-08-22 04:02:44,585 judge_handler HaiNamPCT: 15 test case(s) completed on: 89
INFO 2026-08-22 04:02:44,836 judge_handler HaiNamPCT: 35 test case(s) completed on: 89
INFO 2026-08-22 04:02:45,087 judge_handler HaiNamPCT: 34 test case(s) completed on: 89
INFO 2026-08-22 04:02:45,199 judge_handler HaiNamPCT: 16 test case(s) completed on: 89
INFO 2026-08-22 04:02:45,211 judge_handler HaiNamPCT: Grading has ended on: 89
INFO 2026-08-22 04:02:45,211 judge_list Judge available after grading 89: HaiNamPCT
INFO 2026-08-22 04:10:45,293 judge_handler HaiNamPCT: Updated problem list
INFO 2026-08-22 04:12:16,311 judge_handler HaiNamPCT: Updated problem list
INFO 2026-08-22 04:12:19,312 judge_handler HaiNamPCT: Updated problem list
INFO 2026-08-22 04:12:34,152 judge_list Free judges: 1
INFO 2026-08-22 04:12:34,153 judge_list Dispatched submission 90 to: HaiNamPCT
INFO 2026-08-22 04:12:34,158 judge_handler Submission acknowledged: 90
INFO 2026-08-22 04:12:34,954 judge_handler HaiNamPCT: Submission generated compiler messages: 90
INFO 2026-08-22 04:12:34,961 judge_handler HaiNamPCT: Grading has begun on: 90
INFO 2026-08-22 04:12:35,175 judge_handler HaiNamPCT: 30 test case(s) completed on: 90
INFO 2026-08-22 04:12:35,316 judge_handler HaiNamPCT: 20 test case(s) completed on: 90
INFO 2026-08-22 04:12:35,331 judge_handler HaiNamPCT: Grading has ended on: 90
INFO 2026-08-22 04:12:35,332 judge_list Judge available after grading 90: HaiNamPCT
INFO 2026-08-22 06:39:41,601 judge_list Free judges: 1
INFO 2026-08-22 06:39:41,601 judge_list Dispatched submission 91 to: HaiNamPCT
INFO 2026-08-22 06:39:41,606 judge_handler Submission acknowledged: 91
INFO 2026-08-22 06:39:41,899 judge_handler HaiNamPCT: Submission generated compiler messages: 91
INFO 2026-08-22 06:39:41,905 judge_handler HaiNamPCT: Grading has begun on: 91
INFO 2026-08-22 06:39:41,934 judge_handler HaiNamPCT: 3 test case(s) completed on: 91
INFO 2026-08-22 06:39:41,942 judge_handler HaiNamPCT: Grading has ended on: 91
INFO 2026-08-22 06:39:41,943 judge_list Judge available after grading 91: HaiNamPCT
INFO 2026-08-22 06:41:00,319 judge_list Free judges: 1
INFO 2026-08-22 06:41:00,319 judge_list Dispatched submission 92 to: HaiNamPCT
INFO 2026-08-22 06:41:00,323 judge_handler Submission acknowledged: 92
INFO 2026-08-22 06:41:00,599 judge_handler HaiNamPCT: Submission generated compiler messages: 92
INFO 2026-08-22 06:41:00,604 judge_handler HaiNamPCT: Grading has begun on: 92
INFO 2026-08-22 06:41:00,649 judge_handler HaiNamPCT: 3 test case(s) completed on: 92
INFO 2026-08-22 06:41:00,658 judge_handler HaiNamPCT: Grading has ended on: 92
INFO 2026-08-22 06:41:00,658 judge_list Judge available after grading 92: HaiNamPCT
INFO 2026-08-22 06:43:53,371 judge_list Free judges: 1
INFO 2026-08-22 06:43:53,371 judge_list Dispatched submission 93 to: HaiNamPCT
INFO 2026-08-22 06:43:53,376 judge_handler Submission acknowledged: 93
INFO 2026-08-22 06:43:53,727 judge_handler HaiNamPCT: Submission generated compiler messages: 93
INFO 2026-08-22 06:43:53,733 judge_handler HaiNamPCT: Grading has begun on: 93
INFO 2026-08-22 06:43:53,956 judge_handler HaiNamPCT: 18 test case(s) completed on: 93
INFO 2026-08-22 06:43:53,968 judge_handler HaiNamPCT: 2 test case(s) completed on: 93
INFO 2026-08-22 06:43:53,975 judge_handler HaiNamPCT: Grading has ended on: 93
INFO 2026-08-22 06:43:53,976 judge_list Judge available after grading 93: HaiNamPCT
INFO 2026-08-22 06:46:57,209 judge_list Free judges: 1
INFO 2026-08-22 06:46:57,210 judge_list Dispatched submission 94 to: HaiNamPCT
INFO 2026-08-22 06:46:57,215 judge_handler Submission acknowledged: 94
INFO 2026-08-22 06:46:57,492 judge_handler HaiNamPCT: Submission generated compiler messages: 94
INFO 2026-08-22 06:46:57,499 judge_handler HaiNamPCT: Grading has begun on: 94
INFO 2026-08-22 06:46:57,565 judge_handler HaiNamPCT: 9 test case(s) completed on: 94
INFO 2026-08-22 06:46:57,637 judge_handler HaiNamPCT: 11 test case(s) completed on: 94
INFO 2026-08-22 06:46:57,647 judge_handler HaiNamPCT: Grading has ended on: 94
INFO 2026-08-22 06:46:57,647 judge_list Judge available after grading 94: HaiNamPCT
INFO 2026-08-22 06:48:18,942 judge_list Free judges: 1
INFO 2026-08-22 06:48:18,942 judge_list Dispatched submission 95 to: HaiNamPCT
INFO 2026-08-22 06:48:18,947 judge_handler Submission acknowledged: 95
INFO 2026-08-22 06:48:19,220 judge_handler HaiNamPCT: Submission generated compiler messages: 95
INFO 2026-08-22 06:48:19,225 judge_handler HaiNamPCT: Grading has begun on: 95
INFO 2026-08-22 06:48:19,359 judge_handler HaiNamPCT: 20 test case(s) completed on: 95
INFO 2026-08-22 06:48:19,369 judge_handler HaiNamPCT: Grading has ended on: 95
INFO 2026-08-22 06:48:19,369 judge_list Judge available after grading 95: HaiNamPCT
INFO 2026-08-22 07:11:30,249 judge_list Free judges: 1
INFO 2026-08-22 07:11:30,249 judge_list Dispatched submission 96 to: HaiNamPCT
INFO 2026-08-22 07:11:30,254 judge_handler Submission acknowledged: 96
INFO 2026-08-22 07:11:30,683 judge_handler HaiNamPCT: Submission generated compiler messages: 96
INFO 2026-08-22 07:11:30,689 judge_handler HaiNamPCT: Grading has begun on: 96
INFO 2026-08-22 07:11:30,939 judge_handler HaiNamPCT: 31 test case(s) completed on: 96
INFO 2026-08-22 07:11:31,189 judge_handler HaiNamPCT: 23 test case(s) completed on: 96
INFO 2026-08-22 07:11:31,439 judge_handler HaiNamPCT: 13 test case(s) completed on: 96
INFO 2026-08-22 07:11:31,690 judge_handler HaiNamPCT: 13 test case(s) completed on: 96
INFO 2026-08-22 07:11:31,940 judge_handler HaiNamPCT: 5 test case(s) completed on: 96
INFO 2026-08-22 07:11:32,190 judge_handler HaiNamPCT: 7 test case(s) completed on: 96
INFO 2026-08-22 07:11:32,441 judge_handler HaiNamPCT: 6 test case(s) completed on: 96
INFO 2026-08-22 07:11:32,533 judge_handler HaiNamPCT: 2 test case(s) completed on: 96
INFO 2026-08-22 07:11:32,543 judge_handler HaiNamPCT: Grading has ended on: 96
INFO 2026-08-22 07:11:32,543 judge_list Judge available after grading 96: HaiNamPCT
INFO 2026-08-22 07:26:57,253 judge_handler HaiNamPCT: Updated problem list
INFO 2026-08-22 07:27:00,254 judge_handler HaiNamPCT: Updated problem list
INFO 2026-08-22 07:27:05,867 judge_handler HaiNamPCT: Updated problem list
INFO 2026-08-22 07:27:08,868 judge_handler HaiNamPCT: Updated problem list
INFO 2026-08-22 07:27:42,707 judge_list Free judges: 1
INFO 2026-08-22 07:27:42,707 judge_list Dispatched submission 97 to: HaiNamPCT
INFO 2026-08-22 07:27:42,713 judge_handler Submission acknowledged: 97
INFO 2026-08-22 07:27:43,014 judge_handler HaiNamPCT: Submission generated compiler messages: 97
INFO 2026-08-22 07:27:43,020 judge_handler HaiNamPCT: Grading has begun on: 97
INFO 2026-08-22 07:27:43,256 judge_handler HaiNamPCT: 34 test case(s) completed on: 97
INFO 2026-08-22 07:27:43,356 judge_handler HaiNamPCT: 16 test case(s) completed on: 97
INFO 2026-08-22 07:27:43,369 judge_handler HaiNamPCT: Grading has ended on: 97
INFO 2026-08-22 07:27:43,369 judge_list Judge available after grading 97: HaiNamPCT
INFO 2026-08-22 07:33:35,418 judge_list Free judges: 1
INFO 2026-08-22 07:33:35,418 judge_list Dispatched submission 98 to: HaiNamPCT
INFO 2026-08-22 07:33:35,424 judge_handler Submission acknowledged: 98
INFO 2026-08-22 07:33:35,723 judge_handler HaiNamPCT: Submission generated compiler messages: 98
INFO 2026-08-22 07:33:35,738 judge_handler HaiNamPCT: Grading has begun on: 98
INFO 2026-08-22 07:33:35,959 judge_handler HaiNamPCT: 8 test case(s) completed on: 98
INFO 2026-08-22 07:33:36,210 judge_handler HaiNamPCT: 18 test case(s) completed on: 98
INFO 2026-08-22 07:33:36,460 judge_handler HaiNamPCT: 6 test case(s) completed on: 98
INFO 2026-08-22 07:33:36,711 judge_handler HaiNamPCT: 11 test case(s) completed on: 98
INFO 2026-08-22 07:33:36,793 judge_handler HaiNamPCT: 7 test case(s) completed on: 98
INFO 2026-08-22 07:33:36,879 judge_handler HaiNamPCT: Grading has ended on: 98
INFO 2026-08-22 07:33:36,879 judge_list Judge available after grading 98: HaiNamPCT
INFO 2026-08-22 07:34:21,491 judge_list Free judges: 1
INFO 2026-08-22 07:34:21,492 judge_list Dispatched submission 99 to: HaiNamPCT
INFO 2026-08-22 07:34:21,496 judge_handler Submission acknowledged: 99
INFO 2026-08-22 07:34:21,795 judge_handler HaiNamPCT: Submission generated compiler messages: 99
INFO 2026-08-22 07:34:21,813 judge_handler HaiNamPCT: Grading has begun on: 99
INFO 2026-08-22 07:34:21,986 judge_handler HaiNamPCT: 7 test case(s) completed on: 99
INFO 2026-08-22 07:34:22,237 judge_handler HaiNamPCT: 16 test case(s) completed on: 99
INFO 2026-08-22 07:34:22,488 judge_handler HaiNamPCT: 9 test case(s) completed on: 99
INFO 2026-08-22 07:34:22,738 judge_handler HaiNamPCT: 11 test case(s) completed on: 99
INFO 2026-08-22 07:34:22,837 judge_handler HaiNamPCT: 7 test case(s) completed on: 99
INFO 2026-08-22 07:34:22,846 judge_handler HaiNamPCT: Grading has ended on: 99
INFO 2026-08-22 07:34:22,847 judge_list Judge available after grading 99: HaiNamPCT
INFO 2026-08-22 07:35:59,754 judge_list Free judges: 1
INFO 2026-08-22 07:35:59,755 judge_list Dispatched submission 100 to: HaiNamPCT
INFO 2026-08-22 07:35:59,760 judge_handler Submission acknowledged: 100
INFO 2026-08-22 07:36:01,463 judge_handler HaiNamPCT: Submission generated compiler messages: 100
INFO 2026-08-22 07:36:01,469 judge_handler HaiNamPCT: Grading has begun on: 100
INFO 2026-08-22 07:36:01,546 judge_handler HaiNamPCT: 5 test case(s) completed on: 100
INFO 2026-08-22 07:36:01,797 judge_handler HaiNamPCT: 6 test case(s) completed on: 100
INFO 2026-08-22 07:36:02,049 judge_handler HaiNamPCT: 17 test case(s) completed on: 100
INFO 2026-08-22 07:36:02,299 judge_handler HaiNamPCT: 11 test case(s) completed on: 100
INFO 2026-08-22 07:36:02,505 judge_handler HaiNamPCT: 11 test case(s) completed on: 100
INFO 2026-08-22 07:36:02,515 judge_handler HaiNamPCT: Grading has ended on: 100
INFO 2026-08-22 07:36:02,515 judge_list Judge available after grading 100: HaiNamPCT
INFO 2026-08-22 08:11:14,999 judge_handler HaiNamPCT: Updated problem list
INFO 2026-08-22 08:11:25,897 judge_handler HaiNamPCT: Updated problem list
INFO 2026-08-22 08:11:28,898 judge_handler HaiNamPCT: Updated problem list
INFO 2026-08-22 08:11:41,499 judge_list Free judges: 1
INFO 2026-08-22 08:11:41,499 judge_list Dispatched submission 101 to: HaiNamPCT
INFO 2026-08-22 08:11:41,504 judge_handler Submission acknowledged: 101
INFO 2026-08-22 08:11:42,202 judge_handler HaiNamPCT: Submission generated compiler messages: 101
INFO 2026-08-22 08:11:42,208 judge_handler HaiNamPCT: Grading has begun on: 101
INFO 2026-08-22 08:11:42,286 judge_handler HaiNamPCT: 7 test case(s) completed on: 101
INFO 2026-08-22 08:11:42,537 judge_handler HaiNamPCT: 35 test case(s) completed on: 101
INFO 2026-08-22 08:11:42,787 judge_handler HaiNamPCT: 23 test case(s) completed on: 101
INFO 2026-08-22 08:11:43,038 judge_handler HaiNamPCT: 18 test case(s) completed on: 101
INFO 2026-08-22 08:11:43,288 judge_handler HaiNamPCT: 11 test case(s) completed on: 101
INFO 2026-08-22 08:11:43,413 judge_handler HaiNamPCT: 6 test case(s) completed on: 101
INFO 2026-08-22 08:11:43,423 judge_handler HaiNamPCT: Grading has ended on: 101
INFO 2026-08-22 08:11:43,423 judge_list Judge available after grading 101: HaiNamPCT
INFO 2026-08-22 08:16:44,445 judge_handler HaiNamPCT: Updated problem list
INFO 2026-08-22 08:16:50,564 judge_handler HaiNamPCT: Updated problem list
INFO 2026-08-22 08:16:53,565 judge_handler HaiNamPCT: Updated problem list
INFO 2026-08-22 08:17:03,591 judge_list Free judges: 1
INFO 2026-08-22 08:17:03,591 judge_list Dispatched submission 102 to: HaiNamPCT
INFO 2026-08-22 08:17:03,597 judge_handler Submission acknowledged: 102
INFO 2026-08-22 08:17:04,272 judge_handler HaiNamPCT: Submission generated compiler messages: 102
INFO 2026-08-22 08:17:04,279 judge_handler HaiNamPCT: Grading has begun on: 102
INFO 2026-08-22 08:17:04,469 judge_handler HaiNamPCT: 26 test case(s) completed on: 102
INFO 2026-08-22 08:17:04,720 judge_handler HaiNamPCT: 15 test case(s) completed on: 102
INFO 2026-08-22 08:17:04,850 judge_handler HaiNamPCT: 9 test case(s) completed on: 102
INFO 2026-08-22 08:17:04,860 judge_handler HaiNamPCT: Grading has ended on: 102
INFO 2026-08-22 08:17:04,861 judge_list Judge available after grading 102: HaiNamPCT
INFO 2026-08-22 15:25:38,964 judge_list Free judges: 1
INFO 2026-08-22 15:25:38,964 judge_list Dispatched submission 103 to: HaiNamPCT
INFO 2026-08-22 15:25:38,969 judge_handler Submission acknowledged: 103
INFO 2026-08-22 15:25:39,406 judge_handler HaiNamPCT: Submission generated compiler messages: 103
INFO 2026-08-22 15:25:39,416 judge_handler HaiNamPCT: Grading has begun on: 103
INFO 2026-08-22 15:25:39,512 judge_handler HaiNamPCT: 5 test case(s) completed on: 103
INFO 2026-08-22 15:25:39,763 judge_handler HaiNamPCT: 36 test case(s) completed on: 103
INFO 2026-08-22 15:25:40,013 judge_handler HaiNamPCT: 14 test case(s) completed on: 103
INFO 2026-08-22 15:25:40,264 judge_handler HaiNamPCT: 10 test case(s) completed on: 103
INFO 2026-08-22 15:25:40,514 judge_handler HaiNamPCT: 9 test case(s) completed on: 103
INFO 2026-08-22 15:25:40,764 judge_handler HaiNamPCT: 8 test case(s) completed on: 103
INFO 2026-08-22 15:25:41,015 judge_handler HaiNamPCT: 1 test case(s) completed on: 103
INFO 2026-08-22 15:25:41,265 judge_handler HaiNamPCT: 4 test case(s) completed on: 103
INFO 2026-08-22 15:25:41,515 judge_handler HaiNamPCT: 5 test case(s) completed on: 103
INFO 2026-08-22 15:25:41,766 judge_handler HaiNamPCT: 3 test case(s) completed on: 103
INFO 2026-08-22 15:25:42,016 judge_handler HaiNamPCT: 4 test case(s) completed on: 103
INFO 2026-08-22 15:25:42,079 judge_handler HaiNamPCT: 1 test case(s) completed on: 103
INFO 2026-08-22 15:25:42,089 judge_handler HaiNamPCT: Grading has ended on: 103
INFO 2026-08-22 15:25:42,089 judge_list Judge available after grading 103: HaiNamPCT
INFO 2026-08-22 15:32:20,600 judge_handler HaiNamPCT: Updated problem list
INFO 2026-08-22 15:32:23,601 judge_handler HaiNamPCT: Updated problem list
INFO 2026-08-22 15:32:28,597 judge_handler HaiNamPCT: Updated problem list
INFO 2026-08-22 15:32:31,597 judge_handler HaiNamPCT: Updated problem list
INFO 2026-08-22 15:32:42,108 judge_list Free judges: 1
INFO 2026-08-22 15:32:42,108 judge_list Dispatched submission 104 to: HaiNamPCT
INFO 2026-08-22 15:32:42,113 judge_handler Submission acknowledged: 104
INFO 2026-08-22 15:32:42,834 judge_handler HaiNamPCT: Submission generated compiler messages: 104
INFO 2026-08-22 15:32:42,841 judge_handler HaiNamPCT: Grading has begun on: 104
INFO 2026-08-22 15:32:43,000 judge_handler HaiNamPCT: 23 test case(s) completed on: 104
INFO 2026-08-22 15:32:43,251 judge_handler HaiNamPCT: 14 test case(s) completed on: 104
INFO 2026-08-22 15:32:43,502 judge_handler HaiNamPCT: 2 test case(s) completed on: 104
INFO 2026-08-22 15:32:43,752 judge_handler HaiNamPCT: 2 test case(s) completed on: 104
INFO 2026-08-22 15:32:44,002 judge_handler HaiNamPCT: 2 test case(s) completed on: 104
INFO 2026-08-22 15:32:44,152 judge_handler HaiNamPCT: 7 test case(s) completed on: 104
INFO 2026-08-22 15:32:44,161 judge_handler HaiNamPCT: Grading has ended on: 104
INFO 2026-08-22 15:32:44,162 judge_list Judge available after grading 104: HaiNamPCT
INFO 2026-08-22 15:38:16,284 judge_handler HaiNamPCT: Updated problem list
INFO 2026-08-22 15:38:19,285 judge_handler HaiNamPCT: Updated problem list
INFO 2026-08-22 15:38:23,110 judge_handler HaiNamPCT: Updated problem list
INFO 2026-08-22 15:38:47,649 judge_list Free judges: 1
INFO 2026-08-22 15:38:47,650 judge_list Dispatched submission 105 to: HaiNamPCT
INFO 2026-08-22 15:38:47,655 judge_handler Submission acknowledged: 105
INFO 2026-08-22 15:38:48,330 judge_handler HaiNamPCT: Submission generated compiler messages: 105
INFO 2026-08-22 15:38:48,336 judge_handler HaiNamPCT: Grading has begun on: 105
INFO 2026-08-22 15:38:48,462 judge_handler HaiNamPCT: 18 test case(s) completed on: 105
INFO 2026-08-22 15:38:48,713 judge_handler HaiNamPCT: 29 test case(s) completed on: 105
INFO 2026-08-22 15:38:48,736 judge_handler HaiNamPCT: 3 test case(s) completed on: 105
INFO 2026-08-22 15:38:48,744 judge_handler HaiNamPCT: Grading has ended on: 105
INFO 2026-08-22 15:38:48,744 judge_list Judge available after grading 105: HaiNamPCT
INFO 2026-08-22 15:51:12,250 judge_handler HaiNamPCT: Updated problem list
INFO 2026-08-22 15:51:15,251 judge_handler HaiNamPCT: Updated problem list
INFO 2026-08-22 15:51:18,252 judge_handler HaiNamPCT: Updated problem list
INFO 2026-08-22 15:51:36,872 judge_list Free judges: 1
INFO 2026-08-22 15:51:36,872 judge_list Dispatched submission 106 to: HaiNamPCT
INFO 2026-08-22 15:51:36,877 judge_handler Submission acknowledged: 106
INFO 2026-08-22 15:51:37,613 judge_handler HaiNamPCT: Submission generated compiler messages: 106
INFO 2026-08-22 15:51:37,619 judge_handler HaiNamPCT: Grading has begun on: 106
INFO 2026-08-22 15:51:37,647 judge_handler HaiNamPCT: 3 test case(s) completed on: 106
INFO 2026-08-22 15:51:37,898 judge_handler HaiNamPCT: 31 test case(s) completed on: 106
INFO 2026-08-22 15:51:38,148 judge_handler HaiNamPCT: 9 test case(s) completed on: 106
INFO 2026-08-22 15:51:38,219 judge_handler HaiNamPCT: 7 test case(s) completed on: 106
INFO 2026-08-22 15:51:38,229 judge_handler HaiNamPCT: Grading has ended on: 106
INFO 2026-08-22 15:51:38,229 judge_list Judge available after grading 106: HaiNamPCT
INFO 2026-08-22 16:07:07,616 judge_list Free judges: 1
INFO 2026-08-22 16:07:07,616 judge_list Dispatched submission 107 to: HaiNamPCT
INFO 2026-08-22 16:07:07,622 judge_handler Submission acknowledged: 107
INFO 2026-08-22 16:07:07,974 judge_handler HaiNamPCT: Submission generated compiler messages: 107
INFO 2026-08-22 16:07:07,981 judge_handler HaiNamPCT: Grading has begun on: 107
INFO 2026-08-22 16:07:08,180 judge_handler HaiNamPCT: 26 test case(s) completed on: 107
INFO 2026-08-22 16:07:08,430 judge_handler HaiNamPCT: 13 test case(s) completed on: 107
INFO 2026-08-22 16:07:08,653 judge_handler HaiNamPCT: 11 test case(s) completed on: 107
INFO 2026-08-22 16:07:08,663 judge_handler HaiNamPCT: Grading has ended on: 107
INFO 2026-08-22 16:07:08,663 judge_list Judge available after grading 107: HaiNamPCT
INFO 2026-08-22 16:16:04,767 judge_list Free judges: 1
INFO 2026-08-22 16:16:04,768 judge_list Dispatched submission 57 to: HaiNamPCT
INFO 2026-08-22 16:16:04,773 judge_handler Submission acknowledged: 57
INFO 2026-08-22 16:16:05,357 judge_handler HaiNamPCT: Submission generated compiler messages: 57
INFO 2026-08-22 16:16:05,363 judge_handler HaiNamPCT: Grading has begun on: 57
INFO 2026-08-22 16:16:05,479 judge_handler HaiNamPCT: 16 test case(s) completed on: 57
INFO 2026-08-22 16:16:05,507 judge_handler HaiNamPCT: 4 test case(s) completed on: 57
INFO 2026-08-22 16:16:05,517 judge_handler HaiNamPCT: Grading has ended on: 57
INFO 2026-08-22 16:16:05,517 judge_list Judge available after grading 57: HaiNamPCT
INFO 2026-08-22 16:16:14,710 judge_list Free judges: 1
INFO 2026-08-22 16:16:14,710 judge_list Dispatched submission 57 to: HaiNamPCT
INFO 2026-08-22 16:16:14,715 judge_handler Submission acknowledged: 57
INFO 2026-08-22 16:16:15,305 judge_handler HaiNamPCT: Submission generated compiler messages: 57
INFO 2026-08-22 16:16:15,312 judge_handler HaiNamPCT: Grading has begun on: 57
INFO 2026-08-22 16:16:15,454 judge_handler HaiNamPCT: 20 test case(s) completed on: 57
INFO 2026-08-22 16:16:15,467 judge_handler HaiNamPCT: Grading has ended on: 57
INFO 2026-08-22 16:16:15,467 judge_list Judge available after grading 57: HaiNamPCT
INFO 2026-08-23 01:10:59,109 judge_list Free judges: 1
INFO 2026-08-23 01:10:59,109 judge_list Dispatched submission 108 to: HaiNamPCT
INFO 2026-08-23 01:10:59,115 judge_handler Submission acknowledged: 108
INFO 2026-08-23 01:10:59,415 judge_handler HaiNamPCT: Submission generated compiler messages: 108
INFO 2026-08-23 01:10:59,422 judge_handler HaiNamPCT: Grading has begun on: 108
INFO 2026-08-23 01:10:59,454 judge_handler HaiNamPCT: 3 test case(s) completed on: 108
INFO 2026-08-23 01:10:59,465 judge_handler HaiNamPCT: Grading has ended on: 108
INFO 2026-08-23 01:10:59,465 judge_list Judge available after grading 108: HaiNamPCT
INFO 2026-08-23 01:11:55,425 judge_list Free judges: 1
INFO 2026-08-23 01:11:55,426 judge_list Dispatched submission 109 to: HaiNamPCT
INFO 2026-08-23 01:11:55,430 judge_handler Submission acknowledged: 109
INFO 2026-08-23 01:11:55,649 judge_handler HaiNamPCT: Submission failed to compile: 109
INFO 2026-08-23 01:11:55,652 judge_list Judge available after grading 109: HaiNamPCT
INFO 2026-08-23 01:12:27,753 judge_list Free judges: 1
INFO 2026-08-23 01:12:27,754 judge_list Dispatched submission 110 to: HaiNamPCT
INFO 2026-08-23 01:12:27,759 judge_handler Submission acknowledged: 110
INFO 2026-08-23 01:12:28,042 judge_handler HaiNamPCT: Submission generated compiler messages: 110
INFO 2026-08-23 01:12:28,051 judge_handler HaiNamPCT: Grading has begun on: 110
INFO 2026-08-23 01:12:28,099 judge_handler HaiNamPCT: 2 test case(s) completed on: 110
INFO 2026-08-23 01:12:28,178 judge_handler HaiNamPCT: 1 test case(s) completed on: 110
INFO 2026-08-23 01:12:28,189 judge_handler HaiNamPCT: Grading has ended on: 110
INFO 2026-08-23 01:12:28,189 judge_list Judge available after grading 110: HaiNamPCT
INFO 2026-08-23 03:52:05,765 judge_list Free judges: 1
INFO 2026-08-23 03:52:05,766 judge_list Dispatched submission 111 to: HaiNamPCT
INFO 2026-08-23 03:52:05,771 judge_handler Submission acknowledged: 111
INFO 2026-08-23 03:52:06,145 judge_handler HaiNamPCT: Submission generated compiler messages: 111
INFO 2026-08-23 03:52:06,153 judge_handler HaiNamPCT: Grading has begun on: 111
INFO 2026-08-23 03:52:06,357 judge_handler HaiNamPCT: 26 test case(s) completed on: 111
INFO 2026-08-23 03:52:06,607 judge_handler HaiNamPCT: 11 test case(s) completed on: 111
INFO 2026-08-23 03:52:06,858 judge_handler HaiNamPCT: 5 test case(s) completed on: 111
INFO 2026-08-23 03:52:07,023 judge_handler HaiNamPCT: 8 test case(s) completed on: 111
INFO 2026-08-23 03:52:07,036 judge_handler HaiNamPCT: Grading has ended on: 111
INFO 2026-08-23 03:52:07,037 judge_list Judge available after grading 111: HaiNamPCT
INFO 2026-08-23 04:03:16,782 judge_list Free judges: 1
INFO 2026-08-23 04:03:16,782 judge_list Dispatched submission 112 to: HaiNamPCT
INFO 2026-08-23 04:03:16,788 judge_handler Submission acknowledged: 112
INFO 2026-08-23 04:03:17,075 judge_handler HaiNamPCT: Submission generated compiler messages: 112
INFO 2026-08-23 04:03:17,081 judge_handler HaiNamPCT: Grading has begun on: 112
INFO 2026-08-23 04:03:17,222 judge_handler HaiNamPCT: 20 test case(s) completed on: 112
INFO 2026-08-23 04:03:17,234 judge_handler HaiNamPCT: Grading has ended on: 112
INFO 2026-08-23 04:03:17,234 judge_list Judge available after grading 112: HaiNamPCT
INFO 2026-08-23 04:04:33,783 judge_list Free judges: 1
INFO 2026-08-23 04:04:33,783 judge_list Dispatched submission 113 to: HaiNamPCT
INFO 2026-08-23 04:04:33,788 judge_handler Submission acknowledged: 113
INFO 2026-08-23 04:04:34,100 judge_handler HaiNamPCT: Submission generated compiler messages: 113
INFO 2026-08-23 04:04:34,106 judge_handler HaiNamPCT: Grading has begun on: 113
INFO 2026-08-23 04:04:34,256 judge_handler HaiNamPCT: 20 test case(s) completed on: 113
INFO 2026-08-23 04:04:34,270 judge_handler HaiNamPCT: Grading has ended on: 113
INFO 2026-08-23 04:04:34,270 judge_list Judge available after grading 113: HaiNamPCT
INFO 2026-08-23 10:28:38,202 judge_list Free judges: 1
INFO 2026-08-23 10:28:38,202 judge_list Dispatched submission 114 to: HaiNamPCT
INFO 2026-08-23 10:28:38,207 judge_handler Submission acknowledged: 114
INFO 2026-08-23 10:28:38,509 judge_handler HaiNamPCT: Submission generated compiler messages: 114
INFO 2026-08-23 10:28:38,516 judge_handler HaiNamPCT: Grading has begun on: 114
INFO 2026-08-23 10:28:38,560 judge_handler HaiNamPCT: 3 test case(s) completed on: 114
INFO 2026-08-23 10:28:38,572 judge_handler HaiNamPCT: Grading has ended on: 114
INFO 2026-08-23 10:28:38,572 judge_list Judge available after grading 114: HaiNamPCT
INFO 2026-08-23 10:36:14,813 judge_list Free judges: 1
INFO 2026-08-23 10:36:14,813 judge_list Dispatched submission 115 to: HaiNamPCT
INFO 2026-08-23 10:36:14,818 judge_handler Submission acknowledged: 115
INFO 2026-08-23 10:36:15,094 judge_handler HaiNamPCT: Submission generated compiler messages: 115
INFO 2026-08-23 10:36:15,104 judge_handler HaiNamPCT: Grading has begun on: 115
INFO 2026-08-23 10:36:15,146 judge_handler HaiNamPCT: 2 test case(s) completed on: 115
INFO 2026-08-23 10:36:15,158 judge_handler HaiNamPCT: 1 test case(s) completed on: 115
INFO 2026-08-23 10:36:15,168 judge_handler HaiNamPCT: Grading has ended on: 115
INFO 2026-08-23 10:36:15,168 judge_list Judge available after grading 115: HaiNamPCT
INFO 2026-08-23 11:14:49,602 judge_list Free judges: 1
INFO 2026-08-23 11:14:49,602 judge_list Dispatched submission 116 to: HaiNamPCT
INFO 2026-08-23 11:14:49,608 judge_handler Submission acknowledged: 116
INFO 2026-08-23 11:14:49,905 judge_handler HaiNamPCT: Submission generated compiler messages: 116
INFO 2026-08-23 11:14:49,912 judge_handler HaiNamPCT: Grading has begun on: 116
INFO 2026-08-23 11:14:49,941 judge_handler HaiNamPCT: 3 test case(s) completed on: 116
INFO 2026-08-23 11:14:49,950 judge_handler HaiNamPCT: Grading has ended on: 116
INFO 2026-08-23 11:14:49,950 judge_list Judge available after grading 116: HaiNamPCT
INFO 2026-08-23 11:15:37,263 judge_list Free judges: 1
INFO 2026-08-23 11:15:37,263 judge_list Dispatched submission 117 to: HaiNamPCT
INFO 2026-08-23 11:15:37,268 judge_handler Submission acknowledged: 117
INFO 2026-08-23 11:15:37,553 judge_handler HaiNamPCT: Submission generated compiler messages: 117
INFO 2026-08-23 11:15:37,560 judge_handler HaiNamPCT: Grading has begun on: 117
INFO 2026-08-23 11:15:37,604 judge_handler HaiNamPCT: 3 test case(s) completed on: 117
INFO 2026-08-23 11:15:37,615 judge_handler HaiNamPCT: Grading has ended on: 117
INFO 2026-08-23 11:15:37,615 judge_list Judge available after grading 117: HaiNamPCT
INFO 2026-08-23 13:14:20,353 judge_list Free judges: 1
INFO 2026-08-23 13:14:20,353 judge_list Dispatched submission 118 to: HaiNamPCT
INFO 2026-08-23 13:14:20,359 judge_handler Submission acknowledged: 118
INFO 2026-08-23 13:14:20,633 judge_handler HaiNamPCT: Submission generated compiler messages: 118
INFO 2026-08-23 13:14:20,647 judge_handler HaiNamPCT: Grading has begun on: 118
INFO 2026-08-23 13:14:20,805 judge_handler HaiNamPCT: 19 test case(s) completed on: 118
INFO 2026-08-23 13:14:20,819 judge_handler HaiNamPCT: 1 test case(s) completed on: 118
INFO 2026-08-23 13:14:20,826 judge_handler HaiNamPCT: Grading has ended on: 118
INFO 2026-08-23 13:14:20,826 judge_list Judge available after grading 118: HaiNamPCT
INFO 2026-08-23 13:21:50,114 judge_list Free judges: 1
INFO 2026-08-23 13:21:50,114 judge_list Dispatched submission 119 to: HaiNamPCT
INFO 2026-08-23 13:21:50,120 judge_handler Submission acknowledged: 119
INFO 2026-08-23 13:21:50,424 judge_handler HaiNamPCT: Submission generated compiler messages: 119
INFO 2026-08-23 13:21:50,430 judge_handler HaiNamPCT: Grading has begun on: 119
INFO 2026-08-23 13:21:50,578 judge_handler HaiNamPCT: 20 test case(s) completed on: 119
INFO 2026-08-23 13:21:50,829 judge_handler HaiNamPCT: 34 test case(s) completed on: 119
INFO 2026-08-23 13:21:51,079 judge_handler HaiNamPCT: 35 test case(s) completed on: 119
INFO 2026-08-23 13:21:51,159 judge_handler HaiNamPCT: 11 test case(s) completed on: 119
INFO 2026-08-23 13:21:51,171 judge_handler HaiNamPCT: Grading has ended on: 119
INFO 2026-08-23 13:21:51,171 judge_list Judge available after grading 119: HaiNamPCT
INFO 2026-08-23 13:28:02,656 judge_list Free judges: 1
INFO 2026-08-23 13:28:02,656 judge_list Dispatched submission 120 to: HaiNamPCT
INFO 2026-08-23 13:28:02,661 judge_handler Submission acknowledged: 120
INFO 2026-08-23 13:28:02,938 judge_handler HaiNamPCT: Submission generated compiler messages: 120
INFO 2026-08-23 13:28:02,945 judge_handler HaiNamPCT: Grading has begun on: 120
INFO 2026-08-23 13:28:03,050 judge_handler HaiNamPCT: 14 test case(s) completed on: 120
INFO 2026-08-23 13:28:03,093 judge_handler HaiNamPCT: 6 test case(s) completed on: 120
INFO 2026-08-23 13:28:03,105 judge_handler HaiNamPCT: Grading has ended on: 120
INFO 2026-08-23 13:28:03,105 judge_list Judge available after grading 120: HaiNamPCT
INFO 2026-08-23 13:29:38,269 judge_list Free judges: 1
INFO 2026-08-23 13:29:38,269 judge_list Dispatched submission 121 to: HaiNamPCT
INFO 2026-08-23 13:29:38,274 judge_handler Submission acknowledged: 121
INFO 2026-08-23 13:29:38,549 judge_handler HaiNamPCT: Submission generated compiler messages: 121
INFO 2026-08-23 13:29:38,559 judge_handler HaiNamPCT: Grading has begun on: 121
INFO 2026-08-23 13:29:38,610 judge_handler HaiNamPCT: 7 test case(s) completed on: 121
INFO 2026-08-23 13:29:38,698 judge_handler HaiNamPCT: 13 test case(s) completed on: 121
INFO 2026-08-23 13:29:38,710 judge_handler HaiNamPCT: Grading has ended on: 121
INFO 2026-08-23 13:29:38,710 judge_list Judge available after grading 121: HaiNamPCT
INFO 2026-08-23 13:33:09,031 judge_list Free judges: 1
INFO 2026-08-23 13:33:09,031 judge_list Dispatched submission 122 to: HaiNamPCT
INFO 2026-08-23 13:33:09,036 judge_handler Submission acknowledged: 122
INFO 2026-08-23 13:33:09,318 judge_handler HaiNamPCT: Submission generated compiler messages: 122
INFO 2026-08-23 13:33:09,328 judge_handler HaiNamPCT: Grading has begun on: 122
INFO 2026-08-23 13:33:09,461 judge_handler HaiNamPCT: 20 test case(s) completed on: 122
INFO 2026-08-23 13:33:09,473 judge_handler HaiNamPCT: Grading has ended on: 122
INFO 2026-08-23 13:33:09,473 judge_list Judge available after grading 122: HaiNamPCT
INFO 2026-08-23 13:36:16,400 judge_list Free judges: 1
INFO 2026-08-23 13:36:16,400 judge_list Dispatched submission 123 to: HaiNamPCT
INFO 2026-08-23 13:36:16,407 judge_handler Submission acknowledged: 123
INFO 2026-08-23 13:36:16,707 judge_handler HaiNamPCT: Submission generated compiler messages: 123
INFO 2026-08-23 13:36:16,714 judge_handler HaiNamPCT: Grading has begun on: 123
INFO 2026-08-23 13:36:16,848 judge_handler HaiNamPCT: 18 test case(s) completed on: 123
INFO 2026-08-23 13:36:17,099 judge_handler HaiNamPCT: 36 test case(s) completed on: 123
INFO 2026-08-23 13:36:17,349 judge_handler HaiNamPCT: 36 test case(s) completed on: 123
INFO 2026-08-23 13:36:17,419 judge_handler HaiNamPCT: 10 test case(s) completed on: 123
INFO 2026-08-23 13:36:17,430 judge_handler HaiNamPCT: Grading has ended on: 123
INFO 2026-08-23 13:36:17,430 judge_list Judge available after grading 123: HaiNamPCT
INFO 2026-08-23 13:37:54,162 judge_list Free judges: 1
INFO 2026-08-23 13:37:54,163 judge_list Dispatched submission 124 to: HaiNamPCT
INFO 2026-08-23 13:37:54,168 judge_handler Submission acknowledged: 124
INFO 2026-08-23 13:37:54,449 judge_handler HaiNamPCT: Submission generated compiler messages: 124
INFO 2026-08-23 13:37:54,456 judge_handler HaiNamPCT: Grading has begun on: 124
INFO 2026-08-23 13:37:54,658 judge_handler HaiNamPCT: 27 test case(s) completed on: 124
INFO 2026-08-23 13:37:54,908 judge_handler HaiNamPCT: 36 test case(s) completed on: 124
INFO 2026-08-23 13:37:55,159 judge_handler HaiNamPCT: 36 test case(s) completed on: 124
INFO 2026-08-23 13:37:55,176 judge_handler HaiNamPCT: 1 test case(s) completed on: 124
INFO 2026-08-23 13:37:55,183 judge_handler HaiNamPCT: Grading has ended on: 124
INFO 2026-08-23 13:37:55,183 judge_list Judge available after grading 124: HaiNamPCT
INFO 2026-08-23 13:47:14,179 judge_list Free judges: 1
INFO 2026-08-23 13:47:14,179 judge_list Dispatched submission 125 to: HaiNamPCT
INFO 2026-08-23 13:47:14,185 judge_handler Submission acknowledged: 125
INFO 2026-08-23 13:47:14,482 judge_handler HaiNamPCT: Submission generated compiler messages: 125
INFO 2026-08-23 13:47:14,493 judge_handler HaiNamPCT: Grading has begun on: 125
INFO 2026-08-23 13:47:14,742 judge_handler HaiNamPCT: 33 test case(s) completed on: 125
INFO 2026-08-23 13:47:14,992 judge_handler HaiNamPCT: 36 test case(s) completed on: 125
INFO 2026-08-23 13:47:15,205 judge_handler HaiNamPCT: 31 test case(s) completed on: 125
INFO 2026-08-23 13:47:15,218 judge_handler HaiNamPCT: Grading has ended on: 125
INFO 2026-08-23 13:47:15,218 judge_list Judge available after grading 125: HaiNamPCT
INFO 2026-08-23 13:53:19,110 judge_list Free judges: 1
INFO 2026-08-23 13:53:19,110 judge_list Dispatched submission 126 to: HaiNamPCT
INFO 2026-08-23 13:53:19,115 judge_handler Submission acknowledged: 126
INFO 2026-08-23 13:53:19,391 judge_handler HaiNamPCT: Submission generated compiler messages: 126
INFO 2026-08-23 13:53:19,398 judge_handler HaiNamPCT: Grading has begun on: 126
INFO 2026-08-23 13:53:19,460 judge_handler HaiNamPCT: 8 test case(s) completed on: 126
INFO 2026-08-23 13:53:19,539 judge_handler HaiNamPCT: 12 test case(s) completed on: 126
INFO 2026-08-23 13:53:19,553 judge_handler HaiNamPCT: Grading has ended on: 126
INFO 2026-08-23 13:53:19,553 judge_list Judge available after grading 126: HaiNamPCT
INFO 2026-08-23 13:57:47,650 judge_list Free judges: 1
INFO 2026-08-23 13:57:47,650 judge_list Dispatched submission 127 to: HaiNamPCT
INFO 2026-08-23 13:57:47,656 judge_handler Submission acknowledged: 127
INFO 2026-08-23 13:57:47,927 judge_handler HaiNamPCT: Submission generated compiler messages: 127
INFO 2026-08-23 13:57:47,933 judge_handler HaiNamPCT: Grading has begun on: 127
INFO 2026-08-23 13:57:48,077 judge_handler HaiNamPCT: 20 test case(s) completed on: 127
INFO 2026-08-23 13:57:48,087 judge_handler HaiNamPCT: Grading has ended on: 127
INFO 2026-08-23 13:57:48,087 judge_list Judge available after grading 127: HaiNamPCT
INFO 2026-08-23 14:11:15,337 judge_list Free judges: 1
INFO 2026-08-23 14:11:15,337 judge_list Dispatched submission 128 to: HaiNamPCT
INFO 2026-08-23 14:11:15,342 judge_handler Submission acknowledged: 128
INFO 2026-08-23 14:11:15,642 judge_handler HaiNamPCT: Submission generated compiler messages: 128
INFO 2026-08-23 14:11:15,648 judge_handler HaiNamPCT: Grading has begun on: 128
INFO 2026-08-23 14:11:15,858 judge_handler HaiNamPCT: 15 test case(s) completed on: 128
INFO 2026-08-23 14:11:15,890 judge_handler HaiNamPCT: 5 test case(s) completed on: 128
INFO 2026-08-23 14:11:15,900 judge_handler HaiNamPCT: Grading has ended on: 128
INFO 2026-08-23 14:11:15,900 judge_list Judge available after grading 128: HaiNamPCT
INFO 2026-08-23 14:13:04,659 judge_list Free judges: 1
INFO 2026-08-23 14:13:04,659 judge_list Dispatched submission 129 to: HaiNamPCT
INFO 2026-08-23 14:13:04,665 judge_handler Submission acknowledged: 129
INFO 2026-08-23 14:13:04,957 judge_handler HaiNamPCT: Submission generated compiler messages: 129
INFO 2026-08-23 14:13:04,963 judge_handler HaiNamPCT: Grading has begun on: 129
INFO 2026-08-23 14:13:05,175 judge_handler HaiNamPCT: 18 test case(s) completed on: 129
INFO 2026-08-23 14:13:05,190 judge_handler HaiNamPCT: 2 test case(s) completed on: 129
INFO 2026-08-23 14:13:05,198 judge_handler HaiNamPCT: Grading has ended on: 129
INFO 2026-08-23 14:13:05,198 judge_list Judge available after grading 129: HaiNamPCT
INFO 2026-08-23 14:16:00,900 judge_list Free judges: 1
INFO 2026-08-23 14:16:00,900 judge_list Dispatched submission 130 to: HaiNamPCT
INFO 2026-08-23 14:16:00,905 judge_handler Submission acknowledged: 130
INFO 2026-08-23 14:16:01,191 judge_handler HaiNamPCT: Submission generated compiler messages: 130
INFO 2026-08-23 14:16:01,197 judge_handler HaiNamPCT: Grading has begun on: 130
INFO 2026-08-23 14:16:01,276 judge_handler HaiNamPCT: 11 test case(s) completed on: 130
INFO 2026-08-23 14:16:01,336 judge_handler HaiNamPCT: 9 test case(s) completed on: 130
INFO 2026-08-23 14:16:01,349 judge_handler HaiNamPCT: Grading has ended on: 130
INFO 2026-08-23 14:16:01,349 judge_list Judge available after grading 130: HaiNamPCT
INFO 2026-08-23 14:18:53,539 judge_list Free judges: 1
INFO 2026-08-23 14:18:53,539 judge_list Dispatched submission 131 to: HaiNamPCT
INFO 2026-08-23 14:18:53,544 judge_handler Submission acknowledged: 131
INFO 2026-08-23 14:18:53,844 judge_handler HaiNamPCT: Submission generated compiler messages: 131
INFO 2026-08-23 14:18:53,849 judge_handler HaiNamPCT: Grading has begun on: 131
INFO 2026-08-23 14:18:53,877 judge_handler HaiNamPCT: 3 test case(s) completed on: 131
INFO 2026-08-23 14:18:54,128 judge_handler HaiNamPCT: 32 test case(s) completed on: 131
INFO 2026-08-23 14:18:54,379 judge_handler HaiNamPCT: 5 test case(s) completed on: 131
INFO 2026-08-23 14:18:54,630 judge_handler HaiNamPCT: 5 test case(s) completed on: 131
INFO 2026-08-23 14:18:54,692 judge_handler HaiNamPCT: 5 test case(s) completed on: 131
INFO 2026-08-23 14:18:54,705 judge_handler HaiNamPCT: Grading has ended on: 131
INFO 2026-08-23 14:18:54,705 judge_list Judge available after grading 131: HaiNamPCT
INFO 2026-08-23 14:21:58,213 judge_list Free judges: 1
INFO 2026-08-23 14:21:58,213 judge_list Dispatched submission 132 to: HaiNamPCT
INFO 2026-08-23 14:21:58,219 judge_handler Submission acknowledged: 132
INFO 2026-08-23 14:21:58,511 judge_handler HaiNamPCT: Submission generated compiler messages: 132
INFO 2026-08-23 14:21:58,516 judge_handler HaiNamPCT: Grading has begun on: 132
INFO 2026-08-23 14:21:58,737 judge_handler HaiNamPCT: 9 test case(s) completed on: 132
INFO 2026-08-23 14:21:58,988 judge_handler HaiNamPCT: 19 test case(s) completed on: 132
INFO 2026-08-23 14:21:59,238 judge_handler HaiNamPCT: 11 test case(s) completed on: 132
INFO 2026-08-23 14:21:59,425 judge_handler HaiNamPCT: 11 test case(s) completed on: 132
INFO 2026-08-23 14:21:59,439 judge_handler HaiNamPCT: Grading has ended on: 132
INFO 2026-08-23 14:21:59,439 judge_list Judge available after grading 132: HaiNamPCT
INFO 2026-08-23 14:23:02,431 judge_list Free judges: 1
INFO 2026-08-23 14:23:02,431 judge_list Dispatched submission 133 to: HaiNamPCT
INFO 2026-08-23 14:23:02,436 judge_handler Submission acknowledged: 133
INFO 2026-08-23 14:23:02,720 judge_handler HaiNamPCT: Submission generated compiler messages: 133
INFO 2026-08-23 14:23:02,726 judge_handler HaiNamPCT: Grading has begun on: 133
INFO 2026-08-23 14:23:02,773 judge_handler HaiNamPCT: 6 test case(s) completed on: 133
INFO 2026-08-23 14:23:02,873 judge_handler HaiNamPCT: 14 test case(s) completed on: 133
INFO 2026-08-23 14:23:02,885 judge_handler HaiNamPCT: Grading has ended on: 133
INFO 2026-08-23 14:23:02,885 judge_list Judge available after grading 133: HaiNamPCT
INFO 2026-08-23 14:24:17,728 judge_list Free judges: 1
INFO 2026-08-23 14:24:17,728 judge_list Dispatched submission 134 to: HaiNamPCT
INFO 2026-08-23 14:24:17,733 judge_handler Submission acknowledged: 134
INFO 2026-08-23 14:24:18,035 judge_handler HaiNamPCT: Submission generated compiler messages: 134
INFO 2026-08-23 14:24:18,041 judge_handler HaiNamPCT: Grading has begun on: 134
INFO 2026-08-23 14:24:18,070 judge_handler HaiNamPCT: 2 test case(s) completed on: 134
INFO 2026-08-23 14:24:18,321 judge_handler HaiNamPCT: 20 test case(s) completed on: 134
INFO 2026-08-23 14:24:18,572 judge_handler HaiNamPCT: 25 test case(s) completed on: 134
INFO 2026-08-23 14:24:18,822 judge_handler HaiNamPCT: 2 test case(s) completed on: 134
INFO 2026-08-23 14:24:19,073 judge_handler HaiNamPCT: 2 test case(s) completed on: 134
INFO 2026-08-23 14:24:19,324 judge_handler HaiNamPCT: 3 test case(s) completed on: 134
INFO 2026-08-23 14:24:19,574 judge_handler HaiNamPCT: 3 test case(s) completed on: 134
INFO 2026-08-23 14:24:19,824 judge_handler HaiNamPCT: 2 test case(s) completed on: 134
INFO 2026-08-23 14:24:20,075 judge_handler HaiNamPCT: 2 test case(s) completed on: 134
INFO 2026-08-23 14:24:20,325 judge_handler HaiNamPCT: 2 test case(s) completed on: 134
INFO 2026-08-23 14:24:20,575 judge_handler HaiNamPCT: 2 test case(s) completed on: 134
INFO 2026-08-23 14:24:20,826 judge_handler HaiNamPCT: 3 test case(s) completed on: 134
INFO 2026-08-23 14:24:21,076 judge_handler HaiNamPCT: 2 test case(s) completed on: 134
INFO 2026-08-23 14:24:21,327 judge_handler HaiNamPCT: 2 test case(s) completed on: 134
INFO 2026-08-23 14:24:21,577 judge_handler HaiNamPCT: 2 test case(s) completed on: 134
INFO 2026-08-23 14:24:21,827 judge_handler HaiNamPCT: 3 test case(s) completed on: 134
INFO 2026-08-23 14:24:22,078 judge_handler HaiNamPCT: 3 test case(s) completed on: 134
INFO 2026-08-23 14:24:22,329 judge_handler HaiNamPCT: 2 test case(s) completed on: 134
INFO 2026-08-23 14:24:22,579 judge_handler HaiNamPCT: 2 test case(s) completed on: 134
INFO 2026-08-23 14:24:22,829 judge_handler HaiNamPCT: 2 test case(s) completed on: 134
INFO 2026-08-23 14:24:23,079 judge_handler HaiNamPCT: 2 test case(s) completed on: 134
INFO 2026-08-23 14:24:23,330 judge_handler HaiNamPCT: 2 test case(s) completed on: 134
INFO 2026-08-23 14:24:23,581 judge_handler HaiNamPCT: 2 test case(s) completed on: 134
INFO 2026-08-23 14:24:23,832 judge_handler HaiNamPCT: 2 test case(s) completed on: 134
INFO 2026-08-23 14:24:24,082 judge_handler HaiNamPCT: 2 test case(s) completed on: 134
INFO 2026-08-23 14:24:24,333 judge_handler HaiNamPCT: 2 test case(s) completed on: 134
INFO 2026-08-23 14:24:24,502 judge_handler HaiNamPCT: 2 test case(s) completed on: 134
INFO 2026-08-23 14:24:24,513 judge_handler HaiNamPCT: Grading has ended on: 134
INFO 2026-08-23 14:24:24,513 judge_list Judge available after grading 134: HaiNamPCT
INFO 2026-08-23 14:25:07,548 judge_list Free judges: 1
INFO 2026-08-23 14:25:07,548 judge_list Dispatched submission 135 to: HaiNamPCT
INFO 2026-08-23 14:25:07,554 judge_handler Submission acknowledged: 135
INFO 2026-08-23 14:25:07,921 judge_handler HaiNamPCT: Submission generated compiler messages: 135
INFO 2026-08-23 14:25:07,927 judge_handler HaiNamPCT: Grading has begun on: 135
INFO 2026-08-23 14:25:08,109 judge_handler HaiNamPCT: 2 test case(s) completed on: 135
INFO 2026-08-23 14:25:08,860 judge_handler HaiNamPCT: 15 test case(s) completed on: 135
INFO 2026-08-23 14:25:09,113 judge_handler HaiNamPCT: 30 test case(s) completed on: 135
INFO 2026-08-23 14:25:09,362 judge_handler HaiNamPCT: 1 test case(s) completed on: 135
INFO 2026-08-23 14:25:09,613 judge_handler HaiNamPCT: 2 test case(s) completed on: 135
INFO 2026-08-23 14:25:09,863 judge_handler HaiNamPCT: 2 test case(s) completed on: 135
INFO 2026-08-23 14:25:10,113 judge_handler HaiNamPCT: 4 test case(s) completed on: 135
INFO 2026-08-23 14:25:10,364 judge_handler HaiNamPCT: 2 test case(s) completed on: 135
INFO 2026-08-23 14:25:10,614 judge_handler HaiNamPCT: 2 test case(s) completed on: 135
INFO 2026-08-23 14:25:10,865 judge_handler HaiNamPCT: 2 test case(s) completed on: 135
INFO 2026-08-23 14:25:11,365 judge_handler HaiNamPCT: 3 test case(s) completed on: 135
INFO 2026-08-23 14:25:11,615 judge_handler HaiNamPCT: 1 test case(s) completed on: 135
INFO 2026-08-23 14:25:11,865 judge_handler HaiNamPCT: 2 test case(s) completed on: 135
INFO 2026-08-23 14:25:12,116 judge_handler HaiNamPCT: 1 test case(s) completed on: 135
INFO 2026-08-23 14:25:12,366 judge_handler HaiNamPCT: 2 test case(s) completed on: 135
INFO 2026-08-23 14:25:12,617 judge_handler HaiNamPCT: 3 test case(s) completed on: 135
INFO 2026-08-23 14:25:12,867 judge_handler HaiNamPCT: 3 test case(s) completed on: 135
INFO 2026-08-23 14:25:13,368 judge_handler HaiNamPCT: 3 test case(s) completed on: 135
INFO 2026-08-23 14:25:14,118 judge_handler HaiNamPCT: 1 test case(s) completed on: 135
INFO 2026-08-23 14:25:14,869 judge_handler HaiNamPCT: 1 test case(s) completed on: 135
INFO 2026-08-23 14:25:16,119 judge_handler HaiNamPCT: 1 test case(s) completed on: 135
INFO 2026-08-23 14:25:17,121 judge_handler HaiNamPCT: 1 test case(s) completed on: 135
INFO 2026-08-23 14:25:18,123 judge_handler HaiNamPCT: 1 test case(s) completed on: 135
INFO 2026-08-23 14:25:18,874 judge_handler HaiNamPCT: 1 test case(s) completed on: 135
INFO 2026-08-23 14:25:19,625 judge_handler HaiNamPCT: 1 test case(s) completed on: 135
INFO 2026-08-23 14:25:20,126 judge_handler HaiNamPCT: 1 test case(s) completed on: 135
INFO 2026-08-23 14:25:21,126 judge_handler HaiNamPCT: 2 test case(s) completed on: 135
INFO 2026-08-23 14:25:22,127 judge_handler HaiNamPCT: 1 test case(s) completed on: 135
INFO 2026-08-23 14:25:22,627 judge_handler HaiNamPCT: 1 test case(s) completed on: 135
INFO 2026-08-23 14:25:23,878 judge_handler HaiNamPCT: 1 test case(s) completed on: 135
INFO 2026-08-23 14:25:24,628 judge_handler HaiNamPCT: 1 test case(s) completed on: 135
INFO 2026-08-23 14:25:25,629 judge_handler HaiNamPCT: 1 test case(s) completed on: 135
INFO 2026-08-23 14:25:26,379 judge_handler HaiNamPCT: 1 test case(s) completed on: 135
INFO 2026-08-23 14:25:27,380 judge_handler HaiNamPCT: 1 test case(s) completed on: 135
INFO 2026-08-23 14:25:28,130 judge_handler HaiNamPCT: 1 test case(s) completed on: 135
INFO 2026-08-23 14:25:29,381 judge_handler HaiNamPCT: 1 test case(s) completed on: 135
INFO 2026-08-23 14:25:30,214 judge_handler HaiNamPCT: 1 test case(s) completed on: 135
INFO 2026-08-23 14:25:30,223 judge_handler HaiNamPCT: Grading has ended on: 135
INFO 2026-08-23 14:25:30,224 judge_list Judge available after grading 135: HaiNamPCT
INFO 2026-08-23 14:26:38,180 judge_list Free judges: 1
INFO 2026-08-23 14:26:38,180 judge_list Dispatched submission 136 to: HaiNamPCT
INFO 2026-08-23 14:26:38,185 judge_handler Submission acknowledged: 136
INFO 2026-08-23 14:26:38,497 judge_handler HaiNamPCT: Submission generated compiler messages: 136
INFO 2026-08-23 14:26:38,503 judge_handler HaiNamPCT: Grading has begun on: 136
INFO 2026-08-23 14:26:38,673 judge_handler HaiNamPCT: 23 test case(s) completed on: 136
INFO 2026-08-23 14:26:38,924 judge_handler HaiNamPCT: 14 test case(s) completed on: 136
INFO 2026-08-23 14:26:39,175 judge_handler HaiNamPCT: 2 test case(s) completed on: 136
INFO 2026-08-23 14:26:39,426 judge_handler HaiNamPCT: 2 test case(s) completed on: 136
INFO 2026-08-23 14:26:39,676 judge_handler HaiNamPCT: 2 test case(s) completed on: 136
INFO 2026-08-23 14:26:39,823 judge_handler HaiNamPCT: 7 test case(s) completed on: 136
INFO 2026-08-23 14:26:39,833 judge_handler HaiNamPCT: Grading has ended on: 136
INFO 2026-08-23 14:26:39,833 judge_list Judge available after grading 136: HaiNamPCT
INFO 2026-08-23 14:27:47,480 judge_list Free judges: 1
INFO 2026-08-23 14:27:47,481 judge_list Dispatched submission 137 to: HaiNamPCT
INFO 2026-08-23 14:27:47,486 judge_handler Submission acknowledged: 137
INFO 2026-08-23 14:27:47,787 judge_handler HaiNamPCT: Submission generated compiler messages: 137
INFO 2026-08-23 14:27:47,793 judge_handler HaiNamPCT: Grading has begun on: 137
INFO 2026-08-23 14:27:47,966 judge_handler HaiNamPCT: 24 test case(s) completed on: 137
INFO 2026-08-23 14:27:48,217 judge_handler HaiNamPCT: 13 test case(s) completed on: 137
INFO 2026-08-23 14:27:48,467 judge_handler HaiNamPCT: 2 test case(s) completed on: 137
INFO 2026-08-23 14:27:48,718 judge_handler HaiNamPCT: 2 test case(s) completed on: 137
INFO 2026-08-23 14:27:48,968 judge_handler HaiNamPCT: 4 test case(s) completed on: 137
INFO 2026-08-23 14:27:49,060 judge_handler HaiNamPCT: 5 test case(s) completed on: 137
INFO 2026-08-23 14:27:49,069 judge_handler HaiNamPCT: Grading has ended on: 137
INFO 2026-08-23 14:27:49,069 judge_list Judge available after grading 137: HaiNamPCT
INFO 2026-08-23 14:29:57,139 judge_list Free judges: 1
INFO 2026-08-23 14:29:57,140 judge_list Dispatched submission 138 to: HaiNamPCT
INFO 2026-08-23 14:29:57,146 judge_handler Submission acknowledged: 138
INFO 2026-08-23 14:29:57,442 judge_handler HaiNamPCT: Submission generated compiler messages: 138
INFO 2026-08-23 14:29:57,447 judge_handler HaiNamPCT: Grading has begun on: 138
INFO 2026-08-23 14:29:57,544 judge_handler HaiNamPCT: 13 test case(s) completed on: 138
INFO 2026-08-23 14:29:57,795 judge_handler HaiNamPCT: 21 test case(s) completed on: 138
INFO 2026-08-23 14:29:58,045 judge_handler HaiNamPCT: 4 test case(s) completed on: 138
INFO 2026-08-23 14:29:58,295 judge_handler HaiNamPCT: 3 test case(s) completed on: 138
INFO 2026-08-23 14:29:58,546 judge_handler HaiNamPCT: 2 test case(s) completed on: 138
INFO 2026-08-23 14:29:58,725 judge_handler HaiNamPCT: 7 test case(s) completed on: 138
INFO 2026-08-23 14:29:58,735 judge_handler HaiNamPCT: Grading has ended on: 138
INFO 2026-08-23 14:29:58,735 judge_list Judge available after grading 138: HaiNamPCT
INFO 2026-08-23 14:31:32,072 judge_list Free judges: 1
INFO 2026-08-23 14:31:32,072 judge_list Dispatched submission 139 to: HaiNamPCT
INFO 2026-08-23 14:31:32,077 judge_handler Submission acknowledged: 139
INFO 2026-08-23 14:31:32,383 judge_handler HaiNamPCT: Submission generated compiler messages: 139
INFO 2026-08-23 14:31:32,389 judge_handler HaiNamPCT: Grading has begun on: 139
INFO 2026-08-23 14:31:32,601 judge_handler HaiNamPCT: 26 test case(s) completed on: 139
INFO 2026-08-23 14:31:32,852 judge_handler HaiNamPCT: 11 test case(s) completed on: 139
INFO 2026-08-23 14:31:33,102 judge_handler HaiNamPCT: 1 test case(s) completed on: 139
INFO 2026-08-23 14:31:33,353 judge_handler HaiNamPCT: 2 test case(s) completed on: 139
INFO 2026-08-23 14:31:33,603 judge_handler HaiNamPCT: 1 test case(s) completed on: 139
INFO 2026-08-23 14:31:33,853 judge_handler HaiNamPCT: 2 test case(s) completed on: 139
INFO 2026-08-23 14:31:34,104 judge_handler HaiNamPCT: 2 test case(s) completed on: 139
INFO 2026-08-23 14:31:34,192 judge_handler HaiNamPCT: 5 test case(s) completed on: 139
INFO 2026-08-23 14:31:34,202 judge_handler HaiNamPCT: Grading has ended on: 139
INFO 2026-08-23 14:31:34,202 judge_list Judge available after grading 139: HaiNamPCT
INFO 2026-08-23 14:32:31,294 judge_list Free judges: 1
INFO 2026-08-23 14:32:31,294 judge_list Dispatched submission 140 to: HaiNamPCT
INFO 2026-08-23 14:32:31,299 judge_handler Submission acknowledged: 140
INFO 2026-08-23 14:32:31,611 judge_handler HaiNamPCT: Submission generated compiler messages: 140
INFO 2026-08-23 14:32:31,621 judge_handler HaiNamPCT: Grading has begun on: 140
INFO 2026-08-23 14:32:31,638 judge_handler HaiNamPCT: 2 test case(s) completed on: 140
INFO 2026-08-23 14:32:31,889 judge_handler HaiNamPCT: 27 test case(s) completed on: 140
INFO 2026-08-23 14:32:32,139 judge_handler HaiNamPCT: 8 test case(s) completed on: 140
INFO 2026-08-23 14:32:32,390 judge_handler HaiNamPCT: 2 test case(s) completed on: 140
INFO 2026-08-23 14:32:32,640 judge_handler HaiNamPCT: 3 test case(s) completed on: 140
INFO 2026-08-23 14:32:32,890 judge_handler HaiNamPCT: 3 test case(s) completed on: 140
INFO 2026-08-23 14:32:32,940 judge_handler HaiNamPCT: 5 test case(s) completed on: 140
INFO 2026-08-23 14:32:32,951 judge_handler HaiNamPCT: Grading has ended on: 140
INFO 2026-08-23 14:32:32,951 judge_list Judge available after grading 140: HaiNamPCT
INFO 2026-08-23 14:34:06,605 judge_list Free judges: 1
INFO 2026-08-23 14:34:06,605 judge_list Dispatched submission 141 to: HaiNamPCT
INFO 2026-08-23 14:34:06,611 judge_handler Submission acknowledged: 141
INFO 2026-08-23 14:34:06,916 judge_handler HaiNamPCT: Submission generated compiler messages: 141
INFO 2026-08-23 14:34:06,922 judge_handler HaiNamPCT: Grading has begun on: 141
INFO 2026-08-23 14:34:06,947 judge_handler HaiNamPCT: 3 test case(s) completed on: 141
INFO 2026-08-23 14:34:07,058 judge_handler HaiNamPCT: 17 test case(s) completed on: 141
INFO 2026-08-23 14:34:07,071 judge_handler HaiNamPCT: Grading has ended on: 141
INFO 2026-08-23 14:34:07,071 judge_list Judge available after grading 141: HaiNamPCT
INFO 2026-08-23 14:36:21,091 judge_list Free judges: 1
INFO 2026-08-23 14:36:21,091 judge_list Dispatched submission 142 to: HaiNamPCT
INFO 2026-08-23 14:36:21,096 judge_handler Submission acknowledged: 142
INFO 2026-08-23 14:36:21,458 judge_handler HaiNamPCT: Submission generated compiler messages: 142
INFO 2026-08-23 14:36:21,463 judge_handler HaiNamPCT: Grading has begun on: 142
INFO 2026-08-23 14:36:21,527 judge_handler HaiNamPCT: 8 test case(s) completed on: 142
INFO 2026-08-23 14:36:21,580 judge_handler HaiNamPCT: 8 test case(s) completed on: 142
INFO 2026-08-23 14:36:21,590 judge_handler HaiNamPCT: Grading has ended on: 142
INFO 2026-08-23 14:36:21,590 judge_list Judge available after grading 142: HaiNamPCT
INFO 2026-08-23 14:37:13,361 judge_list Free judges: 1
INFO 2026-08-23 14:37:13,361 judge_list Dispatched submission 143 to: HaiNamPCT
INFO 2026-08-23 14:37:13,367 judge_handler Submission acknowledged: 143
INFO 2026-08-23 14:37:13,727 judge_handler HaiNamPCT: Submission generated compiler messages: 143
INFO 2026-08-23 14:37:13,733 judge_handler HaiNamPCT: Grading has begun on: 143
INFO 2026-08-23 14:37:13,808 judge_handler HaiNamPCT: 10 test case(s) completed on: 143
INFO 2026-08-23 14:37:13,851 judge_handler HaiNamPCT: 6 test case(s) completed on: 143
INFO 2026-08-23 14:37:13,863 judge_handler HaiNamPCT: Grading has ended on: 143
INFO 2026-08-23 14:37:13,863 judge_list Judge available after grading 143: HaiNamPCT
INFO 2026-08-23 14:39:10,356 judge_list Free judges: 1
INFO 2026-08-23 14:39:10,356 judge_list Dispatched submission 144 to: HaiNamPCT
INFO 2026-08-23 14:39:10,361 judge_handler Submission acknowledged: 144
INFO 2026-08-23 14:39:10,675 judge_handler HaiNamPCT: Submission generated compiler messages: 144
INFO 2026-08-23 14:39:10,681 judge_handler HaiNamPCT: Grading has begun on: 144
INFO 2026-08-23 14:39:10,877 judge_handler HaiNamPCT: 27 test case(s) completed on: 144
INFO 2026-08-23 14:39:11,128 judge_handler HaiNamPCT: 36 test case(s) completed on: 144
INFO 2026-08-23 14:39:11,378 judge_handler HaiNamPCT: 36 test case(s) completed on: 144
INFO 2026-08-23 14:39:11,392 judge_handler HaiNamPCT: 1 test case(s) completed on: 144
INFO 2026-08-23 14:39:11,399 judge_handler HaiNamPCT: Grading has ended on: 144
INFO 2026-08-23 14:39:11,399 judge_list Judge available after grading 144: HaiNamPCT
INFO 2026-08-23 14:41:16,864 judge_list Free judges: 1
INFO 2026-08-23 14:41:16,864 judge_list Dispatched submission 145 to: HaiNamPCT
INFO 2026-08-23 14:41:16,869 judge_handler Submission acknowledged: 145
INFO 2026-08-23 14:41:17,170 judge_handler HaiNamPCT: Submission generated compiler messages: 145
INFO 2026-08-23 14:41:17,176 judge_handler HaiNamPCT: Grading has begun on: 145
INFO 2026-08-23 14:41:17,202 judge_handler HaiNamPCT: 2 test case(s) completed on: 145
INFO 2026-08-23 14:41:17,453 judge_handler HaiNamPCT: 13 test case(s) completed on: 145
INFO 2026-08-23 14:41:17,704 judge_handler HaiNamPCT: 25 test case(s) completed on: 145
INFO 2026-08-23 14:41:17,954 judge_handler HaiNamPCT: 8 test case(s) completed on: 145
INFO 2026-08-23 14:41:18,204 judge_handler HaiNamPCT: 2 test case(s) completed on: 145
INFO 2026-08-23 14:41:18,455 judge_handler HaiNamPCT: 2 test case(s) completed on: 145
INFO 2026-08-23 14:41:18,705 judge_handler HaiNamPCT: 3 test case(s) completed on: 145
INFO 2026-08-23 14:41:18,955 judge_handler HaiNamPCT: 3 test case(s) completed on: 145
INFO 2026-08-23 14:41:19,206 judge_handler HaiNamPCT: 2 test case(s) completed on: 145
INFO 2026-08-23 14:41:19,456 judge_handler HaiNamPCT: 2 test case(s) completed on: 145
INFO 2026-08-23 14:41:19,706 judge_handler HaiNamPCT: 2 test case(s) completed on: 145
INFO 2026-08-23 14:41:19,957 judge_handler HaiNamPCT: 2 test case(s) completed on: 145
INFO 2026-08-23 14:41:20,207 judge_handler HaiNamPCT: 3 test case(s) completed on: 145
INFO 2026-08-23 14:41:20,458 judge_handler HaiNamPCT: 2 test case(s) completed on: 145
INFO 2026-08-23 14:41:20,708 judge_handler HaiNamPCT: 3 test case(s) completed on: 145
INFO 2026-08-23 14:41:20,959 judge_handler HaiNamPCT: 2 test case(s) completed on: 145
INFO 2026-08-23 14:41:21,209 judge_handler HaiNamPCT: 3 test case(s) completed on: 145
INFO 2026-08-23 14:41:21,459 judge_handler HaiNamPCT: 2 test case(s) completed on: 145
INFO 2026-08-23 14:41:21,710 judge_handler HaiNamPCT: 2 test case(s) completed on: 145
INFO 2026-08-23 14:41:21,960 judge_handler HaiNamPCT: 2 test case(s) completed on: 145
INFO 2026-08-23 14:41:22,210 judge_handler HaiNamPCT: 2 test case(s) completed on: 145
INFO 2026-08-23 14:41:22,461 judge_handler HaiNamPCT: 3 test case(s) completed on: 145
INFO 2026-08-23 14:41:22,711 judge_handler HaiNamPCT: 2 test case(s) completed on: 145
INFO 2026-08-23 14:41:22,961 judge_handler HaiNamPCT: 2 test case(s) completed on: 145
INFO 2026-08-23 14:41:23,212 judge_handler HaiNamPCT: 2 test case(s) completed on: 145
INFO 2026-08-23 14:41:23,462 judge_handler HaiNamPCT: 2 test case(s) completed on: 145
INFO 2026-08-23 14:41:23,628 judge_handler HaiNamPCT: 2 test case(s) completed on: 145
INFO 2026-08-23 14:41:23,638 judge_handler HaiNamPCT: Grading has ended on: 145
INFO 2026-08-23 14:41:23,638 judge_list Judge available after grading 145: HaiNamPCT
INFO 2026-08-23 14:42:00,022 judge_list Free judges: 1
INFO 2026-08-23 14:42:00,022 judge_list Dispatched submission 146 to: HaiNamPCT
INFO 2026-08-23 14:42:00,028 judge_handler Submission acknowledged: 146
INFO 2026-08-23 14:42:00,391 judge_handler HaiNamPCT: Submission generated compiler messages: 146
INFO 2026-08-23 14:42:00,398 judge_handler HaiNamPCT: Grading has begun on: 146
INFO 2026-08-23 14:42:00,483 judge_handler HaiNamPCT: 6 test case(s) completed on: 146
INFO 2026-08-23 14:42:00,734 judge_handler HaiNamPCT: 34 test case(s) completed on: 146
INFO 2026-08-23 14:42:00,984 judge_handler HaiNamPCT: 17 test case(s) completed on: 146
INFO 2026-08-23 14:42:01,235 judge_handler HaiNamPCT: 12 test case(s) completed on: 146
INFO 2026-08-23 14:42:01,485 judge_handler HaiNamPCT: 11 test case(s) completed on: 146
INFO 2026-08-23 14:42:01,735 judge_handler HaiNamPCT: 6 test case(s) completed on: 146
INFO 2026-08-23 14:42:01,986 judge_handler HaiNamPCT: 6 test case(s) completed on: 146
INFO 2026-08-23 14:42:02,236 judge_handler HaiNamPCT: 6 test case(s) completed on: 146
INFO 2026-08-23 14:42:02,332 judge_handler HaiNamPCT: 2 test case(s) completed on: 146
INFO 2026-08-23 14:42:02,342 judge_handler HaiNamPCT: Grading has ended on: 146
INFO 2026-08-23 14:42:02,342 judge_list Judge available after grading 146: HaiNamPCT
INFO 2026-08-23 14:42:41,687 judge_list Free judges: 1
INFO 2026-08-23 14:42:41,687 judge_list Dispatched submission 147 to: HaiNamPCT
INFO 2026-08-23 14:42:41,692 judge_handler Submission acknowledged: 147
INFO 2026-08-23 14:42:42,062 judge_handler HaiNamPCT: Submission generated compiler messages: 147
INFO 2026-08-23 14:42:42,068 judge_handler HaiNamPCT: Grading has begun on: 147
INFO 2026-08-23 14:42:42,260 judge_handler HaiNamPCT: 21 test case(s) completed on: 147
INFO 2026-08-23 14:42:42,511 judge_handler HaiNamPCT: 29 test case(s) completed on: 147
INFO 2026-08-23 14:42:42,761 judge_handler HaiNamPCT: 12 test case(s) completed on: 147
INFO 2026-08-23 14:42:43,012 judge_handler HaiNamPCT: 11 test case(s) completed on: 147
INFO 2026-08-23 14:42:43,262 judge_handler HaiNamPCT: 9 test case(s) completed on: 147
INFO 2026-08-23 14:42:43,513 judge_handler HaiNamPCT: 6 test case(s) completed on: 147
INFO 2026-08-23 14:42:43,764 judge_handler HaiNamPCT: 6 test case(s) completed on: 147
INFO 2026-08-23 14:42:44,014 judge_handler HaiNamPCT: 5 test case(s) completed on: 147
INFO 2026-08-23 14:42:44,038 judge_handler HaiNamPCT: 1 test case(s) completed on: 147
INFO 2026-08-23 14:42:44,048 judge_handler HaiNamPCT: Grading has ended on: 147
INFO 2026-08-23 14:42:44,048 judge_list Judge available after grading 147: HaiNamPCT
INFO 2026-08-23 14:43:52,706 judge_list Free judges: 1
INFO 2026-08-23 14:43:52,706 judge_list Dispatched submission 148 to: HaiNamPCT
INFO 2026-08-23 14:43:52,711 judge_handler Submission acknowledged: 148
INFO 2026-08-23 14:43:52,992 judge_handler HaiNamPCT: Submission generated compiler messages: 148
INFO 2026-08-23 14:43:52,998 judge_handler HaiNamPCT: Grading has begun on: 148
INFO 2026-08-23 14:43:53,055 judge_handler HaiNamPCT: 7 test case(s) completed on: 148
INFO 2026-08-23 14:43:53,142 judge_handler HaiNamPCT: 13 test case(s) completed on: 148
INFO 2026-08-23 14:43:53,153 judge_handler HaiNamPCT: Grading has ended on: 148
INFO 2026-08-23 14:43:53,153 judge_list Judge available after grading 148: HaiNamPCT
INFO 2026-08-23 14:44:40,481 judge_list Free judges: 1
INFO 2026-08-23 14:44:40,481 judge_list Dispatched submission 149 to: HaiNamPCT
INFO 2026-08-23 14:44:40,486 judge_handler Submission acknowledged: 149
INFO 2026-08-23 14:44:40,825 judge_handler HaiNamPCT: Submission generated compiler messages: 149
INFO 2026-08-23 14:44:40,831 judge_handler HaiNamPCT: Grading has begun on: 149
INFO 2026-08-23 14:44:41,085 judge_handler HaiNamPCT: 37 test case(s) completed on: 149
INFO 2026-08-23 14:44:41,179 judge_handler HaiNamPCT: 13 test case(s) completed on: 149
INFO 2026-08-23 14:44:41,191 judge_handler HaiNamPCT: Grading has ended on: 149
INFO 2026-08-23 14:44:41,191 judge_list Judge available after grading 149: HaiNamPCT
INFO 2026-08-23 14:46:26,134 judge_list Free judges: 1
INFO 2026-08-23 14:46:26,135 judge_list Dispatched submission 150 to: HaiNamPCT
INFO 2026-08-23 14:46:26,140 judge_handler Submission acknowledged: 150
INFO 2026-08-23 14:46:26,422 judge_handler HaiNamPCT: Submission generated compiler messages: 150
INFO 2026-08-23 14:46:26,428 judge_handler HaiNamPCT: Grading has begun on: 150
INFO 2026-08-23 14:46:26,567 judge_handler HaiNamPCT: 20 test case(s) completed on: 150
INFO 2026-08-23 14:46:26,577 judge_handler HaiNamPCT: Grading has ended on: 150
INFO 2026-08-23 14:46:26,577 judge_list Judge available after grading 150: HaiNamPCT
INFO 2026-08-23 14:48:03,738 judge_list Free judges: 1
INFO 2026-08-23 14:48:03,738 judge_list Dispatched submission 151 to: HaiNamPCT
INFO 2026-08-23 14:48:03,743 judge_handler Submission acknowledged: 151
INFO 2026-08-23 14:48:04,108 judge_handler HaiNamPCT: Submission generated compiler messages: 151
INFO 2026-08-23 14:48:04,114 judge_handler HaiNamPCT: Grading has begun on: 151
INFO 2026-08-23 14:48:04,127 judge_handler HaiNamPCT: Batch began on: 151
INFO 2026-08-23 14:48:04,140 judge_handler HaiNamPCT: 3 test case(s) completed on: 151
INFO 2026-08-23 14:48:04,150 judge_handler HaiNamPCT: Batch ended on: 151
INFO 2026-08-23 14:48:04,150 judge_handler HaiNamPCT: Batch began on: 151
INFO 2026-08-23 14:48:04,161 judge_handler HaiNamPCT: 2 test case(s) completed on: 151
INFO 2026-08-23 14:48:04,171 judge_handler HaiNamPCT: Batch ended on: 151
INFO 2026-08-23 14:48:04,172 judge_handler HaiNamPCT: Batch began on: 151
INFO 2026-08-23 14:48:04,309 judge_handler HaiNamPCT: 4 test case(s) completed on: 151
INFO 2026-08-23 14:48:04,321 judge_handler HaiNamPCT: Batch ended on: 151
INFO 2026-08-23 14:48:04,321 judge_handler HaiNamPCT: Grading has ended on: 151
INFO 2026-08-23 14:48:04,321 judge_list Judge available after grading 151: HaiNamPCT
INFO 2026-08-23 14:48:57,336 judge_list Free judges: 1
INFO 2026-08-23 14:48:57,337 judge_list Dispatched submission 152 to: HaiNamPCT
INFO 2026-08-23 14:48:57,342 judge_handler Submission acknowledged: 152
INFO 2026-08-23 14:48:57,633 judge_handler HaiNamPCT: Submission generated compiler messages: 152
INFO 2026-08-23 14:48:57,638 judge_handler HaiNamPCT: Grading has begun on: 152
INFO 2026-08-23 14:48:57,740 judge_handler HaiNamPCT: 14 test case(s) completed on: 152
INFO 2026-08-23 14:48:57,761 judge_handler HaiNamPCT: 3 test case(s) completed on: 152
INFO 2026-08-23 14:48:57,769 judge_handler HaiNamPCT: Grading has ended on: 152
INFO 2026-08-23 14:48:57,769 judge_list Judge available after grading 152: HaiNamPCT
INFO 2026-08-23 14:50:15,434 judge_list Free judges: 1
INFO 2026-08-23 14:50:15,434 judge_list Dispatched submission 153 to: HaiNamPCT
INFO 2026-08-23 14:50:15,439 judge_handler Submission acknowledged: 153
INFO 2026-08-23 14:50:15,730 judge_handler HaiNamPCT: Submission generated compiler messages: 153
INFO 2026-08-23 14:50:15,736 judge_handler HaiNamPCT: Grading has begun on: 153
INFO 2026-08-23 14:50:15,786 judge_handler HaiNamPCT: 7 test case(s) completed on: 153
INFO 2026-08-23 14:50:15,876 judge_handler HaiNamPCT: 13 test case(s) completed on: 153
INFO 2026-08-23 14:50:15,887 judge_handler HaiNamPCT: Grading has ended on: 153
INFO 2026-08-23 14:50:15,887 judge_list Judge available after grading 153: HaiNamPCT
INFO 2026-08-23 14:53:42,690 judge_list Free judges: 1
INFO 2026-08-23 14:53:42,690 judge_list Dispatched submission 154 to: HaiNamPCT
INFO 2026-08-23 14:53:42,696 judge_handler Submission acknowledged: 154
INFO 2026-08-23 14:53:43,159 judge_handler HaiNamPCT: Submission generated compiler messages: 154
INFO 2026-08-23 14:53:43,165 judge_handler HaiNamPCT: Grading has begun on: 154
INFO 2026-08-23 14:53:43,296 judge_handler HaiNamPCT: 20 test case(s) completed on: 154
INFO 2026-08-23 14:53:43,308 judge_handler HaiNamPCT: Grading has ended on: 154
INFO 2026-08-23 14:53:43,308 judge_list Judge available after grading 154: HaiNamPCT
INFO 2026-08-23 14:58:53,564 judge_list Free judges: 1
INFO 2026-08-23 14:58:53,565 judge_list Dispatched submission 155 to: HaiNamPCT
INFO 2026-08-23 14:58:53,570 judge_handler Submission acknowledged: 155
INFO 2026-08-23 14:58:53,782 judge_handler HaiNamPCT: Submission failed to compile: 155
INFO 2026-08-23 14:58:53,783 judge_list Judge available after grading 155: HaiNamPCT
INFO 2026-08-23 14:59:02,025 judge_list Free judges: 1
INFO 2026-08-23 14:59:02,025 judge_list Dispatched submission 156 to: HaiNamPCT
INFO 2026-08-23 14:59:02,030 judge_handler Submission acknowledged: 156
INFO 2026-08-23 14:59:02,326 judge_handler HaiNamPCT: Submission generated compiler messages: 156
INFO 2026-08-23 14:59:02,332 judge_handler HaiNamPCT: Grading has begun on: 156
INFO 2026-08-23 14:59:02,347 judge_handler HaiNamPCT: 1 test case(s) completed on: 156
INFO 2026-08-23 14:59:02,597 judge_handler HaiNamPCT: 36 test case(s) completed on: 156
INFO 2026-08-23 14:59:02,848 judge_handler HaiNamPCT: 34 test case(s) completed on: 156
INFO 2026-08-23 14:59:03,047 judge_handler HaiNamPCT: 29 test case(s) completed on: 156
INFO 2026-08-23 14:59:03,060 judge_handler HaiNamPCT: Grading has ended on: 156
INFO 2026-08-23 14:59:03,060 judge_list Judge available after grading 156: HaiNamPCT
INFO 2026-08-23 15:03:25,069 judge_list Free judges: 1
INFO 2026-08-23 15:03:25,069 judge_list Dispatched submission 157 to: HaiNamPCT
INFO 2026-08-23 15:03:25,075 judge_handler Submission acknowledged: 157
INFO 2026-08-23 15:03:25,381 judge_handler HaiNamPCT: Submission generated compiler messages: 157
INFO 2026-08-23 15:03:25,387 judge_handler HaiNamPCT: Grading has begun on: 157
INFO 2026-08-23 15:03:25,499 judge_handler HaiNamPCT: 15 test case(s) completed on: 157
INFO 2026-08-23 15:03:25,532 judge_handler HaiNamPCT: 5 test case(s) completed on: 157
INFO 2026-08-23 15:03:25,544 judge_handler HaiNamPCT: Grading has ended on: 157
INFO 2026-08-23 15:03:25,544 judge_list Judge available after grading 157: HaiNamPCT
INFO 2026-08-23 15:04:37,348 judge_list Free judges: 1
INFO 2026-08-23 15:04:37,348 judge_list Dispatched submission 158 to: HaiNamPCT
INFO 2026-08-23 15:04:37,355 judge_handler Submission acknowledged: 158
INFO 2026-08-23 15:04:37,666 judge_handler HaiNamPCT: Submission generated compiler messages: 158
INFO 2026-08-23 15:04:37,672 judge_handler HaiNamPCT: Grading has begun on: 158
INFO 2026-08-23 15:04:37,789 judge_handler HaiNamPCT: 15 test case(s) completed on: 158
INFO 2026-08-23 15:04:38,039 judge_handler HaiNamPCT: 34 test case(s) completed on: 158
INFO 2026-08-23 15:04:38,292 judge_handler HaiNamPCT: 33 test case(s) completed on: 158
INFO 2026-08-23 15:04:38,421 judge_handler HaiNamPCT: 18 test case(s) completed on: 158
INFO 2026-08-23 15:04:38,433 judge_handler HaiNamPCT: Grading has ended on: 158
INFO 2026-08-23 15:04:38,433 judge_list Judge available after grading 158: HaiNamPCT
INFO 2026-08-23 15:06:39,435 judge_list Free judges: 1
INFO 2026-08-23 15:06:39,435 judge_list Dispatched submission 159 to: HaiNamPCT
INFO 2026-08-23 15:06:39,440 judge_handler Submission acknowledged: 159
INFO 2026-08-23 15:06:39,727 judge_handler HaiNamPCT: Submission generated compiler messages: 159
INFO 2026-08-23 15:06:39,734 judge_handler HaiNamPCT: Grading has begun on: 159
INFO 2026-08-23 15:06:39,858 judge_handler HaiNamPCT: 17 test case(s) completed on: 159
INFO 2026-08-23 15:06:39,878 judge_handler HaiNamPCT: 3 test case(s) completed on: 159
INFO 2026-08-23 15:06:39,887 judge_handler HaiNamPCT: Grading has ended on: 159
INFO 2026-08-23 15:06:39,887 judge_list Judge available after grading 159: HaiNamPCT
INFO 2026-08-23 15:07:32,571 judge_list Free judges: 1
INFO 2026-08-23 15:07:32,571 judge_list Dispatched submission 160 to: HaiNamPCT
INFO 2026-08-23 15:07:32,577 judge_handler Submission acknowledged: 160
INFO 2026-08-23 15:07:32,942 judge_handler HaiNamPCT: Submission generated compiler messages: 160
INFO 2026-08-23 15:07:32,948 judge_handler HaiNamPCT: Grading has begun on: 160
INFO 2026-08-23 15:07:33,093 judge_handler HaiNamPCT: 20 test case(s) completed on: 160
INFO 2026-08-23 15:07:33,105 judge_handler HaiNamPCT: Grading has ended on: 160
INFO 2026-08-23 15:07:33,106 judge_list Judge available after grading 160: HaiNamPCT
INFO 2026-08-23 15:08:20,367 judge_list Free judges: 1
INFO 2026-08-23 15:08:20,367 judge_list Dispatched submission 161 to: HaiNamPCT
INFO 2026-08-23 15:08:20,372 judge_handler Submission acknowledged: 161
INFO 2026-08-23 15:08:20,740 judge_handler HaiNamPCT: Submission generated compiler messages: 161
INFO 2026-08-23 15:08:20,745 judge_handler HaiNamPCT: Grading has begun on: 161
INFO 2026-08-23 15:08:20,886 judge_handler HaiNamPCT: 20 test case(s) completed on: 161
INFO 2026-08-23 15:08:20,899 judge_handler HaiNamPCT: Grading has ended on: 161
INFO 2026-08-23 15:08:20,899 judge_list Judge available after grading 161: HaiNamPCT
INFO 2026-08-23 15:09:40,496 judge_list Free judges: 1
INFO 2026-08-23 15:09:40,496 judge_list Dispatched submission 162 to: HaiNamPCT
INFO 2026-08-23 15:09:40,502 judge_handler Submission acknowledged: 162
INFO 2026-08-23 15:09:40,823 judge_handler HaiNamPCT: Submission generated compiler messages: 162
INFO 2026-08-23 15:09:40,830 judge_handler HaiNamPCT: Grading has begun on: 162
INFO 2026-08-23 15:09:40,958 judge_handler HaiNamPCT: 18 test case(s) completed on: 162
INFO 2026-08-23 15:09:40,977 judge_handler HaiNamPCT: 2 test case(s) completed on: 162
INFO 2026-08-23 15:09:40,986 judge_handler HaiNamPCT: Grading has ended on: 162
INFO 2026-08-23 15:09:40,986 judge_list Judge available after grading 162: HaiNamPCT
INFO 2026-08-23 15:10:41,792 judge_list Free judges: 1
INFO 2026-08-23 15:10:41,792 judge_list Dispatched submission 163 to: HaiNamPCT
INFO 2026-08-23 15:10:41,798 judge_handler Submission acknowledged: 163
INFO 2026-08-23 15:10:42,172 judge_handler HaiNamPCT: Submission generated compiler messages: 163
INFO 2026-08-23 15:10:42,178 judge_handler HaiNamPCT: Grading has begun on: 163
INFO 2026-08-23 15:10:42,241 judge_handler HaiNamPCT: 8 test case(s) completed on: 163
INFO 2026-08-23 15:10:42,492 judge_handler HaiNamPCT: 27 test case(s) completed on: 163
INFO 2026-08-23 15:10:42,743 judge_handler HaiNamPCT: 7 test case(s) completed on: 163
INFO 2026-08-23 15:10:42,901 judge_handler HaiNamPCT: 8 test case(s) completed on: 163
INFO 2026-08-23 15:10:42,912 judge_handler HaiNamPCT: Grading has ended on: 163
INFO 2026-08-23 15:10:42,912 judge_list Judge available after grading 163: HaiNamPCT
INFO 2026-08-23 15:11:48,047 judge_list Free judges: 1
INFO 2026-08-23 15:11:48,047 judge_list Dispatched submission 164 to: HaiNamPCT
INFO 2026-08-23 15:11:48,053 judge_handler Submission acknowledged: 164
INFO 2026-08-23 15:11:48,338 judge_handler HaiNamPCT: Submission generated compiler messages: 164
INFO 2026-08-23 15:11:48,347 judge_handler HaiNamPCT: Grading has begun on: 164
INFO 2026-08-23 15:11:48,532 judge_handler HaiNamPCT: 26 test case(s) completed on: 164
INFO 2026-08-23 15:11:48,783 judge_handler HaiNamPCT: 35 test case(s) completed on: 164
INFO 2026-08-23 15:11:49,034 judge_handler HaiNamPCT: 36 test case(s) completed on: 164
INFO 2026-08-23 15:11:49,054 judge_handler HaiNamPCT: 3 test case(s) completed on: 164
INFO 2026-08-23 15:11:49,064 judge_handler HaiNamPCT: Grading has ended on: 164
INFO 2026-08-23 15:11:49,065 judge_list Judge available after grading 164: HaiNamPCT
INFO 2026-08-23 15:13:46,253 judge_list Free judges: 1
INFO 2026-08-23 15:13:46,253 judge_list Dispatched submission 165 to: HaiNamPCT
INFO 2026-08-23 15:13:46,258 judge_handler Submission acknowledged: 165
INFO 2026-08-23 15:13:46,543 judge_handler HaiNamPCT: Submission generated compiler messages: 165
INFO 2026-08-23 15:13:46,550 judge_handler HaiNamPCT: Grading has begun on: 165
INFO 2026-08-23 15:13:46,595 judge_handler HaiNamPCT: 6 test case(s) completed on: 165
INFO 2026-08-23 15:13:46,692 judge_handler HaiNamPCT: 14 test case(s) completed on: 165
INFO 2026-08-23 15:13:46,704 judge_handler HaiNamPCT: Grading has ended on: 165
INFO 2026-08-23 15:13:46,704 judge_list Judge available after grading 165: HaiNamPCT
INFO 2026-08-23 15:23:46,407 judge_list Free judges: 1
INFO 2026-08-23 15:23:46,407 judge_list Dispatched submission 166 to: HaiNamPCT
INFO 2026-08-23 15:23:46,412 judge_handler Submission acknowledged: 166
INFO 2026-08-23 15:23:46,705 judge_handler HaiNamPCT: Submission generated compiler messages: 166
INFO 2026-08-23 15:23:46,712 judge_handler HaiNamPCT: Grading has begun on: 166
INFO 2026-08-23 15:23:49,936 judge_handler HaiNamPCT: 2 test case(s) completed on: 166
INFO 2026-08-23 15:23:52,937 judge_handler HaiNamPCT: 1 test case(s) completed on: 166
INFO 2026-08-23 15:23:55,938 judge_handler HaiNamPCT: 1 test case(s) completed on: 166
INFO 2026-08-23 15:23:58,941 judge_handler HaiNamPCT: 1 test case(s) completed on: 166
INFO 2026-08-23 15:24:01,943 judge_handler HaiNamPCT: 1 test case(s) completed on: 166
INFO 2026-08-23 15:24:03,944 judge_handler HaiNamPCT: 1 test case(s) completed on: 166
INFO 2026-08-23 15:24:06,945 judge_handler HaiNamPCT: 1 test case(s) completed on: 166
INFO 2026-08-23 15:24:09,947 judge_handler HaiNamPCT: 1 test case(s) completed on: 166
INFO 2026-08-23 15:24:12,948 judge_handler HaiNamPCT: 1 test case(s) completed on: 166
INFO 2026-08-23 15:24:15,950 judge_handler HaiNamPCT: 2 test case(s) completed on: 166
INFO 2026-08-23 15:24:18,951 judge_handler HaiNamPCT: 1 test case(s) completed on: 166
INFO 2026-08-23 15:24:20,954 judge_handler HaiNamPCT: 1 test case(s) completed on: 166
INFO 2026-08-23 15:24:23,955 judge_handler HaiNamPCT: 1 test case(s) completed on: 166
INFO 2026-08-23 15:24:25,957 judge_handler HaiNamPCT: 1 test case(s) completed on: 166
INFO 2026-08-23 15:24:28,958 judge_handler HaiNamPCT: 1 test case(s) completed on: 166
INFO 2026-08-23 15:24:31,959 judge_handler HaiNamPCT: 1 test case(s) completed on: 166
INFO 2026-08-23 15:24:34,961 judge_handler HaiNamPCT: 1 test case(s) completed on: 166
INFO 2026-08-23 15:24:37,962 judge_handler HaiNamPCT: 1 test case(s) completed on: 166
INFO 2026-08-23 15:24:40,964 judge_handler HaiNamPCT: 1 test case(s) completed on: 166
INFO 2026-08-23 15:24:43,965 judge_handler HaiNamPCT: 2 test case(s) completed on: 166
INFO 2026-08-23 15:24:46,967 judge_handler HaiNamPCT: 1 test case(s) completed on: 166
INFO 2026-08-23 15:24:49,970 judge_handler HaiNamPCT: 1 test case(s) completed on: 166
INFO 2026-08-23 15:24:52,973 judge_handler HaiNamPCT: 1 test case(s) completed on: 166
INFO 2026-08-23 15:24:55,974 judge_handler HaiNamPCT: 1 test case(s) completed on: 166
INFO 2026-08-23 15:24:58,975 judge_handler HaiNamPCT: 1 test case(s) completed on: 166
INFO 2026-08-23 15:25:01,976 judge_handler HaiNamPCT: 5 test case(s) completed on: 166
INFO 2026-08-23 15:25:03,955 judge_list Free judges: 0
INFO 2026-08-23 15:25:03,955 judge_list Queued submission: 167
INFO 2026-08-23 15:25:04,978 judge_handler HaiNamPCT: 6 test case(s) completed on: 166
INFO 2026-08-23 15:25:05,228 judge_handler HaiNamPCT: 1 test case(s) completed on: 166
INFO 2026-08-23 15:25:08,229 judge_handler HaiNamPCT: 1 test case(s) completed on: 166
INFO 2026-08-23 15:25:11,230 judge_handler HaiNamPCT: 1 test case(s) completed on: 166
INFO 2026-08-23 15:25:14,232 judge_handler HaiNamPCT: 1 test case(s) completed on: 166
INFO 2026-08-23 15:25:17,233 judge_handler HaiNamPCT: 2 test case(s) completed on: 166
INFO 2026-08-23 15:25:20,234 judge_handler HaiNamPCT: 1 test case(s) completed on: 166
INFO 2026-08-23 15:25:23,235 judge_handler HaiNamPCT: 1 test case(s) completed on: 166
INFO 2026-08-23 15:25:26,236 judge_handler HaiNamPCT: 2 test case(s) completed on: 166
INFO 2026-08-23 15:25:29,066 judge_handler HaiNamPCT: 1 test case(s) completed on: 166
INFO 2026-08-23 15:25:29,075 judge_handler HaiNamPCT: Grading has ended on: 166
INFO 2026-08-23 15:25:29,076 judge_list Judge available after grading 166: HaiNamPCT
INFO 2026-08-23 15:25:29,079 judge_list Dispatched queued submission 167: HaiNamPCT
INFO 2026-08-23 15:25:29,103 judge_handler Submission acknowledged: 167
INFO 2026-08-23 15:25:29,363 judge_handler HaiNamPCT: Submission generated compiler messages: 167
INFO 2026-08-23 15:25:29,370 judge_handler HaiNamPCT: Grading has begun on: 167
INFO 2026-08-23 15:25:29,488 judge_handler HaiNamPCT: 16 test case(s) completed on: 167
INFO 2026-08-23 15:25:29,739 judge_handler HaiNamPCT: 30 test case(s) completed on: 167
INFO 2026-08-23 15:25:29,771 judge_handler HaiNamPCT: 4 test case(s) completed on: 167
INFO 2026-08-23 15:25:29,782 judge_handler HaiNamPCT: Grading has ended on: 167
INFO 2026-08-23 15:25:29,782 judge_list Judge available after grading 167: HaiNamPCT
INFO 2026-08-23 15:27:17,548 judge_list Free judges: 1
INFO 2026-08-23 15:27:17,548 judge_list Dispatched submission 168 to: HaiNamPCT
INFO 2026-08-23 15:27:17,554 judge_handler Submission acknowledged: 168
INFO 2026-08-23 15:27:17,866 judge_handler HaiNamPCT: Submission generated compiler messages: 168
INFO 2026-08-23 15:27:17,872 judge_handler HaiNamPCT: Grading has begun on: 168
INFO 2026-08-23 15:27:18,050 judge_handler HaiNamPCT: 25 test case(s) completed on: 168
INFO 2026-08-23 15:27:18,300 judge_handler HaiNamPCT: 35 test case(s) completed on: 168
INFO 2026-08-23 15:27:18,552 judge_handler HaiNamPCT: 36 test case(s) completed on: 168
INFO 2026-08-23 15:27:18,580 judge_handler HaiNamPCT: 4 test case(s) completed on: 168
INFO 2026-08-23 15:27:18,591 judge_handler HaiNamPCT: Grading has ended on: 168
INFO 2026-08-23 15:27:18,591 judge_list Judge available after grading 168: HaiNamPCT
INFO 2026-08-23 15:28:13,557 judge_list Free judges: 1
INFO 2026-08-23 15:28:13,558 judge_list Dispatched submission 169 to: HaiNamPCT
INFO 2026-08-23 15:28:13,563 judge_handler Submission acknowledged: 169
INFO 2026-08-23 15:28:13,867 judge_handler HaiNamPCT: Submission generated compiler messages: 169
INFO 2026-08-23 15:28:13,873 judge_handler HaiNamPCT: Grading has begun on: 169
INFO 2026-08-23 15:28:14,085 judge_handler HaiNamPCT: 31 test case(s) completed on: 169
INFO 2026-08-23 15:28:14,336 judge_handler HaiNamPCT: 35 test case(s) completed on: 169
INFO 2026-08-23 15:28:14,567 judge_handler HaiNamPCT: 34 test case(s) completed on: 169
INFO 2026-08-23 15:28:14,581 judge_handler HaiNamPCT: Grading has ended on: 169
INFO 2026-08-23 15:28:14,581 judge_list Judge available after grading 169: HaiNamPCT
INFO 2026-08-23 15:29:15,150 judge_list Free judges: 1
INFO 2026-08-23 15:29:15,150 judge_list Dispatched submission 170 to: HaiNamPCT
INFO 2026-08-23 15:29:15,155 judge_handler Submission acknowledged: 170
INFO 2026-08-23 15:29:15,460 judge_handler HaiNamPCT: Submission generated compiler messages: 170
INFO 2026-08-23 15:29:15,467 judge_handler HaiNamPCT: Grading has begun on: 170
INFO 2026-08-23 15:29:15,623 judge_handler HaiNamPCT: 22 test case(s) completed on: 170
INFO 2026-08-23 15:29:15,874 judge_handler HaiNamPCT: 34 test case(s) completed on: 170
INFO 2026-08-23 15:29:16,124 judge_handler HaiNamPCT: 36 test case(s) completed on: 170
INFO 2026-08-23 15:29:16,182 judge_handler HaiNamPCT: 8 test case(s) completed on: 170
INFO 2026-08-23 15:29:16,191 judge_handler HaiNamPCT: Grading has ended on: 170
INFO 2026-08-23 15:29:16,192 judge_list Judge available after grading 170: HaiNamPCT
INFO 2026-08-23 15:30:55,613 judge_list Free judges: 1
INFO 2026-08-23 15:30:55,613 judge_list Dispatched submission 171 to: HaiNamPCT
INFO 2026-08-23 15:30:55,619 judge_handler Submission acknowledged: 171
INFO 2026-08-23 15:30:55,919 judge_handler HaiNamPCT: Submission generated compiler messages: 171
INFO 2026-08-23 15:30:55,925 judge_handler HaiNamPCT: Grading has begun on: 171
INFO 2026-08-23 15:30:56,183 judge_handler HaiNamPCT: 38 test case(s) completed on: 171
INFO 2026-08-23 15:30:56,434 judge_handler HaiNamPCT: 36 test case(s) completed on: 171
INFO 2026-08-23 15:30:56,614 judge_handler HaiNamPCT: 26 test case(s) completed on: 171
INFO 2026-08-23 15:30:56,627 judge_handler HaiNamPCT: Grading has ended on: 171
INFO 2026-08-23 15:30:56,627 judge_list Judge available after grading 171: HaiNamPCT
INFO 2026-08-23 15:32:33,834 judge_list Free judges: 1
INFO 2026-08-23 15:32:33,834 judge_list Dispatched submission 172 to: HaiNamPCT
INFO 2026-08-23 15:32:33,839 judge_handler Submission acknowledged: 172
INFO 2026-08-23 15:32:34,145 judge_handler HaiNamPCT: Submission generated compiler messages: 172
INFO 2026-08-23 15:32:34,150 judge_handler HaiNamPCT: Grading has begun on: 172
INFO 2026-08-23 15:32:34,240 judge_handler HaiNamPCT: 11 test case(s) completed on: 172
INFO 2026-08-23 15:32:34,491 judge_handler HaiNamPCT: 37 test case(s) completed on: 172
INFO 2026-08-23 15:32:34,741 judge_handler HaiNamPCT: 31 test case(s) completed on: 172
INFO 2026-08-23 15:32:34,992 judge_handler HaiNamPCT: 20 test case(s) completed on: 172
INFO 2026-08-23 15:32:35,006 judge_handler HaiNamPCT: 1 test case(s) completed on: 172
INFO 2026-08-23 15:32:35,014 judge_handler HaiNamPCT: Grading has ended on: 172
INFO 2026-08-23 15:32:35,014 judge_list Judge available after grading 172: HaiNamPCT
INFO 2026-08-23 15:56:06,453 judge_list Free judges: 1
INFO 2026-08-23 15:56:06,453 judge_list Dispatched submission 173 to: HaiNamPCT
INFO 2026-08-23 15:56:06,459 judge_handler Submission acknowledged: 173
INFO 2026-08-23 15:56:07,120 judge_handler HaiNamPCT: Submission generated compiler messages: 173
INFO 2026-08-23 15:56:07,126 judge_handler HaiNamPCT: Grading has begun on: 173
INFO 2026-08-23 15:56:07,291 judge_handler HaiNamPCT: 23 test case(s) completed on: 173
INFO 2026-08-23 15:56:07,454 judge_list Free judges: 0
INFO 2026-08-23 15:56:07,454 judge_list Queued submission: 174
INFO 2026-08-23 15:56:07,541 judge_handler HaiNamPCT: 17 test case(s) completed on: 173
INFO 2026-08-23 15:56:07,713 judge_handler HaiNamPCT: 10 test case(s) completed on: 173
INFO 2026-08-23 15:56:07,726 judge_handler HaiNamPCT: Grading has ended on: 173
INFO 2026-08-23 15:56:07,727 judge_list Judge available after grading 173: HaiNamPCT
INFO 2026-08-23 15:56:07,734 judge_list Dispatched queued submission 174: HaiNamPCT
INFO 2026-08-23 15:56:07,796 judge_handler Submission acknowledged: 174
INFO 2026-08-23 15:56:08,083 judge_handler HaiNamPCT: Submission generated compiler messages: 174
INFO 2026-08-23 15:56:08,091 judge_handler HaiNamPCT: Grading has begun on: 174
INFO 2026-08-23 15:56:08,294 judge_handler HaiNamPCT: 28 test case(s) completed on: 174
INFO 2026-08-23 15:56:08,544 judge_handler HaiNamPCT: 21 test case(s) completed on: 174
INFO 2026-08-23 15:56:08,560 judge_handler HaiNamPCT: 1 test case(s) completed on: 174
INFO 2026-08-23 15:56:08,568 judge_handler HaiNamPCT: Grading has ended on: 174
INFO 2026-08-23 15:56:08,568 judge_list Judge available after grading 174: HaiNamPCT
INFO 2026-08-23 15:57:16,565 judge_list Free judges: 1
INFO 2026-08-23 15:57:16,565 judge_list Dispatched submission 175 to: HaiNamPCT
INFO 2026-08-23 15:57:16,571 judge_handler Submission acknowledged: 175
INFO 2026-08-23 15:57:17,249 judge_handler HaiNamPCT: Submission generated compiler messages: 175
INFO 2026-08-23 15:57:17,255 judge_handler HaiNamPCT: Grading has begun on: 175
INFO 2026-08-23 15:57:17,335 judge_handler HaiNamPCT: 10 test case(s) completed on: 175
INFO 2026-08-23 15:57:17,586 judge_handler HaiNamPCT: 28 test case(s) completed on: 175
INFO 2026-08-23 15:57:17,830 judge_handler HaiNamPCT: 12 test case(s) completed on: 175
INFO 2026-08-23 15:57:17,842 judge_handler HaiNamPCT: Grading has ended on: 175
INFO 2026-08-23 15:57:17,842 judge_list Judge available after grading 175: HaiNamPCT
INFO 2026-08-23 16:00:13,648 judge_list Free judges: 1
INFO 2026-08-23 16:00:13,649 judge_list Dispatched submission 176 to: HaiNamPCT
INFO 2026-08-23 16:00:13,654 judge_handler Submission acknowledged: 176
INFO 2026-08-23 16:00:14,061 judge_handler HaiNamPCT: Submission generated compiler messages: 176
INFO 2026-08-23 16:00:14,068 judge_handler HaiNamPCT: Grading has begun on: 176
INFO 2026-08-23 16:00:14,188 judge_handler HaiNamPCT: 15 test case(s) completed on: 176
INFO 2026-08-23 16:00:14,438 judge_handler HaiNamPCT: 21 test case(s) completed on: 176
INFO 2026-08-23 16:00:14,689 judge_handler HaiNamPCT: 7 test case(s) completed on: 176
INFO 2026-08-23 16:00:14,790 judge_handler HaiNamPCT: 7 test case(s) completed on: 176
INFO 2026-08-23 16:00:14,800 judge_handler HaiNamPCT: Grading has ended on: 176
INFO 2026-08-23 16:00:14,800 judge_list Judge available after grading 176: HaiNamPCT
INFO 2026-08-23 16:00:58,290 judge_list Free judges: 1
INFO 2026-08-23 16:00:58,290 judge_list Dispatched submission 177 to: HaiNamPCT
INFO 2026-08-23 16:00:58,295 judge_handler Submission acknowledged: 177
INFO 2026-08-23 16:00:58,684 judge_handler HaiNamPCT: Submission generated compiler messages: 177
INFO 2026-08-23 16:00:58,693 judge_handler HaiNamPCT: Grading has begun on: 177
INFO 2026-08-23 16:00:58,713 judge_handler HaiNamPCT: 2 test case(s) completed on: 177
INFO 2026-08-23 16:00:58,964 judge_handler HaiNamPCT: 30 test case(s) completed on: 177
INFO 2026-08-23 16:00:59,214 judge_handler HaiNamPCT: 9 test case(s) completed on: 177
INFO 2026-08-23 16:00:59,365 judge_handler HaiNamPCT: 9 test case(s) completed on: 177
INFO 2026-08-23 16:00:59,378 judge_handler HaiNamPCT: Grading has ended on: 177
INFO 2026-08-23 16:00:59,378 judge_list Judge available after grading 177: HaiNamPCT
INFO 2026-08-23 16:07:13,316 judge_list Free judges: 1
INFO 2026-08-23 16:07:13,316 judge_list Dispatched submission 178 to: HaiNamPCT
INFO 2026-08-23 16:07:13,321 judge_handler Submission acknowledged: 178
INFO 2026-08-23 16:07:13,736 judge_handler HaiNamPCT: Submission generated compiler messages: 178
INFO 2026-08-23 16:07:13,753 judge_handler HaiNamPCT: Grading has begun on: 178
INFO 2026-08-23 16:07:13,936 judge_handler HaiNamPCT: 20 test case(s) completed on: 178
INFO 2026-08-23 16:07:14,186 judge_handler HaiNamPCT: 17 test case(s) completed on: 178
INFO 2026-08-23 16:07:14,437 judge_handler HaiNamPCT: 8 test case(s) completed on: 178
INFO 2026-08-23 16:07:14,474 judge_handler HaiNamPCT: 5 test case(s) completed on: 178
INFO 2026-08-23 16:07:14,484 judge_handler HaiNamPCT: Grading has ended on: 178
INFO 2026-08-23 16:07:14,485 judge_list Judge available after grading 178: HaiNamPCT
INFO 2026-08-24 02:00:11,264 judge_list Free judges: 1
INFO 2026-08-24 02:00:11,264 judge_list Dispatched submission 174 to: HaiNamPCT
INFO 2026-08-24 02:00:11,270 judge_handler Submission acknowledged: 174
INFO 2026-08-24 02:00:11,302 judge_list Free judges: 0
INFO 2026-08-24 02:00:11,302 judge_list Queued submission: 176
INFO 2026-08-24 02:00:11,323 judge_list Free judges: 0
INFO 2026-08-24 02:00:11,323 judge_list Queued submission: 177
INFO 2026-08-24 02:00:11,341 judge_list Free judges: 0
INFO 2026-08-24 02:00:11,341 judge_list Queued submission: 178
INFO 2026-08-24 02:00:11,681 judge_handler HaiNamPCT: Submission generated compiler messages: 174
INFO 2026-08-24 02:00:11,698 judge_handler HaiNamPCT: Grading has begun on: 174
INFO 2026-08-24 02:00:11,764 judge_handler HaiNamPCT: 7 test case(s) completed on: 174
INFO 2026-08-24 02:00:12,015 judge_handler HaiNamPCT: 28 test case(s) completed on: 174
INFO 2026-08-24 02:00:12,240 judge_handler HaiNamPCT: 15 test case(s) completed on: 174
INFO 2026-08-24 02:00:12,254 judge_handler HaiNamPCT: Grading has ended on: 174
INFO 2026-08-24 02:00:12,254 judge_list Judge available after grading 174: HaiNamPCT
INFO 2026-08-24 02:00:12,258 judge_list Dispatched queued submission 176: HaiNamPCT
INFO 2026-08-24 02:00:12,297 judge_handler Submission acknowledged: 176
INFO 2026-08-24 02:00:12,664 judge_handler HaiNamPCT: Submission generated compiler messages: 176
INFO 2026-08-24 02:00:12,674 judge_handler HaiNamPCT: Grading has begun on: 176
INFO 2026-08-24 02:00:12,766 judge_handler HaiNamPCT: 12 test case(s) completed on: 176
INFO 2026-08-24 02:00:13,016 judge_handler HaiNamPCT: 23 test case(s) completed on: 176
INFO 2026-08-24 02:00:13,267 judge_handler HaiNamPCT: 7 test case(s) completed on: 176
INFO 2026-08-24 02:00:13,404 judge_handler HaiNamPCT: 8 test case(s) completed on: 176
INFO 2026-08-24 02:00:13,415 judge_handler HaiNamPCT: Grading has ended on: 176
INFO 2026-08-24 02:00:13,415 judge_list Judge available after grading 176: HaiNamPCT
INFO 2026-08-24 02:00:13,419 judge_list Dispatched queued submission 177: HaiNamPCT
INFO 2026-08-24 02:00:13,462 judge_handler Submission acknowledged: 177
INFO 2026-08-24 02:00:13,816 judge_handler HaiNamPCT: Submission generated compiler messages: 177
INFO 2026-08-24 02:00:13,825 judge_handler HaiNamPCT: Grading has begun on: 177
INFO 2026-08-24 02:00:14,018 judge_handler HaiNamPCT: 25 test case(s) completed on: 177
INFO 2026-08-24 02:00:14,269 judge_handler HaiNamPCT: 13 test case(s) completed on: 177
INFO 2026-08-24 02:00:14,521 judge_handler HaiNamPCT: 8 test case(s) completed on: 177
INFO 2026-08-24 02:00:14,552 judge_handler HaiNamPCT: 4 test case(s) completed on: 177
INFO 2026-08-24 02:00:14,561 judge_handler HaiNamPCT: Grading has ended on: 177
INFO 2026-08-24 02:00:14,561 judge_list Judge available after grading 177: HaiNamPCT
INFO 2026-08-24 02:00:14,566 judge_list Dispatched queued submission 178: HaiNamPCT
INFO 2026-08-24 02:00:14,602 judge_handler Submission acknowledged: 178
INFO 2026-08-24 02:00:14,956 judge_handler HaiNamPCT: Submission generated compiler messages: 178
INFO 2026-08-24 02:00:14,962 judge_handler HaiNamPCT: Grading has begun on: 178
INFO 2026-08-24 02:00:15,022 judge_handler HaiNamPCT: 7 test case(s) completed on: 178
INFO 2026-08-24 02:00:15,273 judge_handler HaiNamPCT: 27 test case(s) completed on: 178
INFO 2026-08-24 02:00:15,523 judge_handler HaiNamPCT: 7 test case(s) completed on: 178
INFO 2026-08-24 02:00:15,682 judge_handler HaiNamPCT: 9 test case(s) completed on: 178
INFO 2026-08-24 02:00:15,692 judge_handler HaiNamPCT: Grading has ended on: 178
INFO 2026-08-24 02:00:15,693 judge_list Judge available after grading 178: HaiNamPCT
INFO 2026-08-24 02:00:28,564 judge_list Free judges: 1
INFO 2026-08-24 02:00:28,564 judge_list Dispatched submission 173 to: HaiNamPCT
INFO 2026-08-24 02:00:28,569 judge_handler Submission acknowledged: 173
INFO 2026-08-24 02:00:28,596 judge_list Free judges: 0
INFO 2026-08-24 02:00:28,596 judge_list Queued submission: 175
INFO 2026-08-24 02:00:29,309 judge_handler HaiNamPCT: Submission generated compiler messages: 173
INFO 2026-08-24 02:00:29,317 judge_handler HaiNamPCT: Grading has begun on: 173
INFO 2026-08-24 02:00:29,532 judge_handler HaiNamPCT: 28 test case(s) completed on: 173
INFO 2026-08-24 02:00:29,783 judge_handler HaiNamPCT: 13 test case(s) completed on: 173
INFO 2026-08-24 02:00:29,918 judge_handler HaiNamPCT: 9 test case(s) completed on: 173
INFO 2026-08-24 02:00:29,928 judge_handler HaiNamPCT: Grading has ended on: 173
INFO 2026-08-24 02:00:29,928 judge_list Judge available after grading 173: HaiNamPCT
INFO 2026-08-24 02:00:29,932 judge_list Dispatched queued submission 175: HaiNamPCT
INFO 2026-08-24 02:00:29,974 judge_handler Submission acknowledged: 175
INFO 2026-08-24 02:00:30,622 judge_handler HaiNamPCT: Submission generated compiler messages: 175
INFO 2026-08-24 02:00:30,628 judge_handler HaiNamPCT: Grading has begun on: 175
INFO 2026-08-24 02:00:30,784 judge_handler HaiNamPCT: 21 test case(s) completed on: 175
INFO 2026-08-24 02:00:31,035 judge_handler HaiNamPCT: 18 test case(s) completed on: 175
INFO 2026-08-24 02:00:31,235 judge_handler HaiNamPCT: 11 test case(s) completed on: 175
INFO 2026-08-24 02:00:31,247 judge_handler HaiNamPCT: Grading has ended on: 175
INFO 2026-08-24 02:00:31,247 judge_list Judge available after grading 175: HaiNamPCT
INFO 2026-08-24 02:08:57,287 judge_list Free judges: 1
INFO 2026-08-24 02:08:57,287 judge_list Dispatched submission 179 to: HaiNamPCT
INFO 2026-08-24 02:08:57,292 judge_handler Submission acknowledged: 179
INFO 2026-08-24 02:08:57,972 judge_handler HaiNamPCT: Submission generated compiler messages: 179
INFO 2026-08-24 02:08:57,979 judge_handler HaiNamPCT: Grading has begun on: 179
INFO 2026-08-24 02:08:58,074 judge_handler HaiNamPCT: 13 test case(s) completed on: 179
INFO 2026-08-24 02:08:58,326 judge_handler HaiNamPCT: 25 test case(s) completed on: 179
INFO 2026-08-24 02:08:58,565 judge_handler HaiNamPCT: 12 test case(s) completed on: 179
INFO 2026-08-24 02:08:58,575 judge_handler HaiNamPCT: Grading has ended on: 179
INFO 2026-08-24 02:08:58,576 judge_list Judge available after grading 179: HaiNamPCT
INFO 2026-08-24 02:10:06,755 judge_list Free judges: 1
INFO 2026-08-24 02:10:06,755 judge_list Dispatched submission 180 to: HaiNamPCT
INFO 2026-08-24 02:10:06,760 judge_handler Submission acknowledged: 180
INFO 2026-08-24 02:10:07,334 judge_handler HaiNamPCT: Submission generated compiler messages: 180
INFO 2026-08-24 02:10:07,344 judge_handler HaiNamPCT: Grading has begun on: 180
INFO 2026-08-24 02:10:07,366 judge_handler HaiNamPCT: 3 test case(s) completed on: 180
INFO 2026-08-24 02:10:07,618 judge_handler HaiNamPCT: 31 test case(s) completed on: 180
INFO 2026-08-24 02:10:07,870 judge_handler HaiNamPCT: 9 test case(s) completed on: 180
INFO 2026-08-24 02:10:07,950 judge_handler HaiNamPCT: 7 test case(s) completed on: 180
INFO 2026-08-24 02:10:07,961 judge_handler HaiNamPCT: Grading has ended on: 180
INFO 2026-08-24 02:10:07,961 judge_list Judge available after grading 180: HaiNamPCT
INFO 2026-08-24 02:20:06,463 judge_handler HaiNamPCT: Updated problem list
INFO 2026-08-24 02:20:13,627 judge_handler HaiNamPCT: Updated problem list
INFO 2026-08-24 02:20:32,704 judge_list Free judges: 1
INFO 2026-08-24 02:20:32,704 judge_list Dispatched submission 181 to: HaiNamPCT
INFO 2026-08-24 02:20:32,709 judge_handler Submission acknowledged: 181
INFO 2026-08-24 02:20:33,292 judge_handler HaiNamPCT: Submission generated compiler messages: 181
INFO 2026-08-24 02:20:33,299 judge_handler HaiNamPCT: Grading has begun on: 181
INFO 2026-08-24 02:20:33,485 judge_handler HaiNamPCT: 26 test case(s) completed on: 181
INFO 2026-08-24 02:20:33,654 judge_handler HaiNamPCT: 24 test case(s) completed on: 181
INFO 2026-08-24 02:20:33,669 judge_handler HaiNamPCT: Grading has ended on: 181
INFO 2026-08-24 02:20:33,669 judge_list Judge available after grading 181: HaiNamPCT
INFO 2026-08-24 04:10:38,442 judge_list Free judges: 1
INFO 2026-08-24 04:10:38,443 judge_list Dispatched submission 182 to: HaiNamPCT
INFO 2026-08-24 04:10:38,449 judge_handler Submission acknowledged: 182
INFO 2026-08-24 04:10:38,762 judge_handler HaiNamPCT: Submission generated compiler messages: 182
INFO 2026-08-24 04:10:38,768 judge_handler HaiNamPCT: Grading has begun on: 182
INFO 2026-08-24 04:10:38,816 judge_handler HaiNamPCT: 3 test case(s) completed on: 182
INFO 2026-08-24 04:10:38,828 judge_handler HaiNamPCT: Grading has ended on: 182
INFO 2026-08-24 04:10:38,828 judge_list Judge available after grading 182: HaiNamPCT
INFO 2026-08-24 04:15:13,571 judge_list Free judges: 1
INFO 2026-08-24 04:15:13,571 judge_list Dispatched submission 183 to: HaiNamPCT
INFO 2026-08-24 04:15:13,577 judge_handler Submission acknowledged: 183
INFO 2026-08-24 04:15:13,874 judge_handler HaiNamPCT: Submission generated compiler messages: 183
INFO 2026-08-24 04:15:13,880 judge_handler HaiNamPCT: Grading has begun on: 183
INFO 2026-08-24 04:15:14,004 judge_handler HaiNamPCT: 17 test case(s) completed on: 183
INFO 2026-08-24 04:15:14,030 judge_handler HaiNamPCT: 3 test case(s) completed on: 183
INFO 2026-08-24 04:15:14,040 judge_handler HaiNamPCT: Grading has ended on: 183
INFO 2026-08-24 04:15:14,040 judge_list Judge available after grading 183: HaiNamPCT
INFO 2026-08-24 04:15:55,330 judge_list Free judges: 1
INFO 2026-08-24 04:15:55,331 judge_list Dispatched submission 184 to: HaiNamPCT
INFO 2026-08-24 04:15:55,336 judge_handler Submission acknowledged: 184
INFO 2026-08-24 04:15:55,628 judge_handler HaiNamPCT: Submission generated compiler messages: 184
INFO 2026-08-24 04:15:55,633 judge_handler HaiNamPCT: Grading has begun on: 184
INFO 2026-08-24 04:15:55,779 judge_handler HaiNamPCT: 19 test case(s) completed on: 184
INFO 2026-08-24 04:15:55,790 judge_handler HaiNamPCT: 1 test case(s) completed on: 184
INFO 2026-08-24 04:15:55,797 judge_handler HaiNamPCT: Grading has ended on: 184
INFO 2026-08-24 04:15:55,797 judge_list Judge available after grading 184: HaiNamPCT
INFO 2026-08-24 04:17:42,552 judge_list Free judges: 1
INFO 2026-08-24 04:17:42,552 judge_list Dispatched submission 185 to: HaiNamPCT
INFO 2026-08-24 04:17:42,557 judge_handler Submission acknowledged: 185
INFO 2026-08-24 04:17:42,854 judge_handler HaiNamPCT: Submission generated compiler messages: 185
INFO 2026-08-24 04:17:42,860 judge_handler HaiNamPCT: Grading has begun on: 185
INFO 2026-08-24 04:17:43,010 judge_handler HaiNamPCT: 20 test case(s) completed on: 185
INFO 2026-08-24 04:17:43,023 judge_handler HaiNamPCT: Grading has ended on: 185
INFO 2026-08-24 04:17:43,023 judge_list Judge available after grading 185: HaiNamPCT
INFO 2026-08-24 04:21:04,360 judge_list Free judges: 1
INFO 2026-08-24 04:21:04,361 judge_list Dispatched submission 186 to: HaiNamPCT
INFO 2026-08-24 04:21:04,366 judge_handler Submission acknowledged: 186
INFO 2026-08-24 04:21:04,680 judge_handler HaiNamPCT: Submission generated compiler messages: 186
INFO 2026-08-24 04:21:04,686 judge_handler HaiNamPCT: Grading has begun on: 186
INFO 2026-08-24 04:21:04,707 judge_handler HaiNamPCT: 2 test case(s) completed on: 186
INFO 2026-08-24 04:21:04,958 judge_handler HaiNamPCT: 33 test case(s) completed on: 186
INFO 2026-08-24 04:21:05,209 judge_handler HaiNamPCT: 33 test case(s) completed on: 186
INFO 2026-08-24 04:21:05,446 judge_handler HaiNamPCT: 32 test case(s) completed on: 186
INFO 2026-08-24 04:21:05,459 judge_handler HaiNamPCT: Grading has ended on: 186
INFO 2026-08-24 04:21:05,459 judge_list Judge available after grading 186: HaiNamPCT
INFO 2026-08-24 04:22:18,058 judge_list Free judges: 1
INFO 2026-08-24 04:22:18,058 judge_list Dispatched submission 187 to: HaiNamPCT
INFO 2026-08-24 04:22:18,063 judge_handler Submission acknowledged: 187
INFO 2026-08-24 04:22:18,349 judge_handler HaiNamPCT: Submission generated compiler messages: 187
INFO 2026-08-24 04:22:18,357 judge_handler HaiNamPCT: Grading has begun on: 187
INFO 2026-08-24 04:22:18,496 judge_handler HaiNamPCT: 20 test case(s) completed on: 187
INFO 2026-08-24 04:22:18,509 judge_handler HaiNamPCT: Grading has ended on: 187
INFO 2026-08-24 04:22:18,509 judge_list Judge available after grading 187: HaiNamPCT
INFO 2026-08-24 04:22:49,596 judge_list Free judges: 1
INFO 2026-08-24 04:22:49,596 judge_list Dispatched submission 188 to: HaiNamPCT
INFO 2026-08-24 04:22:49,602 judge_handler Submission acknowledged: 188
INFO 2026-08-24 04:22:49,893 judge_handler HaiNamPCT: Submission generated compiler messages: 188
INFO 2026-08-24 04:22:49,899 judge_handler HaiNamPCT: Grading has begun on: 188
INFO 2026-08-24 04:22:50,019 judge_handler HaiNamPCT: 15 test case(s) completed on: 188
INFO 2026-08-24 04:22:50,266 judge_handler HaiNamPCT: 35 test case(s) completed on: 188
INFO 2026-08-24 04:22:50,279 judge_handler HaiNamPCT: Grading has ended on: 188
INFO 2026-08-24 04:22:50,279 judge_list Judge available after grading 188: HaiNamPCT
INFO 2026-08-24 04:23:33,819 judge_list Free judges: 1
INFO 2026-08-24 04:23:33,819 judge_list Dispatched submission 189 to: HaiNamPCT
INFO 2026-08-24 04:23:33,824 judge_handler Submission acknowledged: 189
INFO 2026-08-24 04:23:34,120 judge_handler HaiNamPCT: Submission generated compiler messages: 189
INFO 2026-08-24 04:23:34,126 judge_handler HaiNamPCT: Grading has begun on: 189
INFO 2026-08-24 04:23:34,280 judge_handler HaiNamPCT: 20 test case(s) completed on: 189
INFO 2026-08-24 04:23:34,293 judge_handler HaiNamPCT: Grading has ended on: 189
INFO 2026-08-24 04:23:34,294 judge_list Judge available after grading 189: HaiNamPCT
INFO 2026-08-24 04:25:36,703 judge_list Free judges: 1
INFO 2026-08-24 04:25:36,703 judge_list Dispatched submission 190 to: HaiNamPCT
INFO 2026-08-24 04:25:36,709 judge_handler Submission acknowledged: 190
INFO 2026-08-24 04:25:37,014 judge_handler HaiNamPCT: Submission generated compiler messages: 190
INFO 2026-08-24 04:25:37,020 judge_handler HaiNamPCT: Grading has begun on: 190
INFO 2026-08-24 04:25:37,116 judge_handler HaiNamPCT: 12 test case(s) completed on: 190
INFO 2026-08-24 04:25:37,366 judge_handler HaiNamPCT: 33 test case(s) completed on: 190
INFO 2026-08-24 04:25:37,617 judge_handler HaiNamPCT: 33 test case(s) completed on: 190
INFO 2026-08-24 04:25:37,780 judge_handler HaiNamPCT: 22 test case(s) completed on: 190
INFO 2026-08-24 04:25:37,793 judge_handler HaiNamPCT: Grading has ended on: 190
INFO 2026-08-24 04:25:37,793 judge_list Judge available after grading 190: HaiNamPCT
INFO 2026-08-24 04:27:18,484 judge_list Free judges: 1
INFO 2026-08-24 04:27:18,484 judge_list Dispatched submission 191 to: HaiNamPCT
INFO 2026-08-24 04:27:18,490 judge_handler Submission acknowledged: 191
INFO 2026-08-24 04:27:18,813 judge_handler HaiNamPCT: Submission generated compiler messages: 191
INFO 2026-08-24 04:27:18,819 judge_handler HaiNamPCT: Grading has begun on: 191
INFO 2026-08-24 04:27:18,928 judge_handler HaiNamPCT: 14 test case(s) completed on: 191
INFO 2026-08-24 04:27:19,180 judge_handler HaiNamPCT: 33 test case(s) completed on: 191
INFO 2026-08-24 04:27:19,431 judge_handler HaiNamPCT: 32 test case(s) completed on: 191
INFO 2026-08-24 04:27:19,593 judge_handler HaiNamPCT: 21 test case(s) completed on: 191
INFO 2026-08-24 04:27:19,606 judge_handler HaiNamPCT: Grading has ended on: 191
INFO 2026-08-24 04:27:19,607 judge_list Judge available after grading 191: HaiNamPCT
INFO 2026-08-24 04:27:55,843 judge_list Free judges: 1
INFO 2026-08-24 04:27:55,843 judge_list Dispatched submission 192 to: HaiNamPCT
INFO 2026-08-24 04:27:55,848 judge_handler Submission acknowledged: 192
INFO 2026-08-24 04:27:56,169 judge_handler HaiNamPCT: Submission generated compiler messages: 192
INFO 2026-08-24 04:27:56,174 judge_handler HaiNamPCT: Grading has begun on: 192
INFO 2026-08-24 04:27:56,201 judge_handler HaiNamPCT: 2 test case(s) completed on: 192
INFO 2026-08-24 04:27:56,452 judge_handler HaiNamPCT: 33 test case(s) completed on: 192
INFO 2026-08-24 04:27:56,703 judge_handler HaiNamPCT: 31 test case(s) completed on: 192
INFO 2026-08-24 04:27:56,953 judge_handler HaiNamPCT: 32 test case(s) completed on: 192
INFO 2026-08-24 04:27:56,971 judge_handler HaiNamPCT: 2 test case(s) completed on: 192
INFO 2026-08-24 04:27:56,979 judge_handler HaiNamPCT: Grading has ended on: 192
INFO 2026-08-24 04:27:56,979 judge_list Judge available after grading 192: HaiNamPCT
INFO 2026-08-24 04:28:16,774 judge_list Free judges: 1
INFO 2026-08-24 04:28:16,774 judge_list Dispatched submission 193 to: HaiNamPCT
INFO 2026-08-24 04:28:16,780 judge_handler Submission acknowledged: 193
INFO 2026-08-24 04:28:17,100 judge_handler HaiNamPCT: Submission generated compiler messages: 193
INFO 2026-08-24 04:28:17,106 judge_handler HaiNamPCT: Grading has begun on: 193
INFO 2026-08-24 04:28:17,217 judge_handler HaiNamPCT: 14 test case(s) completed on: 193
INFO 2026-08-24 04:28:17,468 judge_handler HaiNamPCT: 33 test case(s) completed on: 193
INFO 2026-08-24 04:28:17,718 judge_handler HaiNamPCT: 33 test case(s) completed on: 193
INFO 2026-08-24 04:28:17,871 judge_handler HaiNamPCT: 20 test case(s) completed on: 193
INFO 2026-08-24 04:28:17,884 judge_handler HaiNamPCT: Grading has ended on: 193
INFO 2026-08-24 04:28:17,884 judge_list Judge available after grading 193: HaiNamPCT
INFO 2026-08-24 04:37:39,290 judge_list Free judges: 1
INFO 2026-08-24 04:37:39,290 judge_list Dispatched submission 194 to: HaiNamPCT
INFO 2026-08-24 04:37:39,295 judge_handler Submission acknowledged: 194
INFO 2026-08-24 04:37:39,671 judge_handler HaiNamPCT: Submission generated compiler messages: 194
INFO 2026-08-24 04:37:39,677 judge_handler HaiNamPCT: Grading has begun on: 194
INFO 2026-08-24 04:37:39,801 judge_handler HaiNamPCT: 16 test case(s) completed on: 194
INFO 2026-08-24 04:37:40,051 judge_handler HaiNamPCT: 21 test case(s) completed on: 194
INFO 2026-08-24 04:37:40,296 judge_handler HaiNamPCT: 13 test case(s) completed on: 194
INFO 2026-08-24 04:37:40,307 judge_handler HaiNamPCT: Grading has ended on: 194
INFO 2026-08-24 04:37:40,307 judge_list Judge available after grading 194: HaiNamPCT
INFO 2026-08-24 04:40:09,497 judge_list Free judges: 1
INFO 2026-08-24 04:40:09,497 judge_list Dispatched submission 195 to: HaiNamPCT
INFO 2026-08-24 04:40:09,502 judge_handler Submission acknowledged: 195
INFO 2026-08-24 04:40:09,942 judge_handler HaiNamPCT: Submission generated compiler messages: 195
INFO 2026-08-24 04:40:09,949 judge_handler HaiNamPCT: Grading has begun on: 195
INFO 2026-08-24 04:40:10,139 judge_handler HaiNamPCT: 24 test case(s) completed on: 195
INFO 2026-08-24 04:40:10,390 judge_handler HaiNamPCT: 15 test case(s) completed on: 195
INFO 2026-08-24 04:40:10,595 judge_handler HaiNamPCT: 11 test case(s) completed on: 195
INFO 2026-08-24 04:40:10,605 judge_handler HaiNamPCT: Grading has ended on: 195
INFO 2026-08-24 04:40:10,606 judge_list Judge available after grading 195: HaiNamPCT
INFO 2026-08-24 04:46:59,391 judge_list Free judges: 1
INFO 2026-08-24 04:46:59,391 judge_list Dispatched submission 196 to: HaiNamPCT
INFO 2026-08-24 04:46:59,397 judge_handler Submission acknowledged: 196
INFO 2026-08-24 04:46:59,785 judge_handler HaiNamPCT: Submission generated compiler messages: 196
INFO 2026-08-24 04:46:59,793 judge_handler HaiNamPCT: Grading has begun on: 196
INFO 2026-08-24 04:46:59,880 judge_handler HaiNamPCT: 12 test case(s) completed on: 196
INFO 2026-08-24 04:47:00,130 judge_handler HaiNamPCT: 28 test case(s) completed on: 196
INFO 2026-08-24 04:47:00,381 judge_handler HaiNamPCT: 5 test case(s) completed on: 196
INFO 2026-08-24 04:47:00,434 judge_handler HaiNamPCT: 5 test case(s) completed on: 196
INFO 2026-08-24 04:47:00,444 judge_handler HaiNamPCT: Grading has ended on: 196
INFO 2026-08-24 04:47:00,444 judge_list Judge available after grading 196: HaiNamPCT
INFO 2026-08-24 04:48:06,504 judge_list Free judges: 1
INFO 2026-08-24 04:48:06,504 judge_list Dispatched submission 197 to: HaiNamPCT
INFO 2026-08-24 04:48:06,510 judge_handler Submission acknowledged: 197
INFO 2026-08-24 04:48:06,903 judge_handler HaiNamPCT: Submission generated compiler messages: 197
INFO 2026-08-24 04:48:06,909 judge_handler HaiNamPCT: Grading has begun on: 197
INFO 2026-08-24 04:48:06,922 judge_handler HaiNamPCT: 1 test case(s) completed on: 197
INFO 2026-08-24 04:48:07,171 judge_handler HaiNamPCT: 33 test case(s) completed on: 197
INFO 2026-08-24 04:48:07,420 judge_handler HaiNamPCT: 9 test case(s) completed on: 197
INFO 2026-08-24 04:48:07,523 judge_handler HaiNamPCT: 7 test case(s) completed on: 197
INFO 2026-08-24 04:48:07,535 judge_handler HaiNamPCT: Grading has ended on: 197
INFO 2026-08-24 04:48:07,535 judge_list Judge available after grading 197: HaiNamPCT
INFO 2026-08-24 04:57:24,596 judge_list Free judges: 1
INFO 2026-08-24 04:57:24,597 judge_list Dispatched submission 198 to: HaiNamPCT
INFO 2026-08-24 04:57:24,602 judge_handler Submission acknowledged: 198
INFO 2026-08-24 04:57:24,918 judge_handler HaiNamPCT: Submission generated compiler messages: 198
INFO 2026-08-24 04:57:24,924 judge_handler HaiNamPCT: Grading has begun on: 198
INFO 2026-08-24 04:57:24,988 judge_handler HaiNamPCT: 9 test case(s) completed on: 198
INFO 2026-08-24 04:57:25,239 judge_handler HaiNamPCT: 32 test case(s) completed on: 198
INFO 2026-08-24 04:57:25,332 judge_handler HaiNamPCT: 9 test case(s) completed on: 198
INFO 2026-08-24 04:57:25,342 judge_handler HaiNamPCT: Grading has ended on: 198
INFO 2026-08-24 04:57:25,342 judge_list Judge available after grading 198: HaiNamPCT
INFO 2026-08-24 05:01:06,588 judge_handler HaiNamPCT: Updated problem list
INFO 2026-08-24 05:01:11,851 judge_handler HaiNamPCT: Updated problem list
INFO 2026-08-24 05:01:14,852 judge_handler HaiNamPCT: Updated problem list
INFO 2026-08-24 05:02:43,797 judge_list Free judges: 1
INFO 2026-08-24 05:02:43,797 judge_list Dispatched submission 199 to: HaiNamPCT
INFO 2026-08-24 05:02:43,802 judge_handler Submission acknowledged: 199
INFO 2026-08-24 05:02:44,375 judge_handler HaiNamPCT: Submission generated compiler messages: 199
INFO 2026-08-24 05:02:44,382 judge_handler HaiNamPCT: Grading has begun on: 199
INFO 2026-08-24 05:02:44,430 judge_handler HaiNamPCT: 6 test case(s) completed on: 199
INFO 2026-08-24 05:02:44,532 judge_handler HaiNamPCT: 14 test case(s) completed on: 199
INFO 2026-08-24 05:02:44,543 judge_handler HaiNamPCT: Grading has ended on: 199
INFO 2026-08-24 05:02:44,543 judge_list Judge available after grading 199: HaiNamPCT
INFO 2026-08-24 05:40:09,518 judge_list Free judges: 1
INFO 2026-08-24 05:40:09,518 judge_list Dispatched submission 200 to: HaiNamPCT
INFO 2026-08-24 05:40:09,523 judge_handler Submission acknowledged: 200
INFO 2026-08-24 05:40:09,902 judge_handler HaiNamPCT: Submission generated compiler messages: 200
INFO 2026-08-24 05:40:09,909 judge_handler HaiNamPCT: Grading has begun on: 200
INFO 2026-08-24 05:40:09,954 judge_handler HaiNamPCT: 5 test case(s) completed on: 200
INFO 2026-08-24 05:40:10,204 judge_handler HaiNamPCT: 28 test case(s) completed on: 200
INFO 2026-08-24 05:40:10,454 judge_handler HaiNamPCT: 8 test case(s) completed on: 200
INFO 2026-08-24 05:40:10,617 judge_handler HaiNamPCT: 9 test case(s) completed on: 200
INFO 2026-08-24 05:40:10,629 judge_handler HaiNamPCT: Grading has ended on: 200
INFO 2026-08-24 05:40:10,630 judge_list Judge available after grading 200: HaiNamPCT
INFO 2026-08-24 05:41:35,992 judge_list Free judges: 1
INFO 2026-08-24 05:41:35,992 judge_list Dispatched submission 201 to: HaiNamPCT
INFO 2026-08-24 05:41:35,998 judge_handler Submission acknowledged: 201
INFO 2026-08-24 05:41:36,311 judge_handler HaiNamPCT: Submission generated compiler messages: 201
INFO 2026-08-24 05:41:36,317 judge_handler HaiNamPCT: Grading has begun on: 201
INFO 2026-08-24 05:41:36,505 judge_handler HaiNamPCT: 25 test case(s) completed on: 201
INFO 2026-08-24 05:41:36,756 judge_handler HaiNamPCT: 33 test case(s) completed on: 201
INFO 2026-08-24 05:41:37,007 judge_handler HaiNamPCT: 34 test case(s) completed on: 201
INFO 2026-08-24 05:41:37,067 judge_handler HaiNamPCT: 8 test case(s) completed on: 201
INFO 2026-08-24 05:41:37,076 judge_handler HaiNamPCT: Grading has ended on: 201
INFO 2026-08-24 05:41:37,077 judge_list Judge available after grading 201: HaiNamPCT
INFO 2026-08-24 05:43:55,440 judge_list Free judges: 1
INFO 2026-08-24 05:43:55,440 judge_list Dispatched submission 202 to: HaiNamPCT
INFO 2026-08-24 05:43:55,445 judge_handler Submission acknowledged: 202
INFO 2026-08-24 05:43:55,870 judge_handler HaiNamPCT: Submission generated compiler messages: 202
INFO 2026-08-24 05:43:55,880 judge_handler HaiNamPCT: Grading has begun on: 202
INFO 2026-08-24 05:43:56,090 judge_handler HaiNamPCT: 23 test case(s) completed on: 202
INFO 2026-08-24 05:43:56,340 judge_handler HaiNamPCT: 27 test case(s) completed on: 202
INFO 2026-08-24 05:43:56,591 judge_handler HaiNamPCT: 12 test case(s) completed on: 202
INFO 2026-08-24 05:43:56,841 judge_handler HaiNamPCT: 12 test case(s) completed on: 202
INFO 2026-08-24 05:43:57,092 judge_handler HaiNamPCT: 8 test case(s) completed on: 202
INFO 2026-08-24 05:43:57,344 judge_handler HaiNamPCT: 6 test case(s) completed on: 202
INFO 2026-08-24 05:43:57,594 judge_handler HaiNamPCT: 6 test case(s) completed on: 202
INFO 2026-08-24 05:43:57,844 judge_handler HaiNamPCT: 5 test case(s) completed on: 202
INFO 2026-08-24 05:43:57,870 judge_handler HaiNamPCT: 1 test case(s) completed on: 202
INFO 2026-08-24 05:43:57,880 judge_handler HaiNamPCT: Grading has ended on: 202
INFO 2026-08-24 05:43:57,880 judge_list Judge available after grading 202: HaiNamPCT
INFO 2026-08-24 05:48:23,694 judge_list Free judges: 1
INFO 2026-08-24 05:48:23,694 judge_list Dispatched submission 203 to: HaiNamPCT
INFO 2026-08-24 05:48:23,699 judge_handler Submission acknowledged: 203
INFO 2026-08-24 05:48:24,009 judge_handler HaiNamPCT: Submission generated compiler messages: 203
INFO 2026-08-24 05:48:24,020 judge_handler HaiNamPCT: Grading has begun on: 203
INFO 2026-08-24 05:48:24,248 judge_handler HaiNamPCT: 32 test case(s) completed on: 203
INFO 2026-08-24 05:48:24,499 judge_handler HaiNamPCT: 36 test case(s) completed on: 203
INFO 2026-08-24 05:48:24,716 judge_handler HaiNamPCT: 32 test case(s) completed on: 203
INFO 2026-08-24 05:48:24,730 judge_handler HaiNamPCT: Grading has ended on: 203
INFO 2026-08-24 05:48:24,730 judge_list Judge available after grading 203: HaiNamPCT
INFO 2026-08-24 05:51:07,482 judge_list Free judges: 1
INFO 2026-08-24 05:51:07,482 judge_list Dispatched submission 204 to: HaiNamPCT
INFO 2026-08-24 05:51:07,487 judge_handler Submission acknowledged: 204
INFO 2026-08-24 05:51:07,803 judge_handler HaiNamPCT: Submission generated compiler messages: 204
INFO 2026-08-24 05:51:07,812 judge_handler HaiNamPCT: Grading has begun on: 204
INFO 2026-08-24 05:51:07,848 judge_handler HaiNamPCT: 4 test case(s) completed on: 204
INFO 2026-08-24 05:51:08,098 judge_handler HaiNamPCT: 34 test case(s) completed on: 204
INFO 2026-08-24 05:51:08,349 judge_handler HaiNamPCT: 34 test case(s) completed on: 204
INFO 2026-08-24 05:51:08,556 judge_handler HaiNamPCT: 28 test case(s) completed on: 204
INFO 2026-08-24 05:51:08,570 judge_handler HaiNamPCT: Grading has ended on: 204
INFO 2026-08-24 05:51:08,570 judge_list Judge available after grading 204: HaiNamPCT
INFO 2026-08-24 05:52:47,444 judge_list Free judges: 1
INFO 2026-08-24 05:52:47,444 judge_list Dispatched submission 98 to: HaiNamPCT
INFO 2026-08-24 05:52:47,449 judge_handler Submission acknowledged: 98
INFO 2026-08-24 05:52:47,769 judge_handler HaiNamPCT: Submission generated compiler messages: 98
INFO 2026-08-24 05:52:47,779 judge_handler HaiNamPCT: Grading has begun on: 98
INFO 2026-08-24 05:52:47,909 judge_handler HaiNamPCT: 6 test case(s) completed on: 98
INFO 2026-08-24 05:52:48,160 judge_handler HaiNamPCT: 9 test case(s) completed on: 98
INFO 2026-08-24 05:52:48,410 judge_handler HaiNamPCT: 15 test case(s) completed on: 98
INFO 2026-08-24 05:52:48,660 judge_handler HaiNamPCT: 11 test case(s) completed on: 98
INFO 2026-08-24 05:52:48,853 judge_handler HaiNamPCT: 9 test case(s) completed on: 98
INFO 2026-08-24 05:52:48,865 judge_handler HaiNamPCT: Grading has ended on: 98
INFO 2026-08-24 05:52:48,865 judge_list Judge available after grading 98: HaiNamPCT
INFO 2026-08-24 06:40:07,745 judge_handler HaiNamPCT: Updated problem list
INFO 2026-08-24 06:40:10,746 judge_handler HaiNamPCT: Updated problem list
INFO 2026-08-24 06:40:13,747 judge_handler HaiNamPCT: Updated problem list
INFO 2026-08-24 06:40:28,219 judge_list Free judges: 1
INFO 2026-08-24 06:40:28,219 judge_list Dispatched submission 205 to: HaiNamPCT
INFO 2026-08-24 06:40:28,224 judge_handler Submission acknowledged: 205
INFO 2026-08-24 06:40:28,837 judge_handler HaiNamPCT: Submission generated compiler messages: 205
INFO 2026-08-24 06:40:28,843 judge_handler HaiNamPCT: Grading has begun on: 205
INFO 2026-08-24 06:40:29,090 judge_handler HaiNamPCT: 10 test case(s) completed on: 205
INFO 2026-08-24 06:40:29,311 judge_handler HaiNamPCT: 10 test case(s) completed on: 205
INFO 2026-08-24 06:40:29,320 judge_handler HaiNamPCT: Grading has ended on: 205
INFO 2026-08-24 06:40:29,320 judge_list Judge available after grading 205: HaiNamPCT
INFO 2026-08-24 07:15:13,140 judge_list Free judges: 1
INFO 2026-08-24 07:15:13,141 judge_list Dispatched submission 206 to: HaiNamPCT
INFO 2026-08-24 07:15:13,148 judge_handler Submission acknowledged: 206
INFO 2026-08-24 07:15:13,463 judge_handler HaiNamPCT: Submission generated compiler messages: 206
INFO 2026-08-24 07:15:13,469 judge_handler HaiNamPCT: Grading has begun on: 206
INFO 2026-08-24 07:15:13,546 judge_handler HaiNamPCT: 10 test case(s) completed on: 206
INFO 2026-08-24 07:15:13,797 judge_handler HaiNamPCT: 35 test case(s) completed on: 206
INFO 2026-08-24 07:15:13,834 judge_handler HaiNamPCT: 5 test case(s) completed on: 206
INFO 2026-08-24 07:15:13,843 judge_handler HaiNamPCT: Grading has ended on: 206
INFO 2026-08-24 07:15:13,844 judge_list Judge available after grading 206: HaiNamPCT
INFO 2026-08-24 07:20:01,503 judge_list Free judges: 1
INFO 2026-08-24 07:20:01,503 judge_list Dispatched submission 207 to: HaiNamPCT
INFO 2026-08-24 07:20:01,509 judge_handler Submission acknowledged: 207
INFO 2026-08-24 07:20:01,834 judge_handler HaiNamPCT: Submission generated compiler messages: 207
INFO 2026-08-24 07:20:01,840 judge_handler HaiNamPCT: Grading has begun on: 207
INFO 2026-08-24 07:20:01,965 judge_handler HaiNamPCT: 15 test case(s) completed on: 207
INFO 2026-08-24 07:20:02,003 judge_handler HaiNamPCT: 5 test case(s) completed on: 207
INFO 2026-08-24 07:20:02,013 judge_handler HaiNamPCT: Grading has ended on: 207
INFO 2026-08-24 07:20:02,013 judge_list Judge available after grading 207: HaiNamPCT
INFO 2026-08-24 07:21:26,831 judge_list Free judges: 1
INFO 2026-08-24 07:21:26,831 judge_list Dispatched submission 208 to: HaiNamPCT
INFO 2026-08-24 07:21:26,837 judge_handler Submission acknowledged: 208
INFO 2026-08-24 07:21:27,130 judge_handler HaiNamPCT: Submission generated compiler messages: 208
INFO 2026-08-24 07:21:27,136 judge_handler HaiNamPCT: Grading has begun on: 208
INFO 2026-08-24 07:21:27,265 judge_handler HaiNamPCT: 8 test case(s) completed on: 208
INFO 2026-08-24 07:21:27,516 judge_handler HaiNamPCT: 4 test case(s) completed on: 208
INFO 2026-08-24 07:21:27,631 judge_handler HaiNamPCT: 8 test case(s) completed on: 208
INFO 2026-08-24 07:21:27,642 judge_handler HaiNamPCT: Grading has ended on: 208
INFO 2026-08-24 07:21:27,642 judge_list Judge available after grading 208: HaiNamPCT
INFO 2026-08-24 08:20:44,561 judge_list Free judges: 1
INFO 2026-08-24 08:20:44,561 judge_list Dispatched submission 209 to: HaiNamPCT
INFO 2026-08-24 08:20:44,566 judge_handler Submission acknowledged: 209
INFO 2026-08-24 08:20:44,870 judge_handler HaiNamPCT: Submission generated compiler messages: 209
INFO 2026-08-24 08:20:44,876 judge_handler HaiNamPCT: Grading has begun on: 209
INFO 2026-08-24 08:20:45,126 judge_handler HaiNamPCT: 10 test case(s) completed on: 209
INFO 2026-08-24 08:20:45,343 judge_handler HaiNamPCT: 10 test case(s) completed on: 209
INFO 2026-08-24 08:20:45,354 judge_handler HaiNamPCT: Grading has ended on: 209
INFO 2026-08-24 08:20:45,354 judge_list Judge available after grading 209: HaiNamPCT
INFO 2026-08-24 08:23:28,936 judge_list Free judges: 1
INFO 2026-08-24 08:23:28,936 judge_list Dispatched submission 210 to: HaiNamPCT
INFO 2026-08-24 08:23:28,942 judge_handler Submission acknowledged: 210
INFO 2026-08-24 08:23:29,225 judge_handler HaiNamPCT: Submission generated compiler messages: 210
INFO 2026-08-24 08:23:29,236 judge_handler HaiNamPCT: Grading has begun on: 210
INFO 2026-08-24 08:23:29,473 judge_handler HaiNamPCT: 34 test case(s) completed on: 210
INFO 2026-08-24 08:23:29,588 judge_handler HaiNamPCT: 16 test case(s) completed on: 210
INFO 2026-08-24 08:23:29,600 judge_handler HaiNamPCT: Grading has ended on: 210
INFO 2026-08-24 08:23:29,600 judge_list Judge available after grading 210: HaiNamPCT
INFO 2026-08-24 08:36:46,617 judge_list Free judges: 1
INFO 2026-08-24 08:36:46,617 judge_list Dispatched submission 211 to: HaiNamPCT
INFO 2026-08-24 08:36:46,623 judge_handler Submission acknowledged: 211
INFO 2026-08-24 08:36:46,966 judge_handler HaiNamPCT: Submission generated compiler messages: 211
INFO 2026-08-24 08:36:46,973 judge_handler HaiNamPCT: Grading has begun on: 211
INFO 2026-08-24 08:36:47,204 judge_handler HaiNamPCT: 8 test case(s) completed on: 211
INFO 2026-08-24 08:36:47,455 judge_handler HaiNamPCT: 1 test case(s) completed on: 211
INFO 2026-08-24 08:36:47,705 judge_handler HaiNamPCT: 1 test case(s) completed on: 211
INFO 2026-08-24 08:36:47,955 judge_handler HaiNamPCT: 2 test case(s) completed on: 211
INFO 2026-08-24 08:36:48,313 judge_handler HaiNamPCT: 8 test case(s) completed on: 211
INFO 2026-08-24 08:36:48,325 judge_handler HaiNamPCT: Grading has ended on: 211
INFO 2026-08-24 08:36:48,325 judge_list Judge available after grading 211: HaiNamPCT
INFO 2026-08-24 08:37:11,916 judge_list Free judges: 1
INFO 2026-08-24 08:37:11,917 judge_list Dispatched submission 212 to: HaiNamPCT
INFO 2026-08-24 08:37:11,922 judge_handler Submission acknowledged: 212
INFO 2026-08-24 08:37:12,211 judge_handler HaiNamPCT: Submission generated compiler messages: 212
INFO 2026-08-24 08:37:12,218 judge_handler HaiNamPCT: Grading has begun on: 212
INFO 2026-08-24 08:37:12,471 judge_handler HaiNamPCT: 35 test case(s) completed on: 212
INFO 2026-08-24 08:37:12,578 judge_handler HaiNamPCT: 15 test case(s) completed on: 212
INFO 2026-08-24 08:37:12,590 judge_handler HaiNamPCT: Grading has ended on: 212
INFO 2026-08-24 08:37:12,590 judge_list Judge available after grading 212: HaiNamPCT
INFO 2026-08-24 08:47:15,784 judge_list Free judges: 1
INFO 2026-08-24 08:47:15,784 judge_list Dispatched submission 213 to: HaiNamPCT
INFO 2026-08-24 08:47:15,790 judge_handler Submission acknowledged: 213
INFO 2026-08-24 08:47:16,169 judge_handler HaiNamPCT: Submission generated compiler messages: 213
INFO 2026-08-24 08:47:16,178 judge_handler HaiNamPCT: Grading has begun on: 213
INFO 2026-08-24 08:47:16,330 judge_handler HaiNamPCT: 21 test case(s) completed on: 213
INFO 2026-08-24 08:47:16,580 judge_handler HaiNamPCT: 17 test case(s) completed on: 213
INFO 2026-08-24 08:47:16,832 judge_handler HaiNamPCT: 4 test case(s) completed on: 213
INFO 2026-08-24 08:47:17,053 judge_handler HaiNamPCT: 8 test case(s) completed on: 213
INFO 2026-08-24 08:47:17,063 judge_handler HaiNamPCT: Grading has ended on: 213
INFO 2026-08-24 08:47:17,063 judge_list Judge available after grading 213: HaiNamPCT
INFO 2026-08-24 08:48:08,956 judge_list Free judges: 1
INFO 2026-08-24 08:48:08,956 judge_list Dispatched submission 214 to: HaiNamPCT
INFO 2026-08-24 08:48:08,961 judge_handler Submission acknowledged: 214
INFO 2026-08-24 08:48:09,327 judge_handler HaiNamPCT: Submission generated compiler messages: 214
INFO 2026-08-24 08:48:09,333 judge_handler HaiNamPCT: Grading has begun on: 214
INFO 2026-08-24 08:48:09,363 judge_handler HaiNamPCT: 3 test case(s) completed on: 214
INFO 2026-08-24 08:48:09,613 judge_handler HaiNamPCT: 31 test case(s) completed on: 214
INFO 2026-08-24 08:48:09,864 judge_handler HaiNamPCT: 6 test case(s) completed on: 214
INFO 2026-08-24 08:48:10,115 judge_handler HaiNamPCT: 3 test case(s) completed on: 214
INFO 2026-08-24 08:48:10,200 judge_handler HaiNamPCT: 7 test case(s) completed on: 214
INFO 2026-08-24 08:48:10,209 judge_handler HaiNamPCT: Grading has ended on: 214
INFO 2026-08-24 08:48:10,209 judge_list Judge available after grading 214: HaiNamPCT
INFO 2026-08-24 08:53:17,401 judge_list Free judges: 1
INFO 2026-08-24 08:53:17,401 judge_list Dispatched submission 215 to: HaiNamPCT
INFO 2026-08-24 08:53:17,407 judge_handler Submission acknowledged: 215
INFO 2026-08-24 08:53:17,713 judge_handler HaiNamPCT: Submission generated compiler messages: 215
INFO 2026-08-24 08:53:17,719 judge_handler HaiNamPCT: Grading has begun on: 215
INFO 2026-08-24 08:53:17,797 judge_handler HaiNamPCT: 10 test case(s) completed on: 215
INFO 2026-08-24 08:53:18,048 judge_handler HaiNamPCT: 37 test case(s) completed on: 215
INFO 2026-08-24 08:53:18,299 judge_handler HaiNamPCT: 38 test case(s) completed on: 215
INFO 2026-08-24 08:53:18,402 judge_handler HaiNamPCT: 15 test case(s) completed on: 215
INFO 2026-08-24 08:53:18,414 judge_handler HaiNamPCT: Grading has ended on: 215
INFO 2026-08-24 08:53:18,415 judge_list Judge available after grading 215: HaiNamPCT
INFO 2026-08-24 08:57:46,957 judge_list Free judges: 1
INFO 2026-08-24 08:57:46,957 judge_list Dispatched submission 216 to: HaiNamPCT
INFO 2026-08-24 08:57:46,962 judge_handler Submission acknowledged: 216
INFO 2026-08-24 08:57:47,238 judge_handler HaiNamPCT: Submission generated compiler messages: 216
INFO 2026-08-24 08:57:47,249 judge_handler HaiNamPCT: Grading has begun on: 216
INFO 2026-08-24 08:57:47,381 judge_handler HaiNamPCT: 3 test case(s) completed on: 216
INFO 2026-08-24 08:57:47,390 judge_handler HaiNamPCT: Grading has ended on: 216
INFO 2026-08-24 08:57:47,391 judge_list Judge available after grading 216: HaiNamPCT
INFO 2026-08-24 09:12:11,693 judge_list Free judges: 1
INFO 2026-08-24 09:12:11,693 judge_list Dispatched submission 217 to: HaiNamPCT
INFO 2026-08-24 09:12:11,698 judge_handler Submission acknowledged: 217
INFO 2026-08-24 09:12:11,976 judge_handler HaiNamPCT: Submission generated compiler messages: 217
INFO 2026-08-24 09:12:11,986 judge_handler HaiNamPCT: Grading has begun on: 217
INFO 2026-08-24 09:12:12,148 judge_handler HaiNamPCT: 20 test case(s) completed on: 217
INFO 2026-08-24 09:12:12,158 judge_handler HaiNamPCT: Grading has ended on: 217
INFO 2026-08-24 09:12:12,158 judge_list Judge available after grading 217: HaiNamPCT
INFO 2026-08-24 09:13:39,807 judge_list Free judges: 1
INFO 2026-08-24 09:13:39,807 judge_list Dispatched submission 218 to: HaiNamPCT
INFO 2026-08-24 09:13:39,813 judge_handler Submission acknowledged: 218
INFO 2026-08-24 09:13:40,100 judge_handler HaiNamPCT: Submission generated compiler messages: 218
INFO 2026-08-24 09:13:40,107 judge_handler HaiNamPCT: Grading has begun on: 218
INFO 2026-08-24 09:13:40,251 judge_handler HaiNamPCT: 20 test case(s) completed on: 218
INFO 2026-08-24 09:13:40,263 judge_handler HaiNamPCT: Grading has ended on: 218
INFO 2026-08-24 09:13:40,263 judge_list Judge available after grading 218: HaiNamPCT
INFO 2026-08-24 09:20:36,607 judge_list Free judges: 1
INFO 2026-08-24 09:20:36,607 judge_list Dispatched submission 219 to: HaiNamPCT
INFO 2026-08-24 09:20:36,612 judge_handler Submission acknowledged: 219
INFO 2026-08-24 09:20:36,905 judge_handler HaiNamPCT: Submission generated compiler messages: 219
INFO 2026-08-24 09:20:36,912 judge_handler HaiNamPCT: Grading has begun on: 219
INFO 2026-08-24 09:20:37,035 judge_handler HaiNamPCT: 16 test case(s) completed on: 219
INFO 2026-08-24 09:20:37,268 judge_handler HaiNamPCT: 34 test case(s) completed on: 219
INFO 2026-08-24 09:20:37,281 judge_handler HaiNamPCT: Grading has ended on: 219
INFO 2026-08-24 09:20:37,281 judge_list Judge available after grading 219: HaiNamPCT
INFO 2026-08-24 09:27:29,929 judge_list Free judges: 1
INFO 2026-08-24 09:27:29,929 judge_list Dispatched submission 220 to: HaiNamPCT
INFO 2026-08-24 09:27:29,934 judge_handler Submission acknowledged: 220
INFO 2026-08-24 09:27:30,206 judge_handler HaiNamPCT: Submission generated compiler messages: 220
INFO 2026-08-24 09:27:30,211 judge_handler HaiNamPCT: Grading has begun on: 220
INFO 2026-08-24 09:27:30,290 judge_handler HaiNamPCT: 9 test case(s) completed on: 220
INFO 2026-08-24 09:27:30,364 judge_handler HaiNamPCT: 11 test case(s) completed on: 220
INFO 2026-08-24 09:27:30,378 judge_handler HaiNamPCT: Grading has ended on: 220
INFO 2026-08-24 09:27:30,378 judge_list Judge available after grading 220: HaiNamPCT
INFO 2026-08-24 12:14:26,824 judge_handler HaiNamPCT: Updated problem list
INFO 2026-08-24 12:14:29,825 judge_handler HaiNamPCT: Updated problem list
INFO 2026-08-24 12:20:21,556 judge_handler HaiNamPCT: Updated problem list
INFO 2026-08-24 12:23:17,519 judge_handler HaiNamPCT: Updated problem list
INFO 2026-08-24 12:23:20,520 judge_handler HaiNamPCT: Updated problem list
INFO 2026-08-24 12:25:15,121 judge_handler HaiNamPCT: Updated problem list
INFO 2026-08-24 12:25:25,417 judge_handler HaiNamPCT: Updated problem list
INFO 2026-08-24 12:25:28,418 judge_handler HaiNamPCT: Updated problem list
INFO 2026-08-24 12:42:04,338 judge_list Free judges: 1
INFO 2026-08-24 12:42:04,338 judge_list Dispatched submission 221 to: HaiNamPCT
INFO 2026-08-24 12:42:04,343 judge_handler Submission acknowledged: 221
INFO 2026-08-24 12:42:04,623 judge_handler HaiNamPCT: Submission generated compiler messages: 221
INFO 2026-08-24 12:42:04,634 judge_handler HaiNamPCT: Grading has begun on: 221
INFO 2026-08-24 12:42:04,798 judge_handler HaiNamPCT: 20 test case(s) completed on: 221
INFO 2026-08-24 12:42:04,809 judge_handler HaiNamPCT: Grading has ended on: 221
INFO 2026-08-24 12:42:04,809 judge_list Judge available after grading 221: HaiNamPCT
INFO 2026-08-24 12:44:28,048 judge_list Free judges: 1
INFO 2026-08-24 12:44:28,049 judge_list Dispatched submission 222 to: HaiNamPCT
INFO 2026-08-24 12:44:28,054 judge_handler Submission acknowledged: 222
INFO 2026-08-24 12:44:28,344 judge_handler HaiNamPCT: Submission generated compiler messages: 222
INFO 2026-08-24 12:44:28,350 judge_handler HaiNamPCT: Grading has begun on: 222
INFO 2026-08-24 12:44:28,407 judge_handler HaiNamPCT: 8 test case(s) completed on: 222
INFO 2026-08-24 12:44:28,658 judge_handler HaiNamPCT: 38 test case(s) completed on: 222
INFO 2026-08-24 12:44:28,910 judge_handler HaiNamPCT: 38 test case(s) completed on: 222
INFO 2026-08-24 12:44:29,013 judge_handler HaiNamPCT: 16 test case(s) completed on: 222
INFO 2026-08-24 12:44:29,026 judge_handler HaiNamPCT: Grading has ended on: 222
INFO 2026-08-24 12:44:29,026 judge_list Judge available after grading 222: HaiNamPCT
INFO 2026-08-24 12:46:43,989 judge_list Free judges: 1
INFO 2026-08-24 12:46:43,989 judge_list Dispatched submission 223 to: HaiNamPCT
INFO 2026-08-24 12:46:43,994 judge_handler Submission acknowledged: 223
INFO 2026-08-24 12:46:44,265 judge_handler HaiNamPCT: Submission generated compiler messages: 223
INFO 2026-08-24 12:46:44,271 judge_handler HaiNamPCT: Grading has begun on: 223
INFO 2026-08-24 12:46:44,404 judge_handler HaiNamPCT: 20 test case(s) completed on: 223
INFO 2026-08-24 12:46:44,416 judge_handler HaiNamPCT: Grading has ended on: 223
INFO 2026-08-24 12:46:44,417 judge_list Judge available after grading 223: HaiNamPCT
INFO 2026-08-24 12:49:19,772 judge_list Free judges: 1
INFO 2026-08-24 12:49:19,772 judge_list Dispatched submission 224 to: HaiNamPCT
INFO 2026-08-24 12:49:19,778 judge_handler Submission acknowledged: 224
INFO 2026-08-24 12:49:20,119 judge_handler HaiNamPCT: Submission generated compiler messages: 224
INFO 2026-08-24 12:49:20,125 judge_handler HaiNamPCT: Grading has begun on: 224
INFO 2026-08-24 12:49:20,238 judge_handler HaiNamPCT: 16 test case(s) completed on: 224
INFO 2026-08-24 12:49:20,251 judge_handler HaiNamPCT: Grading has ended on: 224
INFO 2026-08-24 12:49:20,251 judge_list Judge available after grading 224: HaiNamPCT
INFO 2026-08-25 03:51:50,316 judge_handler HaiNamPCT: Updated problem list
INFO 2026-08-25 03:51:53,317 judge_handler HaiNamPCT: Updated problem list
INFO 2026-08-25 03:52:00,212 judge_handler HaiNamPCT: Updated problem list
INFO 2026-08-25 03:52:16,540 judge_list Free judges: 1
INFO 2026-08-25 03:52:16,540 judge_list Dispatched submission 225 to: HaiNamPCT
INFO 2026-08-25 03:52:16,546 judge_handler Submission acknowledged: 225
INFO 2026-08-25 03:52:17,243 judge_handler HaiNamPCT: Submission generated compiler messages: 225
INFO 2026-08-25 03:52:17,250 judge_handler HaiNamPCT: Grading has begun on: 225
INFO 2026-08-25 03:52:17,396 judge_handler HaiNamPCT: 20 test case(s) completed on: 225
INFO 2026-08-25 03:52:17,409 judge_handler HaiNamPCT: Grading has ended on: 225
INFO 2026-08-25 03:52:17,409 judge_list Judge available after grading 225: HaiNamPCT
INFO 2026-08-25 07:57:33,067 judge_list Free judges: 1
INFO 2026-08-25 07:57:33,067 judge_list Dispatched submission 226 to: HaiNamPCT
INFO 2026-08-25 07:57:33,073 judge_handler Submission acknowledged: 226
INFO 2026-08-25 07:57:33,520 judge_handler HaiNamPCT: Submission generated compiler messages: 226
INFO 2026-08-25 07:57:33,525 judge_handler HaiNamPCT: Grading has begun on: 226
INFO 2026-08-25 07:57:33,578 judge_handler HaiNamPCT: 6 test case(s) completed on: 226
INFO 2026-08-25 07:57:33,696 judge_handler HaiNamPCT: 14 test case(s) completed on: 226
INFO 2026-08-25 07:57:33,709 judge_handler HaiNamPCT: Grading has ended on: 226
INFO 2026-08-25 07:57:33,709 judge_list Judge available after grading 226: HaiNamPCT
INFO 2026-08-25 11:09:29,282 judge_list Free judges: 1
INFO 2026-08-25 11:09:29,282 judge_list Dispatched submission 227 to: HaiNamPCT
INFO 2026-08-25 11:09:29,287 judge_handler Submission acknowledged: 227
INFO 2026-08-25 11:09:29,643 judge_handler HaiNamPCT: Submission generated compiler messages: 227
INFO 2026-08-25 11:09:29,649 judge_handler HaiNamPCT: Grading has begun on: 227
INFO 2026-08-25 11:09:29,670 judge_handler HaiNamPCT: 2 test case(s) completed on: 227
INFO 2026-08-25 11:09:29,922 judge_handler HaiNamPCT: 28 test case(s) completed on: 227
INFO 2026-08-25 11:09:30,172 judge_handler HaiNamPCT: 10 test case(s) completed on: 227
INFO 2026-08-25 11:09:30,377 judge_handler HaiNamPCT: 10 test case(s) completed on: 227
INFO 2026-08-25 11:09:30,387 judge_handler HaiNamPCT: Grading has ended on: 227
INFO 2026-08-25 11:09:30,387 judge_list Judge available after grading 227: HaiNamPCT
INFO 2026-08-25 11:11:20,405 judge_list Free judges: 1
INFO 2026-08-25 11:11:20,405 judge_list Dispatched submission 228 to: HaiNamPCT
INFO 2026-08-25 11:11:20,411 judge_handler Submission acknowledged: 228
INFO 2026-08-25 11:11:20,710 judge_handler HaiNamPCT: Submission generated compiler messages: 228
INFO 2026-08-25 11:11:20,717 judge_handler HaiNamPCT: Grading has begun on: 228
INFO 2026-08-25 11:11:20,736 judge_handler HaiNamPCT: 2 test case(s) completed on: 228
INFO 2026-08-25 11:11:20,987 judge_handler HaiNamPCT: 35 test case(s) completed on: 228
INFO 2026-08-25 11:11:21,119 judge_handler HaiNamPCT: 13 test case(s) completed on: 228
INFO 2026-08-25 11:11:21,130 judge_handler HaiNamPCT: Grading has ended on: 228
INFO 2026-08-25 11:11:21,131 judge_list Judge available after grading 228: HaiNamPCT
INFO 2026-08-25 11:12:59,430 judge_list Free judges: 1
INFO 2026-08-25 11:12:59,431 judge_list Dispatched submission 229 to: HaiNamPCT
INFO 2026-08-25 11:12:59,436 judge_handler Submission acknowledged: 229
INFO 2026-08-25 11:12:59,740 judge_handler HaiNamPCT: Submission generated compiler messages: 229
INFO 2026-08-25 11:12:59,746 judge_handler HaiNamPCT: Grading has begun on: 229
INFO 2026-08-25 11:12:59,798 judge_handler HaiNamPCT: 7 test case(s) completed on: 229
INFO 2026-08-25 11:13:00,048 judge_handler HaiNamPCT: 30 test case(s) completed on: 229
INFO 2026-08-25 11:13:00,299 judge_handler HaiNamPCT: 3 test case(s) completed on: 229
INFO 2026-08-25 11:13:00,549 judge_handler HaiNamPCT: 5 test case(s) completed on: 229
INFO 2026-08-25 11:13:00,600 judge_handler HaiNamPCT: 5 test case(s) completed on: 229
INFO 2026-08-25 11:13:00,611 judge_handler HaiNamPCT: Grading has ended on: 229
INFO 2026-08-25 11:13:00,611 judge_list Judge available after grading 229: HaiNamPCT
INFO 2026-08-25 13:09:43,716 judge_list Free judges: 1
INFO 2026-08-25 13:09:43,716 judge_list Dispatched submission 230 to: HaiNamPCT
INFO 2026-08-25 13:09:43,721 judge_handler Submission acknowledged: 230
INFO 2026-08-25 13:09:44,059 judge_handler HaiNamPCT: Submission generated compiler messages: 230
INFO 2026-08-25 13:09:44,067 judge_handler HaiNamPCT: Grading has begun on: 230
INFO 2026-08-25 13:09:44,239 judge_handler HaiNamPCT: 23 test case(s) completed on: 230
INFO 2026-08-25 13:09:44,489 judge_handler HaiNamPCT: 16 test case(s) completed on: 230
INFO 2026-08-25 13:09:44,726 judge_handler HaiNamPCT: 11 test case(s) completed on: 230
INFO 2026-08-25 13:09:44,739 judge_handler HaiNamPCT: Grading has ended on: 230
INFO 2026-08-25 13:09:44,739 judge_list Judge available after grading 230: HaiNamPCT
INFO 2026-08-25 13:16:15,319 judge_list Free judges: 1
INFO 2026-08-25 13:16:15,319 judge_list Dispatched submission 231 to: HaiNamPCT
INFO 2026-08-25 13:16:15,324 judge_handler Submission acknowledged: 231
INFO 2026-08-25 13:16:15,690 judge_handler HaiNamPCT: Submission generated compiler messages: 231
INFO 2026-08-25 13:16:15,697 judge_handler HaiNamPCT: Grading has begun on: 231
INFO 2026-08-25 13:16:15,724 judge_handler HaiNamPCT: 3 test case(s) completed on: 231
INFO 2026-08-25 13:16:15,976 judge_handler HaiNamPCT: 33 test case(s) completed on: 231
INFO 2026-08-25 13:16:16,125 judge_handler HaiNamPCT: 14 test case(s) completed on: 231
INFO 2026-08-25 13:16:16,136 judge_handler HaiNamPCT: Grading has ended on: 231
INFO 2026-08-25 13:16:16,136 judge_list Judge available after grading 231: HaiNamPCT
INFO 2026-08-25 13:17:11,600 judge_list Free judges: 1
INFO 2026-08-25 13:17:11,600 judge_list Dispatched submission 232 to: HaiNamPCT
INFO 2026-08-25 13:17:11,605 judge_handler Submission acknowledged: 232
INFO 2026-08-25 13:17:11,957 judge_handler HaiNamPCT: Submission generated compiler messages: 232
INFO 2026-08-25 13:17:11,965 judge_handler HaiNamPCT: Grading has begun on: 232
INFO 2026-08-25 13:17:12,009 judge_handler HaiNamPCT: 5 test case(s) completed on: 232
INFO 2026-08-25 13:17:12,260 judge_handler HaiNamPCT: 33 test case(s) completed on: 232
INFO 2026-08-25 13:17:12,395 judge_handler HaiNamPCT: 12 test case(s) completed on: 232
INFO 2026-08-25 13:17:12,407 judge_handler HaiNamPCT: Grading has ended on: 232
INFO 2026-08-25 13:17:12,407 judge_list Judge available after grading 232: HaiNamPCT
INFO 2026-08-25 13:22:22,456 judge_list Free judges: 1
INFO 2026-08-25 13:22:22,456 judge_list Dispatched submission 233 to: HaiNamPCT
INFO 2026-08-25 13:22:22,462 judge_handler Submission acknowledged: 233
INFO 2026-08-25 13:22:22,818 judge_handler HaiNamPCT: Submission generated compiler messages: 233
INFO 2026-08-25 13:22:22,825 judge_handler HaiNamPCT: Grading has begun on: 233
INFO 2026-08-25 13:22:22,939 judge_handler HaiNamPCT: 15 test case(s) completed on: 233
INFO 2026-08-25 13:22:23,189 judge_handler HaiNamPCT: 21 test case(s) completed on: 233
INFO 2026-08-25 13:22:23,439 judge_handler HaiNamPCT: 8 test case(s) completed on: 233
INFO 2026-08-25 13:22:23,513 judge_handler HaiNamPCT: 6 test case(s) completed on: 233
INFO 2026-08-25 13:22:23,523 judge_handler HaiNamPCT: Grading has ended on: 233
INFO 2026-08-25 13:22:23,524 judge_list Judge available after grading 233: HaiNamPCT
INFO 2026-08-26 06:02:17,656 judge_handler HaiNamPCT: Updated problem list
INFO 2026-08-26 06:02:20,657 judge_handler HaiNamPCT: Updated problem list
INFO 2026-08-26 06:03:04,938 judge_handler HaiNamPCT: Updated problem list
INFO 2026-08-26 06:03:07,939 judge_handler HaiNamPCT: Updated problem list
INFO 2026-08-26 06:03:26,704 judge_handler HaiNamPCT: Updated problem list
INFO 2026-08-26 06:03:29,705 judge_handler HaiNamPCT: Updated problem list
INFO 2026-08-26 06:05:13,874 judge_handler HaiNamPCT: Updated problem list
INFO 2026-08-26 06:05:23,631 judge_handler HaiNamPCT: Updated problem list
INFO 2026-08-26 06:05:26,632 judge_handler HaiNamPCT: Updated problem list
INFO 2026-08-26 06:08:10,451 judge_handler HaiNamPCT: Updated problem list
INFO 2026-08-26 06:08:31,307 judge_handler HaiNamPCT: Updated problem list
INFO 2026-08-26 06:08:34,308 judge_handler HaiNamPCT: Updated problem list
INFO 2026-08-26 06:09:26,566 judge_handler HaiNamPCT: Updated problem list
INFO 2026-08-26 06:09:29,567 judge_handler HaiNamPCT: Updated problem list
INFO 2026-08-26 06:09:49,789 judge_list Free judges: 1
INFO 2026-08-26 06:09:49,789 judge_list Dispatched submission 234 to: HaiNamPCT
INFO 2026-08-26 06:09:49,795 judge_handler Submission acknowledged: 234
INFO 2026-08-26 06:09:50,284 judge_handler HaiNamPCT: Submission generated compiler messages: 234
INFO 2026-08-26 06:09:50,290 judge_handler HaiNamPCT: Grading has begun on: 234
INFO 2026-08-26 06:09:50,371 judge_handler HaiNamPCT: 10 test case(s) completed on: 234
INFO 2026-08-26 06:09:50,621 judge_handler HaiNamPCT: 21 test case(s) completed on: 234
INFO 2026-08-26 06:09:50,871 judge_handler HaiNamPCT: 9 test case(s) completed on: 234
INFO 2026-08-26 06:09:51,110 judge_handler HaiNamPCT: 10 test case(s) completed on: 234
INFO 2026-08-26 06:09:51,122 judge_handler HaiNamPCT: Grading has ended on: 234
INFO 2026-08-26 06:09:51,122 judge_list Judge available after grading 234: HaiNamPCT
INFO 2026-08-26 14:42:46,710 daemon Exiting due to SIGINT
INFO 2026-08-26 14:43:07,622 judge_handler Judge connected from: ('127.0.0.1', 34092)
INFO 2026-08-26 14:43:07,626 judge_handler Judge authenticated: ('127.0.0.1', 34092) (HaiNamPCT)
INFO 2026-08-26 14:51:40,567 daemon Exiting due to SIGINT
INFO 2026-08-26 14:51:59,624 judge_handler Judge connected from: ('127.0.0.1', 45160)
INFO 2026-08-26 14:51:59,627 judge_handler Judge authenticated: ('127.0.0.1', 45160) (HaiNamPCT)
INFO 2026-08-26 15:37:05,971 daemon Exiting due to SIGINT
INFO 2026-08-26 15:37:30,431 judge_handler Judge connected from: ('127.0.0.1', 35544)
INFO 2026-08-26 15:37:30,435 judge_handler Judge authenticated: ('127.0.0.1', 35544) (HaiNamPCT)
INFO 2026-08-26 15:45:32,043 judge_list Free judges: 1
INFO 2026-08-26 15:45:32,043 judge_list Dispatched submission 235 to: HaiNamPCT
INFO 2026-08-26 15:45:32,048 judge_handler Submission acknowledged: 235
INFO 2026-08-26 15:45:32,385 judge_handler HaiNamPCT: Submission generated compiler messages: 235
INFO 2026-08-26 15:45:32,395 judge_handler HaiNamPCT: Grading has begun on: 235
INFO 2026-08-26 15:45:32,546 judge_handler HaiNamPCT: 20 test case(s) completed on: 235
INFO 2026-08-26 15:45:32,796 judge_handler HaiNamPCT: 34 test case(s) completed on: 235
INFO 2026-08-26 15:45:33,047 judge_handler HaiNamPCT: 35 test case(s) completed on: 235
INFO 2026-08-26 15:45:33,129 judge_handler HaiNamPCT: 11 test case(s) completed on: 235
INFO 2026-08-26 15:45:33,141 judge_handler HaiNamPCT: Grading has ended on: 235
INFO 2026-08-26 15:45:33,141 judge_list Judge available after grading 235: HaiNamPCT
INFO 2026-08-27 06:34:50,997 daemon Exiting due to SIGINT
INFO 2026-08-27 06:35:20,027 judge_handler Judge connected from: ('127.0.0.1', 33850)
INFO 2026-08-27 06:35:20,031 judge_handler Judge authenticated: ('127.0.0.1', 33850) (HaiNamPCT)
INFO 2026-08-27 08:55:04,969 judge_list Free judges: 1
INFO 2026-08-27 08:55:04,969 judge_list Dispatched submission 236 to: HaiNamPCT
INFO 2026-08-27 08:55:04,975 judge_handler Submission acknowledged: 236
INFO 2026-08-27 08:55:05,315 judge_handler HaiNamPCT: Submission generated compiler messages: 236
INFO 2026-08-27 08:55:05,321 judge_handler HaiNamPCT: Grading has begun on: 236
INFO 2026-08-27 08:55:05,550 judge_handler HaiNamPCT: 27 test case(s) completed on: 236
INFO 2026-08-27 08:55:05,800 judge_handler HaiNamPCT: 10 test case(s) completed on: 236
INFO 2026-08-27 08:55:06,051 judge_handler HaiNamPCT: 6 test case(s) completed on: 236
INFO 2026-08-27 08:55:06,165 judge_handler HaiNamPCT: 7 test case(s) completed on: 236
INFO 2026-08-27 08:55:06,177 judge_handler HaiNamPCT: Grading has ended on: 236
INFO 2026-08-27 08:55:06,177 judge_list Judge available after grading 236: HaiNamPCT
INFO 2026-08-27 08:55:43,220 judge_list Free judges: 1
INFO 2026-08-27 08:55:43,221 judge_list Dispatched submission 237 to: HaiNamPCT
INFO 2026-08-27 08:55:43,226 judge_handler Submission acknowledged: 237
INFO 2026-08-27 08:55:43,532 judge_handler HaiNamPCT: Submission generated compiler messages: 237
INFO 2026-08-27 08:55:43,540 judge_handler HaiNamPCT: Grading has begun on: 237
INFO 2026-08-27 08:55:43,573 judge_handler HaiNamPCT: 3 test case(s) completed on: 237
INFO 2026-08-27 08:55:43,825 judge_handler HaiNamPCT: 26 test case(s) completed on: 237
INFO 2026-08-27 08:55:44,076 judge_handler HaiNamPCT: 11 test case(s) completed on: 237
INFO 2026-08-27 08:55:44,327 judge_handler HaiNamPCT: 5 test case(s) completed on: 237
INFO 2026-08-27 08:55:44,370 judge_handler HaiNamPCT: 5 test case(s) completed on: 237
INFO 2026-08-27 08:55:44,381 judge_handler HaiNamPCT: Grading has ended on: 237
INFO 2026-08-27 08:55:44,381 judge_list Judge available after grading 237: HaiNamPCT
INFO 2026-08-27 08:56:38,284 judge_list Free judges: 1
INFO 2026-08-27 08:56:38,284 judge_list Dispatched submission 238 to: HaiNamPCT
INFO 2026-08-27 08:56:38,289 judge_handler Submission acknowledged: 238
INFO 2026-08-27 08:56:38,591 judge_handler HaiNamPCT: Submission generated compiler messages: 238
INFO 2026-08-27 08:56:38,601 judge_handler HaiNamPCT: Grading has begun on: 238
INFO 2026-08-27 08:56:38,613 judge_handler HaiNamPCT: 1 test case(s) completed on: 238
INFO 2026-08-27 08:56:38,863 judge_handler HaiNamPCT: 28 test case(s) completed on: 238
INFO 2026-08-27 08:56:39,113 judge_handler HaiNamPCT: 10 test case(s) completed on: 238
INFO 2026-08-27 08:56:39,364 judge_handler HaiNamPCT: 6 test case(s) completed on: 238
INFO 2026-08-27 08:56:39,413 judge_handler HaiNamPCT: 5 test case(s) completed on: 238
INFO 2026-08-27 08:56:39,423 judge_handler HaiNamPCT: Grading has ended on: 238
INFO 2026-08-27 08:56:39,424 judge_list Judge available after grading 238: HaiNamPCT
INFO 2026-08-28 14:33:52,146 judge_list Free judges: 1
INFO 2026-08-28 14:33:52,146 judge_list Dispatched submission 239 to: HaiNamPCT
INFO 2026-08-28 14:33:52,152 judge_handler Submission acknowledged: 239
INFO 2026-08-28 14:33:52,427 judge_handler HaiNamPCT: Submission generated compiler messages: 239
INFO 2026-08-28 14:33:52,435 judge_handler HaiNamPCT: Grading has begun on: 239
INFO 2026-08-28 14:33:52,584 judge_handler HaiNamPCT: 8 test case(s) completed on: 239
INFO 2026-08-28 14:33:52,836 judge_handler HaiNamPCT: 4 test case(s) completed on: 239
INFO 2026-08-28 14:33:52,952 judge_handler HaiNamPCT: 8 test case(s) completed on: 239
INFO 2026-08-28 14:33:52,962 judge_handler HaiNamPCT: Grading has ended on: 239
INFO 2026-08-28 14:33:52,962 judge_list Judge available after grading 239: HaiNamPCT
INFO 2026-08-28 14:42:02,924 judge_list Free judges: 1
INFO 2026-08-28 14:42:02,924 judge_list Dispatched submission 240 to: HaiNamPCT
INFO 2026-08-28 14:42:02,929 judge_handler Submission acknowledged: 240
INFO 2026-08-28 14:42:03,235 judge_handler HaiNamPCT: Submission generated compiler messages: 240
INFO 2026-08-28 14:42:03,241 judge_handler HaiNamPCT: Grading has begun on: 240
INFO 2026-08-28 14:42:03,373 judge_handler HaiNamPCT: 17 test case(s) completed on: 240
INFO 2026-08-28 14:42:03,624 judge_handler HaiNamPCT: 35 test case(s) completed on: 240
INFO 2026-08-28 14:42:03,875 judge_handler HaiNamPCT: 34 test case(s) completed on: 240
INFO 2026-08-28 14:42:03,978 judge_handler HaiNamPCT: 14 test case(s) completed on: 240
INFO 2026-08-28 14:42:03,990 judge_handler HaiNamPCT: Grading has ended on: 240
INFO 2026-08-28 14:42:03,991 judge_list Judge available after grading 240: HaiNamPCT
INFO 2026-08-28 14:42:59,019 judge_list Free judges: 1
INFO 2026-08-28 14:42:59,019 judge_list Dispatched submission 241 to: HaiNamPCT
INFO 2026-08-28 14:42:59,024 judge_handler Submission acknowledged: 241
INFO 2026-08-28 14:42:59,311 judge_handler HaiNamPCT: Submission generated compiler messages: 241
INFO 2026-08-28 14:42:59,319 judge_handler HaiNamPCT: Grading has begun on: 241
INFO 2026-08-28 14:42:59,406 judge_handler HaiNamPCT: 12 test case(s) completed on: 241
INFO 2026-08-28 14:42:59,460 judge_handler HaiNamPCT: 8 test case(s) completed on: 241
INFO 2026-08-28 14:42:59,471 judge_handler HaiNamPCT: Grading has ended on: 241
INFO 2026-08-28 14:42:59,471 judge_list Judge available after grading 241: HaiNamPCT
INFO 2026-08-28 15:06:22,978 judge_list Free judges: 1
INFO 2026-08-28 15:06:22,979 judge_list Dispatched submission 242 to: HaiNamPCT
INFO 2026-08-28 15:06:22,984 judge_handler Submission acknowledged: 242
INFO 2026-08-28 15:06:23,281 judge_handler HaiNamPCT: Submission generated compiler messages: 242
INFO 2026-08-28 15:06:23,286 judge_handler HaiNamPCT: Grading has begun on: 242
INFO 2026-08-28 15:06:23,471 judge_handler HaiNamPCT: 21 test case(s) completed on: 242
INFO 2026-08-28 15:06:23,721 judge_handler HaiNamPCT: 14 test case(s) completed on: 242
INFO 2026-08-28 15:06:23,972 judge_handler HaiNamPCT: 7 test case(s) completed on: 242
INFO 2026-08-28 15:06:24,143 judge_handler HaiNamPCT: 8 test case(s) completed on: 242
INFO 2026-08-28 15:06:24,154 judge_handler HaiNamPCT: Grading has ended on: 242
INFO 2026-08-28 15:06:24,154 judge_list Judge available after grading 242: HaiNamPCT
INFO 2026-08-28 15:08:04,352 judge_list Free judges: 1
INFO 2026-08-28 15:08:04,352 judge_list Dispatched submission 243 to: HaiNamPCT
INFO 2026-08-28 15:08:04,357 judge_handler Submission acknowledged: 243
INFO 2026-08-28 15:08:04,827 judge_handler HaiNamPCT: Submission generated compiler messages: 243
INFO 2026-08-28 15:08:04,834 judge_handler HaiNamPCT: Grading has begun on: 243
INFO 2026-08-28 15:08:04,965 judge_handler HaiNamPCT: 3 test case(s) completed on: 243
INFO 2026-08-28 15:08:04,975 judge_handler HaiNamPCT: Grading has ended on: 243
INFO 2026-08-28 15:08:04,975 judge_list Judge available after grading 243: HaiNamPCT
INFO 2026-08-30 03:23:23,206 judge_list Free judges: 1
INFO 2026-08-30 03:23:23,206 judge_list Dispatched submission 244 to: HaiNamPCT
INFO 2026-08-30 03:23:23,211 judge_handler Submission acknowledged: 244
INFO 2026-08-30 03:23:23,501 judge_handler HaiNamPCT: Submission generated compiler messages: 244
INFO 2026-08-30 03:23:23,510 judge_handler HaiNamPCT: Grading has begun on: 244
INFO 2026-08-30 03:23:23,608 judge_handler HaiNamPCT: 2 test case(s) completed on: 244
INFO 2026-08-30 03:23:23,858 judge_handler HaiNamPCT: 1 test case(s) completed on: 244
INFO 2026-08-30 03:23:24,109 judge_handler HaiNamPCT: 1 test case(s) completed on: 244
INFO 2026-08-30 03:23:27,110 judge_handler HaiNamPCT: 1 test case(s) completed on: 244
INFO 2026-08-30 03:23:30,111 judge_handler HaiNamPCT: 1 test case(s) completed on: 244
INFO 2026-08-30 03:23:33,112 judge_handler HaiNamPCT: 1 test case(s) completed on: 244
INFO 2026-08-30 03:23:36,113 judge_handler HaiNamPCT: 1 test case(s) completed on: 244
INFO 2026-08-30 03:23:39,115 judge_handler HaiNamPCT: 1 test case(s) completed on: 244
INFO 2026-08-30 03:23:42,116 judge_handler HaiNamPCT: 1 test case(s) completed on: 244
INFO 2026-08-30 03:23:45,117 judge_handler HaiNamPCT: 2 test case(s) completed on: 244
INFO 2026-08-30 03:23:47,980 judge_handler HaiNamPCT: 8 test case(s) completed on: 244
INFO 2026-08-30 03:23:47,992 judge_handler HaiNamPCT: Grading has ended on: 244
INFO 2026-08-30 03:23:47,992 judge_list Judge available after grading 244: HaiNamPCT
INFO 2026-08-30 08:11:47,948 judge_list Free judges: 1
INFO 2026-08-30 08:11:47,948 judge_list Dispatched submission 245 to: HaiNamPCT
INFO 2026-08-30 08:11:47,954 judge_handler Submission acknowledged: 245
INFO 2026-08-30 08:11:48,245 judge_handler HaiNamPCT: Submission generated compiler messages: 245
INFO 2026-08-30 08:11:48,251 judge_handler HaiNamPCT: Grading has begun on: 245
INFO 2026-08-30 08:11:48,447 judge_handler HaiNamPCT: 4 test case(s) completed on: 245
INFO 2026-08-30 08:11:48,698 judge_handler HaiNamPCT: 4 test case(s) completed on: 245
INFO 2026-08-30 08:11:48,950 judge_handler HaiNamPCT: 6 test case(s) completed on: 245
INFO 2026-08-30 08:11:49,201 judge_handler HaiNamPCT: 5 test case(s) completed on: 245
INFO 2026-08-30 08:11:49,238 judge_handler HaiNamPCT: 1 test case(s) completed on: 245
INFO 2026-08-30 08:11:49,248 judge_handler HaiNamPCT: Grading has ended on: 245
INFO 2026-08-30 08:11:49,248 judge_list Judge available after grading 245: HaiNamPCT
INFO 2026-08-30 08:36:38,980 judge_list Free judges: 1
INFO 2026-08-30 08:36:38,980 judge_list Dispatched submission 246 to: HaiNamPCT
INFO 2026-08-30 08:36:38,985 judge_handler Submission acknowledged: 246
INFO 2026-08-30 08:36:39,258 judge_handler HaiNamPCT: Submission generated compiler messages: 246
INFO 2026-08-30 08:36:39,264 judge_handler HaiNamPCT: Grading has begun on: 246
INFO 2026-08-30 08:36:39,325 judge_handler HaiNamPCT: 8 test case(s) completed on: 246
INFO 2026-08-30 08:36:39,407 judge_handler HaiNamPCT: 12 test case(s) completed on: 246
INFO 2026-08-30 08:36:39,418 judge_handler HaiNamPCT: Grading has ended on: 246
INFO 2026-08-30 08:36:39,418 judge_list Judge available after grading 246: HaiNamPCT
INFO 2026-08-30 08:40:19,205 judge_list Free judges: 1
INFO 2026-08-30 08:40:19,205 judge_list Dispatched submission 247 to: HaiNamPCT
INFO 2026-08-30 08:40:19,210 judge_handler Submission acknowledged: 247
INFO 2026-08-30 08:40:19,539 judge_handler HaiNamPCT: Submission failed to compile: 247
INFO 2026-08-30 08:40:19,540 judge_list Judge available after grading 247: HaiNamPCT
INFO 2026-08-30 08:42:17,636 judge_list Free judges: 1
INFO 2026-08-30 08:42:17,636 judge_list Dispatched submission 248 to: HaiNamPCT
INFO 2026-08-30 08:42:17,641 judge_handler Submission acknowledged: 248
INFO 2026-08-30 08:42:17,976 judge_handler HaiNamPCT: Submission generated compiler messages: 248
INFO 2026-08-30 08:42:17,984 judge_handler HaiNamPCT: Grading has begun on: 248
INFO 2026-08-30 08:42:18,022 judge_handler HaiNamPCT: 5 test case(s) completed on: 248
INFO 2026-08-30 08:42:18,272 judge_handler HaiNamPCT: 4 test case(s) completed on: 248
INFO 2026-08-30 08:42:18,523 judge_handler HaiNamPCT: 3 test case(s) completed on: 248
INFO 2026-08-30 08:42:18,680 judge_handler HaiNamPCT: 8 test case(s) completed on: 248
INFO 2026-08-30 08:42:18,690 judge_handler HaiNamPCT: Grading has ended on: 248
INFO 2026-08-30 08:42:18,690 judge_list Judge available after grading 248: HaiNamPCT
INFO 2026-08-30 08:55:09,869 judge_list Free judges: 1
INFO 2026-08-30 08:55:09,869 judge_list Dispatched submission 249 to: HaiNamPCT
INFO 2026-08-30 08:55:09,875 judge_handler Submission acknowledged: 249
INFO 2026-08-30 08:55:10,166 judge_handler HaiNamPCT: Submission generated compiler messages: 249
INFO 2026-08-30 08:55:10,175 judge_handler HaiNamPCT: Grading has begun on: 249
INFO 2026-08-30 08:55:10,235 judge_handler HaiNamPCT: 4 test case(s) completed on: 249
INFO 2026-08-30 08:55:10,485 judge_handler HaiNamPCT: 8 test case(s) completed on: 249
INFO 2026-08-30 08:55:10,736 judge_handler HaiNamPCT: 19 test case(s) completed on: 249
INFO 2026-08-30 08:55:10,986 judge_handler HaiNamPCT: 12 test case(s) completed on: 249
INFO 2026-08-30 08:55:11,090 judge_handler HaiNamPCT: 7 test case(s) completed on: 249
INFO 2026-08-30 08:55:11,101 judge_handler HaiNamPCT: Grading has ended on: 249
INFO 2026-08-30 08:55:11,101 judge_list Judge available after grading 249: HaiNamPCT
INFO 2026-08-30 09:25:42,871 judge_list Free judges: 1
INFO 2026-08-30 09:25:42,871 judge_list Dispatched submission 250 to: HaiNamPCT
INFO 2026-08-30 09:25:42,877 judge_handler Submission acknowledged: 250
INFO 2026-08-30 09:25:43,168 judge_handler HaiNamPCT: Submission generated compiler messages: 250
INFO 2026-08-30 09:25:43,173 judge_handler HaiNamPCT: Grading has begun on: 250
INFO 2026-08-30 09:25:43,325 judge_handler HaiNamPCT: 7 test case(s) completed on: 250
INFO 2026-08-30 09:25:43,576 judge_handler HaiNamPCT: 11 test case(s) completed on: 250
INFO 2026-08-30 09:25:43,826 judge_handler HaiNamPCT: 13 test case(s) completed on: 250
INFO 2026-08-30 09:25:44,077 judge_handler HaiNamPCT: 12 test case(s) completed on: 250
INFO 2026-08-30 09:25:44,146 judge_handler HaiNamPCT: 7 test case(s) completed on: 250
INFO 2026-08-30 09:25:44,154 judge_handler HaiNamPCT: Grading has ended on: 250
INFO 2026-08-30 09:25:44,154 judge_list Judge available after grading 250: HaiNamPCT
INFO 2026-08-30 12:54:15,219 judge_list Free judges: 1
INFO 2026-08-30 12:54:15,219 judge_list Dispatched submission 251 to: HaiNamPCT
INFO 2026-08-30 12:54:15,225 judge_handler Submission acknowledged: 251
INFO 2026-08-30 12:54:15,566 judge_handler HaiNamPCT: Submission generated compiler messages: 251
INFO 2026-08-30 12:54:15,571 judge_handler HaiNamPCT: Grading has begun on: 251
INFO 2026-08-30 12:54:15,583 judge_handler HaiNamPCT: Batch began on: 251
INFO 2026-08-30 12:54:15,585 judge_handler HaiNamPCT: 3 test case(s) completed on: 251
INFO 2026-08-30 12:54:15,594 judge_handler HaiNamPCT: Batch ended on: 251
INFO 2026-08-30 12:54:15,594 judge_handler HaiNamPCT: Batch began on: 251
INFO 2026-08-30 12:54:15,594 judge_handler HaiNamPCT: 2 test case(s) completed on: 251
INFO 2026-08-30 12:54:15,603 judge_handler HaiNamPCT: Batch ended on: 251
INFO 2026-08-30 12:54:15,603 judge_handler HaiNamPCT: Batch began on: 251
INFO 2026-08-30 12:54:15,656 judge_handler HaiNamPCT: 4 test case(s) completed on: 251
INFO 2026-08-30 12:54:15,665 judge_handler HaiNamPCT: Batch ended on: 251
INFO 2026-08-30 12:54:15,665 judge_handler HaiNamPCT: Grading has ended on: 251
INFO 2026-08-30 12:54:15,665 judge_list Judge available after grading 251: HaiNamPCT
INFO 2026-08-30 12:58:54,470 judge_list Free judges: 1
INFO 2026-08-30 12:58:54,471 judge_list Dispatched submission 252 to: HaiNamPCT
INFO 2026-08-30 12:58:54,476 judge_handler Submission acknowledged: 252
INFO 2026-08-30 12:58:54,817 judge_handler HaiNamPCT: Submission generated compiler messages: 252
INFO 2026-08-30 12:58:54,824 judge_handler HaiNamPCT: Grading has begun on: 252
INFO 2026-08-30 12:58:54,834 judge_handler HaiNamPCT: Batch began on: 252
INFO 2026-08-30 12:58:54,837 judge_handler HaiNamPCT: 3 test case(s) completed on: 252
INFO 2026-08-30 12:58:54,847 judge_handler HaiNamPCT: Batch ended on: 252
INFO 2026-08-30 12:58:54,847 judge_handler HaiNamPCT: Batch began on: 252
INFO 2026-08-30 12:58:54,847 judge_handler HaiNamPCT: 2 test case(s) completed on: 252
INFO 2026-08-30 12:58:54,856 judge_handler HaiNamPCT: Batch ended on: 252
INFO 2026-08-30 12:58:54,856 judge_handler HaiNamPCT: Batch began on: 252
INFO 2026-08-30 12:58:54,900 judge_handler HaiNamPCT: 4 test case(s) completed on: 252
INFO 2026-08-30 12:58:54,911 judge_handler HaiNamPCT: Batch ended on: 252
INFO 2026-08-30 12:58:54,912 judge_handler HaiNamPCT: Grading has ended on: 252
INFO 2026-08-30 12:58:54,912 judge_list Judge available after grading 252: HaiNamPCT
INFO 2026-08-30 14:14:38,975 judge_list Free judges: 1
INFO 2026-08-30 14:14:38,976 judge_list Dispatched submission 253 to: HaiNamPCT
INFO 2026-08-30 14:14:38,981 judge_handler Submission acknowledged: 253
INFO 2026-08-30 14:14:39,257 judge_handler HaiNamPCT: Submission generated compiler messages: 253
INFO 2026-08-30 14:14:39,263 judge_handler HaiNamPCT: Grading has begun on: 253
INFO 2026-08-30 14:14:39,394 judge_handler HaiNamPCT: 18 test case(s) completed on: 253
INFO 2026-08-30 14:14:39,411 judge_handler HaiNamPCT: 2 test case(s) completed on: 253
INFO 2026-08-30 14:14:39,420 judge_handler HaiNamPCT: Grading has ended on: 253
INFO 2026-08-30 14:14:39,420 judge_list Judge available after grading 253: HaiNamPCT
INFO 2026-08-30 14:19:40,565 judge_handler HaiNamPCT: Updated problem list
INFO 2026-08-30 14:19:49,602 judge_handler HaiNamPCT: Updated problem list
INFO 2026-08-30 14:19:52,603 judge_handler HaiNamPCT: Updated problem list
INFO 2026-08-30 14:20:12,853 judge_list Free judges: 1
INFO 2026-08-30 14:20:12,853 judge_list Dispatched submission 254 to: HaiNamPCT
INFO 2026-08-30 14:20:12,858 judge_handler Submission acknowledged: 254
INFO 2026-08-30 14:20:13,413 judge_handler HaiNamPCT: Submission generated compiler messages: 254
INFO 2026-08-30 14:20:13,419 judge_handler HaiNamPCT: Grading has begun on: 254
INFO 2026-08-30 14:20:13,556 judge_handler HaiNamPCT: 20 test case(s) completed on: 254
INFO 2026-08-30 14:20:13,569 judge_handler HaiNamPCT: Grading has ended on: 254
INFO 2026-08-30 14:20:13,569 judge_list Judge available after grading 254: HaiNamPCT
INFO 2026-08-30 14:21:36,727 judge_list Free judges: 1
INFO 2026-08-30 14:21:36,727 judge_list Dispatched submission 255 to: HaiNamPCT
INFO 2026-08-30 14:21:36,733 judge_handler Submission acknowledged: 255
INFO 2026-08-30 14:21:37,024 judge_handler HaiNamPCT: Submission generated compiler messages: 255
INFO 2026-08-30 14:21:37,030 judge_handler HaiNamPCT: Grading has begun on: 255
INFO 2026-08-30 14:21:37,139 judge_handler HaiNamPCT: 15 test case(s) completed on: 255
INFO 2026-08-30 14:21:37,391 judge_handler HaiNamPCT: 37 test case(s) completed on: 255
INFO 2026-08-30 14:21:37,641 judge_handler HaiNamPCT: 35 test case(s) completed on: 255
INFO 2026-08-30 14:21:37,730 judge_handler HaiNamPCT: 13 test case(s) completed on: 255
INFO 2026-08-30 14:21:37,821 judge_handler HaiNamPCT: Grading has ended on: 255
INFO 2026-08-30 14:21:37,821 judge_list Judge available after grading 255: HaiNamPCT
INFO 2026-08-30 14:24:23,149 judge_handler HaiNamPCT: Updated problem list
INFO 2026-08-30 14:24:26,150 judge_handler HaiNamPCT: Updated problem list
INFO 2026-08-30 14:24:38,815 judge_handler HaiNamPCT: Updated problem list
INFO 2026-08-30 14:24:41,816 judge_handler HaiNamPCT: Updated problem list
INFO 2026-08-30 14:24:49,944 judge_list Free judges: 1
INFO 2026-08-30 14:24:49,944 judge_list Dispatched submission 256 to: HaiNamPCT
INFO 2026-08-30 14:24:49,949 judge_handler Submission acknowledged: 256
INFO 2026-08-30 14:24:50,535 judge_handler HaiNamPCT: Submission generated compiler messages: 256
INFO 2026-08-30 14:24:50,542 judge_handler HaiNamPCT: Grading has begun on: 256
INFO 2026-08-30 14:24:50,752 judge_handler HaiNamPCT: 9 test case(s) completed on: 256
INFO 2026-08-30 14:24:50,918 judge_handler HaiNamPCT: 11 test case(s) completed on: 256
INFO 2026-08-30 14:24:50,927 judge_handler HaiNamPCT: Grading has ended on: 256
INFO 2026-08-30 14:24:50,927 judge_list Judge available after grading 256: HaiNamPCT
INFO 2026-08-30 14:27:54,721 judge_handler HaiNamPCT: Updated problem list
INFO 2026-08-30 14:28:06,855 judge_handler HaiNamPCT: Updated problem list
INFO 2026-08-30 14:28:09,856 judge_handler HaiNamPCT: Updated problem list
INFO 2026-08-30 14:28:33,615 judge_list Free judges: 1
INFO 2026-08-30 14:28:33,616 judge_list Dispatched submission 257 to: HaiNamPCT
INFO 2026-08-30 14:28:33,621 judge_handler Submission acknowledged: 257
INFO 2026-08-30 14:28:34,398 judge_handler HaiNamPCT: Submission generated compiler messages: 257
INFO 2026-08-30 14:28:34,405 judge_handler HaiNamPCT: Grading has begun on: 257
INFO 2026-08-30 14:28:34,631 judge_handler HaiNamPCT: 11 test case(s) completed on: 257
INFO 2026-08-30 14:28:34,788 judge_handler HaiNamPCT: 9 test case(s) completed on: 257
INFO 2026-08-30 14:28:34,799 judge_handler HaiNamPCT: Grading has ended on: 257
INFO 2026-08-30 14:28:34,799 judge_list Judge available after grading 257: HaiNamPCT
INFO 2026-08-30 14:31:22,086 judge_handler HaiNamPCT: Updated problem list
INFO 2026-08-30 14:31:29,259 judge_handler HaiNamPCT: Updated problem list
INFO 2026-08-30 14:31:32,260 judge_handler HaiNamPCT: Updated problem list
INFO 2026-08-30 14:31:51,245 judge_list Free judges: 1
INFO 2026-08-30 14:31:51,245 judge_list Dispatched submission 258 to: HaiNamPCT
INFO 2026-08-30 14:31:51,250 judge_handler Submission acknowledged: 258
INFO 2026-08-30 14:31:51,788 judge_handler HaiNamPCT: Submission generated compiler messages: 258
INFO 2026-08-30 14:31:51,794 judge_handler HaiNamPCT: Grading has begun on: 258
INFO 2026-08-30 14:31:51,929 judge_handler HaiNamPCT: 20 test case(s) completed on: 258
INFO 2026-08-30 14:31:51,943 judge_handler HaiNamPCT: Grading has ended on: 258
INFO 2026-08-30 14:31:51,943 judge_list Judge available after grading 258: HaiNamPCT
INFO 2026-08-30 14:34:35,291 judge_handler HaiNamPCT: Updated problem list
INFO 2026-08-30 14:34:43,124 judge_handler HaiNamPCT: Updated problem list
INFO 2026-08-30 14:34:46,125 judge_handler HaiNamPCT: Updated problem list
INFO 2026-08-30 14:34:58,407 judge_list Free judges: 1
INFO 2026-08-30 14:34:58,407 judge_list Dispatched submission 259 to: HaiNamPCT
INFO 2026-08-30 14:34:58,412 judge_handler Submission acknowledged: 259
INFO 2026-08-30 14:34:59,066 judge_handler HaiNamPCT: Submission generated compiler messages: 259
INFO 2026-08-30 14:34:59,073 judge_handler HaiNamPCT: Grading has begun on: 259
INFO 2026-08-30 14:34:59,113 judge_handler HaiNamPCT: 5 test case(s) completed on: 259
INFO 2026-08-30 14:34:59,228 judge_handler HaiNamPCT: 15 test case(s) completed on: 259
INFO 2026-08-30 14:34:59,240 judge_handler HaiNamPCT: Grading has ended on: 259
INFO 2026-08-30 14:34:59,241 judge_list Judge available after grading 259: HaiNamPCT
INFO 2026-08-30 14:44:23,306 judge_handler HaiNamPCT: Updated problem list
INFO 2026-08-30 14:44:26,307 judge_handler HaiNamPCT: Updated problem list
INFO 2026-08-30 14:44:29,308 judge_handler HaiNamPCT: Updated problem list
INFO 2026-08-30 14:44:36,461 judge_handler HaiNamPCT: Updated problem list
INFO 2026-08-30 14:45:03,403 judge_list Free judges: 1
INFO 2026-08-30 14:45:03,403 judge_list Dispatched submission 260 to: HaiNamPCT
INFO 2026-08-30 14:45:03,409 judge_handler Submission acknowledged: 260
INFO 2026-08-30 14:45:03,968 judge_handler HaiNamPCT: Submission generated compiler messages: 260
INFO 2026-08-30 14:45:03,974 judge_handler HaiNamPCT: Grading has begun on: 260
INFO 2026-08-30 14:45:04,223 judge_handler HaiNamPCT: 20 test case(s) completed on: 260
INFO 2026-08-30 14:45:04,237 judge_handler HaiNamPCT: Grading has ended on: 260
INFO 2026-08-30 14:45:04,237 judge_list Judge available after grading 260: HaiNamPCT
INFO 2026-08-30 14:48:28,003 judge_list Free judges: 1
INFO 2026-08-30 14:48:28,003 judge_list Dispatched submission 261 to: HaiNamPCT
INFO 2026-08-30 14:48:28,008 judge_handler Submission acknowledged: 261
INFO 2026-08-30 14:48:28,311 judge_handler HaiNamPCT: Submission generated compiler messages: 261
INFO 2026-08-30 14:48:28,317 judge_handler HaiNamPCT: Grading has begun on: 261
INFO 2026-08-30 14:48:28,343 judge_handler HaiNamPCT: 1 test case(s) completed on: 261
INFO 2026-08-30 14:48:28,594 judge_handler HaiNamPCT: 11 test case(s) completed on: 261
INFO 2026-08-30 14:48:28,844 judge_handler HaiNamPCT: 22 test case(s) completed on: 261
INFO 2026-08-30 14:48:29,095 judge_handler HaiNamPCT: 13 test case(s) completed on: 261
INFO 2026-08-30 14:48:29,345 judge_handler HaiNamPCT: 3 test case(s) completed on: 261
INFO 2026-08-30 14:48:29,597 judge_handler HaiNamPCT: 2 test case(s) completed on: 261
INFO 2026-08-30 14:48:29,847 judge_handler HaiNamPCT: 2 test case(s) completed on: 261
INFO 2026-08-30 14:48:30,097 judge_handler HaiNamPCT: 3 test case(s) completed on: 261
INFO 2026-08-30 14:48:30,348 judge_handler HaiNamPCT: 2 test case(s) completed on: 261
INFO 2026-08-30 14:48:30,598 judge_handler HaiNamPCT: 3 test case(s) completed on: 261
INFO 2026-08-30 14:48:30,848 judge_handler HaiNamPCT: 2 test case(s) completed on: 261
INFO 2026-08-30 14:48:31,099 judge_handler HaiNamPCT: 2 test case(s) completed on: 261
INFO 2026-08-30 14:48:31,349 judge_handler HaiNamPCT: 3 test case(s) completed on: 261
INFO 2026-08-30 14:48:31,599 judge_handler HaiNamPCT: 2 test case(s) completed on: 261
INFO 2026-08-30 14:48:31,850 judge_handler HaiNamPCT: 3 test case(s) completed on: 261
INFO 2026-08-30 14:48:32,100 judge_handler HaiNamPCT: 2 test case(s) completed on: 261
INFO 2026-08-30 14:48:32,350 judge_handler HaiNamPCT: 3 test case(s) completed on: 261
INFO 2026-08-30 14:48:32,601 judge_handler HaiNamPCT: 2 test case(s) completed on: 261
INFO 2026-08-30 14:48:32,851 judge_handler HaiNamPCT: 2 test case(s) completed on: 261
INFO 2026-08-30 14:48:33,102 judge_handler HaiNamPCT: 2 test case(s) completed on: 261
INFO 2026-08-30 14:48:33,352 judge_handler HaiNamPCT: 2 test case(s) completed on: 261
INFO 2026-08-30 14:48:33,602 judge_handler HaiNamPCT: 3 test case(s) completed on: 261
INFO 2026-08-30 14:48:33,853 judge_handler HaiNamPCT: 2 test case(s) completed on: 261
INFO 2026-08-30 14:48:34,103 judge_handler HaiNamPCT: 2 test case(s) completed on: 261
INFO 2026-08-30 14:48:34,353 judge_handler HaiNamPCT: 2 test case(s) completed on: 261
INFO 2026-08-30 14:48:34,604 judge_handler HaiNamPCT: 2 test case(s) completed on: 261
INFO 2026-08-30 14:48:34,763 judge_handler HaiNamPCT: 2 test case(s) completed on: 261
INFO 2026-08-30 14:48:34,773 judge_handler HaiNamPCT: Grading has ended on: 261
INFO 2026-08-30 14:48:34,773 judge_list Judge available after grading 261: HaiNamPCT
INFO 2026-08-30 14:49:59,211 judge_list Free judges: 1
INFO 2026-08-30 14:49:59,211 judge_list Dispatched submission 262 to: HaiNamPCT
INFO 2026-08-30 14:49:59,215 judge_handler Submission acknowledged: 262
INFO 2026-08-30 14:49:59,507 judge_handler HaiNamPCT: Submission generated compiler messages: 262
INFO 2026-08-30 14:49:59,513 judge_handler HaiNamPCT: Grading has begun on: 262
INFO 2026-08-30 14:49:59,656 judge_handler HaiNamPCT: 19 test case(s) completed on: 262
INFO 2026-08-30 14:49:59,671 judge_handler HaiNamPCT: 1 test case(s) completed on: 262
INFO 2026-08-30 14:49:59,678 judge_handler HaiNamPCT: Grading has ended on: 262
INFO 2026-08-30 14:49:59,678 judge_list Judge available after grading 262: HaiNamPCT
INFO 2026-08-30 14:50:30,507 judge_list Free judges: 1
INFO 2026-08-30 14:50:30,508 judge_list Dispatched submission 263 to: HaiNamPCT
INFO 2026-08-30 14:50:30,512 judge_handler Submission acknowledged: 263
INFO 2026-08-30 14:50:30,801 judge_handler HaiNamPCT: Submission generated compiler messages: 263
INFO 2026-08-30 14:50:30,806 judge_handler HaiNamPCT: Grading has begun on: 263
INFO 2026-08-30 14:50:30,927 judge_handler HaiNamPCT: 6 test case(s) completed on: 263
INFO 2026-08-30 14:50:31,177 judge_handler HaiNamPCT: 8 test case(s) completed on: 263
INFO 2026-08-30 14:50:31,223 judge_handler HaiNamPCT: 6 test case(s) completed on: 263
INFO 2026-08-30 14:50:31,236 judge_handler HaiNamPCT: Grading has ended on: 263
INFO 2026-08-30 14:50:31,236 judge_list Judge available after grading 263: HaiNamPCT
INFO 2026-08-30 14:51:37,646 judge_list Free judges: 1
INFO 2026-08-30 14:51:37,646 judge_list Dispatched submission 264 to: HaiNamPCT
INFO 2026-08-30 14:51:37,651 judge_handler Submission acknowledged: 264
INFO 2026-08-30 14:51:37,921 judge_handler HaiNamPCT: Submission generated compiler messages: 264
INFO 2026-08-30 14:51:37,927 judge_handler HaiNamPCT: Grading has begun on: 264
INFO 2026-08-30 14:51:37,966 judge_handler HaiNamPCT: 5 test case(s) completed on: 264
INFO 2026-08-30 14:51:38,067 judge_handler HaiNamPCT: 15 test case(s) completed on: 264
INFO 2026-08-30 14:51:38,079 judge_handler HaiNamPCT: Grading has ended on: 264
INFO 2026-08-30 14:51:38,079 judge_list Judge available after grading 264: HaiNamPCT
INFO 2026-08-30 14:52:21,862 judge_list Free judges: 1
INFO 2026-08-30 14:52:21,863 judge_list Dispatched submission 265 to: HaiNamPCT
INFO 2026-08-30 14:52:21,868 judge_handler Submission acknowledged: 265
INFO 2026-08-30 14:52:22,153 judge_handler HaiNamPCT: Submission generated compiler messages: 265
INFO 2026-08-30 14:52:22,166 judge_handler HaiNamPCT: Grading has begun on: 265
INFO 2026-08-30 14:52:22,241 judge_handler HaiNamPCT: 1 test case(s) completed on: 265
INFO 2026-08-30 14:52:22,494 judge_handler HaiNamPCT: 6 test case(s) completed on: 265
INFO 2026-08-30 14:52:22,745 judge_handler HaiNamPCT: 6 test case(s) completed on: 265
INFO 2026-08-30 14:52:22,995 judge_handler HaiNamPCT: 5 test case(s) completed on: 265
INFO 2026-08-30 14:52:23,061 judge_handler HaiNamPCT: 2 test case(s) completed on: 265
INFO 2026-08-30 14:52:23,071 judge_handler HaiNamPCT: Grading has ended on: 265
INFO 2026-08-30 14:52:23,071 judge_list Judge available after grading 265: HaiNamPCT
INFO 2026-08-30 14:52:59,550 judge_list Free judges: 1
INFO 2026-08-30 14:52:59,550 judge_list Dispatched submission 266 to: HaiNamPCT
INFO 2026-08-30 14:52:59,555 judge_handler Submission acknowledged: 266
INFO 2026-08-30 14:52:59,831 judge_handler HaiNamPCT: Submission generated compiler messages: 266
INFO 2026-08-30 14:52:59,837 judge_handler HaiNamPCT: Grading has begun on: 266
INFO 2026-08-30 14:53:00,016 judge_handler HaiNamPCT: 4 test case(s) completed on: 266
INFO 2026-08-30 14:53:00,767 judge_handler HaiNamPCT: 1 test case(s) completed on: 266
INFO 2026-08-30 14:53:01,767 judge_handler HaiNamPCT: 1 test case(s) completed on: 266
INFO 2026-08-30 14:53:02,768 judge_handler HaiNamPCT: 1 test case(s) completed on: 266
INFO 2026-08-30 14:53:03,518 judge_handler HaiNamPCT: 1 test case(s) completed on: 266
INFO 2026-08-30 14:53:04,269 judge_handler HaiNamPCT: 1 test case(s) completed on: 266
INFO 2026-08-30 14:53:05,019 judge_handler HaiNamPCT: 1 test case(s) completed on: 266
INFO 2026-08-30 14:53:06,021 judge_handler HaiNamPCT: 2 test case(s) completed on: 266
INFO 2026-08-30 14:53:06,772 judge_handler HaiNamPCT: 7 test case(s) completed on: 266
INFO 2026-08-30 14:53:06,783 judge_handler HaiNamPCT: 1 test case(s) completed on: 266
INFO 2026-08-30 14:53:06,793 judge_handler HaiNamPCT: Grading has ended on: 266
INFO 2026-08-30 14:53:06,793 judge_list Judge available after grading 266: HaiNamPCT
INFO 2026-08-30 14:54:13,962 judge_list Free judges: 1
INFO 2026-08-30 14:54:13,962 judge_list Dispatched submission 267 to: HaiNamPCT
INFO 2026-08-30 14:54:13,967 judge_handler Submission acknowledged: 267
INFO 2026-08-30 14:54:14,269 judge_handler HaiNamPCT: Submission generated compiler messages: 267
INFO 2026-08-30 14:54:14,274 judge_handler HaiNamPCT: Grading has begun on: 267
INFO 2026-08-30 14:54:14,310 judge_handler HaiNamPCT: 1 test case(s) completed on: 267
INFO 2026-08-30 14:54:14,562 judge_handler HaiNamPCT: 1 test case(s) completed on: 267
INFO 2026-08-30 14:54:17,564 judge_handler HaiNamPCT: 2 test case(s) completed on: 267
INFO 2026-08-30 14:54:17,814 judge_handler HaiNamPCT: 2 test case(s) completed on: 267
INFO 2026-08-30 14:54:18,065 judge_handler HaiNamPCT: 3 test case(s) completed on: 267
INFO 2026-08-30 14:54:18,315 judge_handler HaiNamPCT: 3 test case(s) completed on: 267
INFO 2026-08-30 14:54:18,565 judge_handler HaiNamPCT: 4 test case(s) completed on: 267
INFO 2026-08-30 14:54:18,815 judge_handler HaiNamPCT: 2 test case(s) completed on: 267
INFO 2026-08-30 14:54:18,993 judge_handler HaiNamPCT: 2 test case(s) completed on: 267
INFO 2026-08-30 14:54:19,002 judge_handler HaiNamPCT: Grading has ended on: 267
INFO 2026-08-30 14:54:19,002 judge_list Judge available after grading 267: HaiNamPCT
INFO 2026-08-30 15:02:29,261 judge_list Free judges: 1
INFO 2026-08-30 15:02:29,262 judge_list Dispatched submission 268 to: HaiNamPCT
INFO 2026-08-30 15:02:29,267 judge_handler Submission acknowledged: 268
INFO 2026-08-30 15:02:29,539 judge_handler HaiNamPCT: Submission generated compiler messages: 268
INFO 2026-08-30 15:02:29,545 judge_handler HaiNamPCT: Grading has begun on: 268
INFO 2026-08-30 15:02:29,605 judge_handler HaiNamPCT: 8 test case(s) completed on: 268
INFO 2026-08-30 15:02:29,686 judge_handler HaiNamPCT: 12 test case(s) completed on: 268
INFO 2026-08-30 15:02:29,698 judge_handler HaiNamPCT: Grading has ended on: 268
INFO 2026-08-30 15:02:29,698 judge_list Judge available after grading 268: HaiNamPCT
INFO 2026-08-30 15:03:52,929 judge_list Free judges: 1
INFO 2026-08-30 15:03:52,929 judge_list Dispatched submission 269 to: HaiNamPCT
INFO 2026-08-30 15:03:52,935 judge_handler Submission acknowledged: 269
INFO 2026-08-30 15:03:53,210 judge_handler HaiNamPCT: Submission generated compiler messages: 269
INFO 2026-08-30 15:03:53,216 judge_handler HaiNamPCT: Grading has begun on: 269
INFO 2026-08-30 15:03:53,407 judge_handler HaiNamPCT: 8 test case(s) completed on: 269
INFO 2026-08-30 15:03:53,633 judge_handler HaiNamPCT: 12 test case(s) completed on: 269
INFO 2026-08-30 15:03:53,644 judge_handler HaiNamPCT: Grading has ended on: 269
INFO 2026-08-30 15:03:53,644 judge_list Judge available after grading 269: HaiNamPCT
INFO 2026-08-30 15:05:18,099 judge_list Free judges: 1
INFO 2026-08-30 15:05:18,099 judge_list Dispatched submission 270 to: HaiNamPCT
INFO 2026-08-30 15:05:18,104 judge_handler Submission acknowledged: 270
INFO 2026-08-30 15:05:18,393 judge_handler HaiNamPCT: Submission generated compiler messages: 270
INFO 2026-08-30 15:05:18,399 judge_handler HaiNamPCT: Grading has begun on: 270
INFO 2026-08-30 15:05:18,455 judge_handler HaiNamPCT: 1 test case(s) completed on: 270
INFO 2026-08-30 15:05:18,707 judge_handler HaiNamPCT: 5 test case(s) completed on: 270
INFO 2026-08-30 15:05:18,958 judge_handler HaiNamPCT: 5 test case(s) completed on: 270
INFO 2026-08-30 15:05:19,208 judge_handler HaiNamPCT: 5 test case(s) completed on: 270
INFO 2026-08-30 15:05:19,354 judge_handler HaiNamPCT: 4 test case(s) completed on: 270
INFO 2026-08-30 15:05:19,365 judge_handler HaiNamPCT: Grading has ended on: 270
INFO 2026-08-30 15:05:19,365 judge_list Judge available after grading 270: HaiNamPCT
INFO 2026-08-30 15:06:49,012 judge_list Free judges: 1
INFO 2026-08-30 15:06:49,012 judge_list Dispatched submission 271 to: HaiNamPCT
INFO 2026-08-30 15:06:49,017 judge_handler Submission acknowledged: 271
INFO 2026-08-30 15:06:49,294 judge_handler HaiNamPCT: Submission generated compiler messages: 271
INFO 2026-08-30 15:06:49,300 judge_handler HaiNamPCT: Grading has begun on: 271
INFO 2026-08-30 15:06:49,511 judge_handler HaiNamPCT: 4 test case(s) completed on: 271
INFO 2026-08-30 15:06:50,262 judge_handler HaiNamPCT: 1 test case(s) completed on: 271
INFO 2026-08-30 15:06:51,262 judge_handler HaiNamPCT: 1 test case(s) completed on: 271
INFO 2026-08-30 15:06:52,013 judge_handler HaiNamPCT: 1 test case(s) completed on: 271
INFO 2026-08-30 15:06:53,013 judge_handler HaiNamPCT: 1 test case(s) completed on: 271
INFO 2026-08-30 15:06:53,765 judge_handler HaiNamPCT: 1 test case(s) completed on: 271
INFO 2026-08-30 15:06:54,516 judge_handler HaiNamPCT: 1 test case(s) completed on: 271
INFO 2026-08-30 15:06:55,517 judge_handler HaiNamPCT: 2 test case(s) completed on: 271
INFO 2026-08-30 15:06:56,213 judge_handler HaiNamPCT: 8 test case(s) completed on: 271
INFO 2026-08-30 15:06:56,222 judge_handler HaiNamPCT: Grading has ended on: 271
INFO 2026-08-30 15:06:56,223 judge_list Judge available after grading 271: HaiNamPCT
INFO 2026-08-31 08:34:02,658 judge_handler HaiNamPCT: Updated problem list
INFO 2026-08-31 08:34:12,182 judge_handler HaiNamPCT: Updated problem list
INFO 2026-08-31 08:34:15,183 judge_handler HaiNamPCT: Updated problem list
INFO 2026-08-31 08:34:33,105 judge_list Free judges: 1
INFO 2026-08-31 08:34:33,105 judge_list Dispatched submission 272 to: HaiNamPCT
INFO 2026-08-31 08:34:33,110 judge_handler Submission acknowledged: 272
INFO 2026-08-31 08:34:33,703 judge_handler HaiNamPCT: Submission generated compiler messages: 272
INFO 2026-08-31 08:34:33,710 judge_handler HaiNamPCT: Grading has begun on: 272
INFO 2026-08-31 08:34:33,816 judge_handler HaiNamPCT: 15 test case(s) completed on: 272
INFO 2026-08-31 08:34:33,853 judge_handler HaiNamPCT: 5 test case(s) completed on: 272
INFO 2026-08-31 08:34:33,863 judge_handler HaiNamPCT: Grading has ended on: 272
INFO 2026-08-31 08:34:33,863 judge_list Judge available after grading 272: HaiNamPCT
INFO 2026-08-31 08:37:51,573 judge_handler HaiNamPCT: Updated problem list
INFO 2026-08-31 08:37:54,574 judge_handler HaiNamPCT: Updated problem list
INFO 2026-08-31 08:37:57,575 judge_handler HaiNamPCT: Updated problem list
INFO 2026-08-31 08:38:18,267 judge_list Free judges: 1
INFO 2026-08-31 08:38:18,267 judge_list Dispatched submission 273 to: HaiNamPCT
INFO 2026-08-31 08:38:18,273 judge_handler Submission acknowledged: 273
INFO 2026-08-31 08:38:18,780 judge_handler HaiNamPCT: Submission failed to compile: 273
INFO 2026-08-31 08:38:18,781 judge_list Judge available after grading 273: HaiNamPCT
INFO 2026-08-31 08:38:40,959 judge_list Free judges: 1
INFO 2026-08-31 08:38:40,959 judge_list Dispatched submission 274 to: HaiNamPCT
INFO 2026-08-31 08:38:40,965 judge_handler Submission acknowledged: 274
INFO 2026-08-31 08:38:41,659 judge_handler HaiNamPCT: Submission generated compiler messages: 274
INFO 2026-08-31 08:38:41,665 judge_handler HaiNamPCT: Grading has begun on: 274
INFO 2026-08-31 08:38:41,712 judge_handler HaiNamPCT: 4 test case(s) completed on: 274
INFO 2026-08-31 08:38:41,893 judge_handler HaiNamPCT: 16 test case(s) completed on: 274
INFO 2026-08-31 08:38:41,905 judge_handler HaiNamPCT: Grading has ended on: 274
INFO 2026-08-31 08:38:41,905 judge_list Judge available after grading 274: HaiNamPCT
INFO 2026-09-01 01:44:48,948 judge_list Free judges: 1
INFO 2026-09-01 01:44:48,948 judge_list Dispatched submission 275 to: HaiNamPCT
INFO 2026-09-01 01:44:48,953 judge_handler Submission acknowledged: 275
INFO 2026-09-01 01:44:49,247 judge_handler HaiNamPCT: Submission generated compiler messages: 275
INFO 2026-09-01 01:44:49,253 judge_handler HaiNamPCT: Grading has begun on: 275
INFO 2026-09-01 01:44:49,445 judge_handler HaiNamPCT: 25 test case(s) completed on: 275
INFO 2026-09-01 01:44:49,624 judge_handler HaiNamPCT: 25 test case(s) completed on: 275
INFO 2026-09-01 01:44:49,637 judge_handler HaiNamPCT: Grading has ended on: 275
INFO 2026-09-01 01:44:49,637 judge_list Judge available after grading 275: HaiNamPCT
INFO 2026-09-01 03:28:33,663 judge_list Free judges: 1
INFO 2026-09-01 03:28:33,663 judge_list Dispatched submission 276 to: HaiNamPCT
INFO 2026-09-01 03:28:33,668 judge_handler Submission acknowledged: 276
INFO 2026-09-01 03:28:33,958 judge_handler HaiNamPCT: Submission generated compiler messages: 276
INFO 2026-09-01 03:28:33,968 judge_handler HaiNamPCT: Grading has begun on: 276
INFO 2026-09-01 03:28:34,062 judge_handler HaiNamPCT: 9 test case(s) completed on: 276
INFO 2026-09-01 03:28:34,153 judge_handler HaiNamPCT: 11 test case(s) completed on: 276
INFO 2026-09-01 03:28:34,166 judge_handler HaiNamPCT: Grading has ended on: 276
INFO 2026-09-01 03:28:34,166 judge_list Judge available after grading 276: HaiNamPCT
INFO 2026-09-01 03:32:05,922 judge_list Free judges: 1
INFO 2026-09-01 03:32:05,922 judge_list Dispatched submission 277 to: HaiNamPCT
INFO 2026-09-01 03:32:05,927 judge_handler Submission acknowledged: 277
INFO 2026-09-01 03:32:06,238 judge_handler HaiNamPCT: Submission generated compiler messages: 277
INFO 2026-09-01 03:32:06,244 judge_handler HaiNamPCT: Grading has begun on: 277
INFO 2026-09-01 03:32:06,438 judge_handler HaiNamPCT: 24 test case(s) completed on: 277
INFO 2026-09-01 03:32:06,689 judge_handler HaiNamPCT: 34 test case(s) completed on: 277
INFO 2026-09-01 03:32:06,941 judge_handler HaiNamPCT: 34 test case(s) completed on: 277
INFO 2026-09-01 03:32:07,006 judge_handler HaiNamPCT: 8 test case(s) completed on: 277
INFO 2026-09-01 03:32:07,016 judge_handler HaiNamPCT: Grading has ended on: 277
INFO 2026-09-01 03:32:07,016 judge_list Judge available after grading 277: HaiNamPCT
INFO 2026-09-01 06:48:52,024 daemon Exiting due to SIGINT
INFO 2026-09-01 06:49:21,053 judge_handler Judge connected from: ('127.0.0.1', 57860)
INFO 2026-09-01 06:49:21,080 judge_handler Judge authenticated: ('127.0.0.1', 57860) (HaiNamPCT)
INFO 2026-09-01 06:49:25,077 daemon Exiting due to SIGINT
INFO 2026-09-01 06:49:48,602 judge_handler Judge connected from: ('127.0.0.1', 45744)
INFO 2026-09-01 06:49:48,605 judge_handler Judge authenticated: ('127.0.0.1', 45744) (HaiNamPCT)
INFO 2026-09-01 06:49:58,642 daemon Exiting due to SIGINT
INFO 2026-09-01 06:50:28,919 judge_handler Judge connected from: ('127.0.0.1', 53092)
INFO 2026-09-01 06:50:28,925 judge_handler Judge authenticated: ('127.0.0.1', 53092) (HaiNamPCT)
INFO 2026-09-01 13:01:19,364 judge_list Free judges: 1
INFO 2026-09-01 13:01:19,364 judge_list Dispatched submission 278 to: HaiNamPCT
INFO 2026-09-01 13:01:19,370 judge_handler Submission acknowledged: 278
INFO 2026-09-01 13:01:19,660 judge_handler HaiNamPCT: Submission generated compiler messages: 278
INFO 2026-09-01 13:01:19,670 judge_handler HaiNamPCT: Grading has begun on: 278
INFO 2026-09-01 13:01:19,778 judge_handler HaiNamPCT: 10 test case(s) completed on: 278
INFO 2026-09-01 13:01:19,864 judge_handler HaiNamPCT: 10 test case(s) completed on: 278
INFO 2026-09-01 13:01:19,874 judge_handler HaiNamPCT: Grading has ended on: 278
INFO 2026-09-01 13:01:19,874 judge_list Judge available after grading 278: HaiNamPCT
INFO 2026-09-01 13:04:21,632 judge_list Free judges: 1
INFO 2026-09-01 13:04:21,632 judge_list Dispatched submission 279 to: HaiNamPCT
INFO 2026-09-01 13:04:21,637 judge_handler Submission acknowledged: 279
INFO 2026-09-01 13:04:21,940 judge_handler HaiNamPCT: Submission generated compiler messages: 279
INFO 2026-09-01 13:04:21,945 judge_handler HaiNamPCT: Grading has begun on: 279
INFO 2026-09-01 13:04:22,138 judge_handler HaiNamPCT: 9 test case(s) completed on: 279
INFO 2026-09-01 13:04:22,329 judge_handler HaiNamPCT: 11 test case(s) completed on: 279
INFO 2026-09-01 13:04:22,338 judge_handler HaiNamPCT: Grading has ended on: 279
INFO 2026-09-01 13:04:22,338 judge_list Judge available after grading 279: HaiNamPCT
INFO 2026-09-01 13:08:07,063 judge_list Free judges: 1
INFO 2026-09-01 13:08:07,063 judge_list Dispatched submission 280 to: HaiNamPCT
INFO 2026-09-01 13:08:07,068 judge_handler Submission acknowledged: 280
INFO 2026-09-01 13:08:07,349 judge_handler HaiNamPCT: Submission generated compiler messages: 280
INFO 2026-09-01 13:08:07,356 judge_handler HaiNamPCT: Grading has begun on: 280
INFO 2026-09-01 13:08:07,498 judge_handler HaiNamPCT: 20 test case(s) completed on: 280
INFO 2026-09-01 13:08:07,513 judge_handler HaiNamPCT: Grading has ended on: 280
INFO 2026-09-01 13:08:07,513 judge_list Judge available after grading 280: HaiNamPCT
INFO 2026-09-01 13:18:20,620 judge_list Free judges: 1
INFO 2026-09-01 13:18:20,620 judge_list Dispatched submission 281 to: HaiNamPCT
INFO 2026-09-01 13:18:20,627 judge_handler Submission acknowledged: 281
INFO 2026-09-01 13:18:20,903 judge_handler HaiNamPCT: Submission generated compiler messages: 281
INFO 2026-09-01 13:18:20,909 judge_handler HaiNamPCT: Grading has begun on: 281
INFO 2026-09-01 13:18:21,136 judge_handler HaiNamPCT: 9 test case(s) completed on: 281
INFO 2026-09-01 13:18:21,376 judge_handler HaiNamPCT: 11 test case(s) completed on: 281
INFO 2026-09-01 13:18:21,389 judge_handler HaiNamPCT: Grading has ended on: 281
INFO 2026-09-01 13:18:21,389 judge_list Judge available after grading 281: HaiNamPCT
INFO 2026-09-01 13:19:10,539 judge_list Free judges: 1
INFO 2026-09-01 13:19:10,539 judge_list Dispatched submission 282 to: HaiNamPCT
INFO 2026-09-01 13:19:10,544 judge_handler Submission acknowledged: 282
INFO 2026-09-01 13:19:10,822 judge_handler HaiNamPCT: Submission generated compiler messages: 282
INFO 2026-09-01 13:19:10,828 judge_handler HaiNamPCT: Grading has begun on: 282
INFO 2026-09-01 13:19:10,915 judge_handler HaiNamPCT: 5 test case(s) completed on: 282
INFO 2026-09-01 13:19:11,167 judge_handler HaiNamPCT: 2 test case(s) completed on: 282
INFO 2026-09-01 13:19:11,417 judge_handler HaiNamPCT: 2 test case(s) completed on: 282
INFO 2026-09-01 13:19:11,667 judge_handler HaiNamPCT: 8 test case(s) completed on: 282
INFO 2026-09-01 13:19:11,690 judge_handler HaiNamPCT: 3 test case(s) completed on: 282
INFO 2026-09-01 13:19:11,699 judge_handler HaiNamPCT: Grading has ended on: 282
INFO 2026-09-01 13:19:11,699 judge_list Judge available after grading 282: HaiNamPCT
INFO 2026-09-01 13:21:12,486 judge_list Free judges: 1
INFO 2026-09-01 13:21:12,486 judge_list Dispatched submission 283 to: HaiNamPCT
INFO 2026-09-01 13:21:12,491 judge_handler Submission acknowledged: 283
INFO 2026-09-01 13:21:12,779 judge_handler HaiNamPCT: Submission generated compiler messages: 283
INFO 2026-09-01 13:21:12,785 judge_handler HaiNamPCT: Grading has begun on: 283
INFO 2026-09-01 13:21:12,985 judge_handler HaiNamPCT: 12 test case(s) completed on: 283
INFO 2026-09-01 13:21:13,117 judge_handler HaiNamPCT: 8 test case(s) completed on: 283
INFO 2026-09-01 13:21:13,128 judge_handler HaiNamPCT: Grading has ended on: 283
INFO 2026-09-01 13:21:13,128 judge_list Judge available after grading 283: HaiNamPCT
INFO 2026-09-01 13:22:58,982 judge_list Free judges: 1
INFO 2026-09-01 13:22:58,982 judge_list Dispatched submission 284 to: HaiNamPCT
INFO 2026-09-01 13:22:58,987 judge_handler Submission acknowledged: 284
INFO 2026-09-01 13:22:59,280 judge_handler HaiNamPCT: Submission generated compiler messages: 284
INFO 2026-09-01 13:22:59,286 judge_handler HaiNamPCT: Grading has begun on: 284
INFO 2026-09-01 13:22:59,546 judge_handler HaiNamPCT: 16 test case(s) completed on: 284
INFO 2026-09-01 13:22:59,605 judge_handler HaiNamPCT: 4 test case(s) completed on: 284
INFO 2026-09-01 13:22:59,615 judge_handler HaiNamPCT: Grading has ended on: 284
INFO 2026-09-01 13:22:59,615 judge_list Judge available after grading 284: HaiNamPCT
INFO 2026-09-01 13:23:56,043 judge_list Free judges: 1
INFO 2026-09-01 13:23:56,043 judge_list Dispatched submission 285 to: HaiNamPCT
INFO 2026-09-01 13:23:56,048 judge_handler Submission acknowledged: 285
INFO 2026-09-01 13:23:56,344 judge_handler HaiNamPCT: Submission generated compiler messages: 285
INFO 2026-09-01 13:23:56,350 judge_handler HaiNamPCT: Grading has begun on: 285
INFO 2026-09-01 13:23:56,584 judge_handler HaiNamPCT: 14 test case(s) completed on: 285
INFO 2026-09-01 13:23:56,675 judge_handler HaiNamPCT: 6 test case(s) completed on: 285
INFO 2026-09-01 13:23:56,685 judge_handler HaiNamPCT: Grading has ended on: 285
INFO 2026-09-01 13:23:56,685 judge_list Judge available after grading 285: HaiNamPCT
INFO 2026-09-01 13:24:55,100 judge_list Free judges: 1
INFO 2026-09-01 13:24:55,100 judge_list Dispatched submission 286 to: HaiNamPCT
INFO 2026-09-01 13:24:55,106 judge_handler Submission acknowledged: 286
INFO 2026-09-01 13:24:55,405 judge_handler HaiNamPCT: Submission generated compiler messages: 286
INFO 2026-09-01 13:24:55,412 judge_handler HaiNamPCT: Grading has begun on: 286
INFO 2026-09-01 13:24:55,618 judge_handler HaiNamPCT: 7 test case(s) completed on: 286
INFO 2026-09-01 13:24:55,869 judge_handler HaiNamPCT: 9 test case(s) completed on: 286
INFO 2026-09-01 13:24:55,966 judge_handler HaiNamPCT: 4 test case(s) completed on: 286
INFO 2026-09-01 13:24:55,975 judge_handler HaiNamPCT: Grading has ended on: 286
INFO 2026-09-01 13:24:55,975 judge_list Judge available after grading 286: HaiNamPCT
INFO 2026-09-01 13:26:15,783 judge_list Free judges: 1
INFO 2026-09-01 13:26:15,783 judge_list Dispatched submission 287 to: HaiNamPCT
INFO 2026-09-01 13:26:15,788 judge_handler Submission acknowledged: 287
INFO 2026-09-01 13:26:16,074 judge_handler HaiNamPCT: Submission generated compiler messages: 287
INFO 2026-09-01 13:26:16,082 judge_handler HaiNamPCT: Grading has begun on: 287
INFO 2026-09-01 13:26:16,166 judge_handler HaiNamPCT: 4 test case(s) completed on: 287
INFO 2026-09-01 13:26:16,414 judge_handler HaiNamPCT: 16 test case(s) completed on: 287
INFO 2026-09-01 13:26:16,426 judge_handler HaiNamPCT: Grading has ended on: 287
INFO 2026-09-01 13:26:16,427 judge_list Judge available after grading 287: HaiNamPCT
INFO 2026-09-01 13:27:55,847 judge_list Free judges: 1
INFO 2026-09-01 13:27:55,847 judge_list Dispatched submission 288 to: HaiNamPCT
INFO 2026-09-01 13:27:55,853 judge_handler Submission acknowledged: 288
INFO 2026-09-01 13:27:56,165 judge_handler HaiNamPCT: Submission generated compiler messages: 288
INFO 2026-09-01 13:27:56,171 judge_handler HaiNamPCT: Grading has begun on: 288
INFO 2026-09-01 13:27:56,228 judge_handler HaiNamPCT: 7 test case(s) completed on: 288
INFO 2026-09-01 13:27:56,326 judge_handler HaiNamPCT: 13 test case(s) completed on: 288
INFO 2026-09-01 13:27:56,337 judge_handler HaiNamPCT: Grading has ended on: 288
INFO 2026-09-01 13:27:56,337 judge_list Judge available after grading 288: HaiNamPCT
INFO 2026-09-01 13:28:53,402 judge_list Free judges: 1
INFO 2026-09-01 13:28:53,402 judge_list Dispatched submission 289 to: HaiNamPCT
INFO 2026-09-01 13:28:53,409 judge_handler Submission acknowledged: 289
INFO 2026-09-01 13:28:53,706 judge_handler HaiNamPCT: Submission generated compiler messages: 289
INFO 2026-09-01 13:28:53,712 judge_handler HaiNamPCT: Grading has begun on: 289
INFO 2026-09-01 13:28:53,765 judge_handler HaiNamPCT: 6 test case(s) completed on: 289
INFO 2026-09-01 13:28:53,892 judge_handler HaiNamPCT: 14 test case(s) completed on: 289
INFO 2026-09-01 13:28:53,904 judge_handler HaiNamPCT: Grading has ended on: 289
INFO 2026-09-01 13:28:53,904 judge_list Judge available after grading 289: HaiNamPCT
INFO 2026-09-01 13:30:44,571 judge_list Free judges: 1
INFO 2026-09-01 13:30:44,571 judge_list Dispatched submission 290 to: HaiNamPCT
INFO 2026-09-01 13:30:44,577 judge_handler Submission acknowledged: 290
INFO 2026-09-01 13:30:44,905 judge_handler HaiNamPCT: Submission generated compiler messages: 290
INFO 2026-09-01 13:30:44,911 judge_handler HaiNamPCT: Grading has begun on: 290
INFO 2026-09-01 13:30:45,085 judge_handler HaiNamPCT: 20 test case(s) completed on: 290
INFO 2026-09-01 13:30:45,096 judge_handler HaiNamPCT: Grading has ended on: 290
INFO 2026-09-01 13:30:45,097 judge_list Judge available after grading 290: HaiNamPCT
INFO 2026-09-01 13:31:49,639 judge_list Free judges: 1
INFO 2026-09-01 13:31:49,639 judge_list Dispatched submission 291 to: HaiNamPCT
INFO 2026-09-01 13:31:49,644 judge_handler Submission acknowledged: 291
INFO 2026-09-01 13:31:49,962 judge_handler HaiNamPCT: Submission generated compiler messages: 291
INFO 2026-09-01 13:31:49,971 judge_handler HaiNamPCT: Grading has begun on: 291
INFO 2026-09-01 13:31:50,127 judge_handler HaiNamPCT: 16 test case(s) completed on: 291
INFO 2026-09-01 13:31:50,154 judge_handler HaiNamPCT: 4 test case(s) completed on: 291
INFO 2026-09-01 13:31:50,166 judge_handler HaiNamPCT: Grading has ended on: 291
INFO 2026-09-01 13:31:50,166 judge_list Judge available after grading 291: HaiNamPCT
INFO 2026-09-01 13:32:55,755 judge_list Free judges: 1
INFO 2026-09-01 13:32:55,756 judge_list Dispatched submission 292 to: HaiNamPCT
INFO 2026-09-01 13:32:55,761 judge_handler Submission acknowledged: 292
INFO 2026-09-01 13:32:56,056 judge_handler HaiNamPCT: Submission generated compiler messages: 292
INFO 2026-09-01 13:32:56,065 judge_handler HaiNamPCT: Grading has begun on: 292
INFO 2026-09-01 13:32:56,165 judge_handler HaiNamPCT: 5 test case(s) completed on: 292
INFO 2026-09-01 13:32:56,416 judge_handler HaiNamPCT: 13 test case(s) completed on: 292
INFO 2026-09-01 13:32:56,446 judge_handler HaiNamPCT: 2 test case(s) completed on: 292
INFO 2026-09-01 13:32:56,457 judge_handler HaiNamPCT: Grading has ended on: 292
INFO 2026-09-01 13:32:56,457 judge_list Judge available after grading 292: HaiNamPCT
INFO 2026-09-01 13:34:07,869 judge_list Free judges: 1
INFO 2026-09-01 13:34:07,869 judge_list Dispatched submission 293 to: HaiNamPCT
INFO 2026-09-01 13:34:07,874 judge_handler Submission acknowledged: 293
INFO 2026-09-01 13:34:08,160 judge_handler HaiNamPCT: Submission generated compiler messages: 293
INFO 2026-09-01 13:34:08,166 judge_handler HaiNamPCT: Grading has begun on: 293
INFO 2026-09-01 13:34:08,210 judge_handler HaiNamPCT: 2 test case(s) completed on: 293
INFO 2026-09-01 13:34:08,460 judge_handler HaiNamPCT: 13 test case(s) completed on: 293
INFO 2026-09-01 13:34:08,549 judge_handler HaiNamPCT: 5 test case(s) completed on: 293
INFO 2026-09-01 13:34:08,558 judge_handler HaiNamPCT: Grading has ended on: 293
INFO 2026-09-01 13:34:08,558 judge_list Judge available after grading 293: HaiNamPCT
INFO 2026-09-01 13:35:16,770 judge_list Free judges: 1
INFO 2026-09-01 13:35:16,770 judge_list Dispatched submission 294 to: HaiNamPCT
INFO 2026-09-01 13:35:16,775 judge_handler Submission acknowledged: 294
INFO 2026-09-01 13:35:17,068 judge_handler HaiNamPCT: Submission generated compiler messages: 294
INFO 2026-09-01 13:35:17,075 judge_handler HaiNamPCT: Grading has begun on: 294
INFO 2026-09-01 13:35:17,250 judge_handler HaiNamPCT: 9 test case(s) completed on: 294
INFO 2026-09-01 13:35:17,452 judge_handler HaiNamPCT: 11 test case(s) completed on: 294
INFO 2026-09-01 13:35:17,461 judge_handler HaiNamPCT: Grading has ended on: 294
INFO 2026-09-01 13:35:17,462 judge_list Judge available after grading 294: HaiNamPCT
INFO 2026-09-01 13:36:09,127 judge_list Free judges: 1
INFO 2026-09-01 13:36:09,127 judge_list Dispatched submission 295 to: HaiNamPCT
INFO 2026-09-01 13:36:09,133 judge_handler Submission acknowledged: 295
INFO 2026-09-01 13:36:09,434 judge_handler HaiNamPCT: Submission generated compiler messages: 295
INFO 2026-09-01 13:36:09,440 judge_handler HaiNamPCT: Grading has begun on: 295
INFO 2026-09-01 13:36:09,533 judge_handler HaiNamPCT: 4 test case(s) completed on: 295
INFO 2026-09-01 13:36:09,784 judge_handler HaiNamPCT: 12 test case(s) completed on: 295
INFO 2026-09-01 13:36:09,853 judge_handler HaiNamPCT: 4 test case(s) completed on: 295
INFO 2026-09-01 13:36:09,863 judge_handler HaiNamPCT: Grading has ended on: 295
INFO 2026-09-01 13:36:09,863 judge_list Judge available after grading 295: HaiNamPCT
INFO 2026-09-01 13:37:12,264 judge_list Free judges: 1
INFO 2026-09-01 13:37:12,264 judge_list Dispatched submission 296 to: HaiNamPCT
INFO 2026-09-01 13:37:12,270 judge_handler Submission acknowledged: 296
INFO 2026-09-01 13:37:12,569 judge_handler HaiNamPCT: Submission generated compiler messages: 296
INFO 2026-09-01 13:37:12,574 judge_handler HaiNamPCT: Grading has begun on: 296
INFO 2026-09-01 13:37:12,823 judge_handler HaiNamPCT: 11 test case(s) completed on: 296
INFO 2026-09-01 13:37:13,022 judge_handler HaiNamPCT: 9 test case(s) completed on: 296
INFO 2026-09-01 13:37:13,031 judge_handler HaiNamPCT: Grading has ended on: 296
INFO 2026-09-01 13:37:13,032 judge_list Judge available after grading 296: HaiNamPCT
INFO 2026-09-01 13:38:04,063 judge_list Free judges: 1
INFO 2026-09-01 13:38:04,064 judge_list Dispatched submission 297 to: HaiNamPCT
INFO 2026-09-01 13:38:04,069 judge_handler Submission acknowledged: 297
INFO 2026-09-01 13:38:04,362 judge_handler HaiNamPCT: Submission generated compiler messages: 297
INFO 2026-09-01 13:38:04,369 judge_handler HaiNamPCT: Grading has begun on: 297
INFO 2026-09-01 13:38:04,602 judge_handler HaiNamPCT: 5 test case(s) completed on: 297
INFO 2026-09-01 13:38:04,852 judge_handler HaiNamPCT: 6 test case(s) completed on: 297
INFO 2026-09-01 13:38:05,103 judge_handler HaiNamPCT: 7 test case(s) completed on: 297
INFO 2026-09-01 13:38:05,185 judge_handler HaiNamPCT: 2 test case(s) completed on: 297
INFO 2026-09-01 13:38:05,197 judge_handler HaiNamPCT: Grading has ended on: 297
INFO 2026-09-01 13:38:05,197 judge_list Judge available after grading 297: HaiNamPCT
INFO 2026-09-01 14:55:09,730 judge_list Free judges: 1
INFO 2026-09-01 14:55:09,730 judge_list Dispatched submission 298 to: HaiNamPCT
INFO 2026-09-01 14:55:09,735 judge_handler Submission acknowledged: 298
INFO 2026-09-01 14:55:10,121 judge_handler HaiNamPCT: Submission generated compiler messages: 298
INFO 2026-09-01 14:55:10,136 judge_handler HaiNamPCT: Grading has begun on: 298
INFO 2026-09-01 14:55:10,339 judge_handler HaiNamPCT: 27 test case(s) completed on: 298
INFO 2026-09-01 14:55:10,589 judge_handler HaiNamPCT: 14 test case(s) completed on: 298
INFO 2026-09-01 14:55:10,729 judge_handler HaiNamPCT: 9 test case(s) completed on: 298
INFO 2026-09-01 14:55:10,737 judge_handler HaiNamPCT: Grading has ended on: 298
INFO 2026-09-01 14:55:10,737 judge_list Judge available after grading 298: HaiNamPCT
INFO 2026-09-01 15:00:05,450 judge_list Free judges: 1
INFO 2026-09-01 15:00:05,450 judge_list Dispatched submission 299 to: HaiNamPCT
INFO 2026-09-01 15:00:05,455 judge_handler Submission acknowledged: 299
INFO 2026-09-01 15:00:05,758 judge_handler HaiNamPCT: Submission generated compiler messages: 299
INFO 2026-09-01 15:00:05,765 judge_handler HaiNamPCT: Grading has begun on: 299
INFO 2026-09-01 15:00:06,013 judge_handler HaiNamPCT: 34 test case(s) completed on: 299
INFO 2026-09-01 15:00:06,263 judge_handler HaiNamPCT: 33 test case(s) completed on: 299
INFO 2026-09-01 15:00:06,499 judge_handler HaiNamPCT: 33 test case(s) completed on: 299
INFO 2026-09-01 15:00:06,514 judge_handler HaiNamPCT: Grading has ended on: 299
INFO 2026-09-01 15:00:06,514 judge_list Judge available after grading 299: HaiNamPCT
INFO 2026-09-01 15:04:00,680 judge_list Free judges: 1
INFO 2026-09-01 15:04:00,681 judge_list Dispatched submission 300 to: HaiNamPCT
INFO 2026-09-01 15:04:00,686 judge_handler Submission acknowledged: 300
INFO 2026-09-01 15:04:00,966 judge_handler HaiNamPCT: Submission generated compiler messages: 300
INFO 2026-09-01 15:04:00,972 judge_handler HaiNamPCT: Grading has begun on: 300
INFO 2026-09-01 15:04:01,123 judge_handler HaiNamPCT: 20 test case(s) completed on: 300
INFO 2026-09-01 15:04:01,135 judge_handler HaiNamPCT: Grading has ended on: 300
INFO 2026-09-01 15:04:01,136 judge_list Judge available after grading 300: HaiNamPCT
INFO 2026-09-02 03:02:51,648 judge_list Free judges: 1
INFO 2026-09-02 03:02:51,649 judge_list Dispatched submission 301 to: HaiNamPCT
INFO 2026-09-02 03:02:51,654 judge_handler Submission acknowledged: 301
INFO 2026-09-02 03:02:52,023 judge_handler HaiNamPCT: Submission generated compiler messages: 301
INFO 2026-09-02 03:02:52,028 judge_handler HaiNamPCT: Grading has begun on: 301
INFO 2026-09-02 03:02:52,268 judge_handler HaiNamPCT: 30 test case(s) completed on: 301
INFO 2026-09-02 03:02:52,519 judge_handler HaiNamPCT: 12 test case(s) completed on: 301
INFO 2026-09-02 03:02:52,644 judge_handler HaiNamPCT: 8 test case(s) completed on: 301
INFO 2026-09-02 03:02:52,655 judge_handler HaiNamPCT: Grading has ended on: 301
INFO 2026-09-02 03:02:52,655 judge_list Judge available after grading 301: HaiNamPCT
INFO 2026-09-02 03:06:29,797 judge_list Free judges: 1
INFO 2026-09-02 03:06:29,797 judge_list Dispatched submission 302 to: HaiNamPCT
INFO 2026-09-02 03:06:29,802 judge_handler Submission acknowledged: 302
INFO 2026-09-02 03:06:30,181 judge_handler HaiNamPCT: Submission generated compiler messages: 302
INFO 2026-09-02 03:06:30,187 judge_handler HaiNamPCT: Grading has begun on: 302
INFO 2026-09-02 03:06:30,400 judge_handler HaiNamPCT: 27 test case(s) completed on: 302
INFO 2026-09-02 03:06:30,650 judge_handler HaiNamPCT: 14 test case(s) completed on: 302
INFO 2026-09-02 03:06:30,799 judge_handler HaiNamPCT: 9 test case(s) completed on: 302
INFO 2026-09-02 03:06:30,809 judge_handler HaiNamPCT: Grading has ended on: 302
INFO 2026-09-02 03:06:30,809 judge_list Judge available after grading 302: HaiNamPCT
INFO 2026-09-02 05:01:10,571 judge_handler HaiNamPCT: Updated problem list
INFO 2026-09-02 05:01:13,572 judge_handler HaiNamPCT: Updated problem list
INFO 2026-09-02 05:01:16,987 judge_handler HaiNamPCT: Updated problem list
INFO 2026-09-02 05:01:19,988 judge_handler HaiNamPCT: Updated problem list
INFO 2026-09-02 05:01:33,860 judge_list Free judges: 1
INFO 2026-09-02 05:01:33,860 judge_list Dispatched submission 303 to: HaiNamPCT
INFO 2026-09-02 05:01:33,866 judge_handler Submission acknowledged: 303
INFO 2026-09-02 05:01:34,657 judge_handler HaiNamPCT: Submission generated compiler messages: 303
INFO 2026-09-02 05:01:34,664 judge_handler HaiNamPCT: Grading has begun on: 303
INFO 2026-09-02 05:01:34,759 judge_handler HaiNamPCT: 4 test case(s) completed on: 303
INFO 2026-09-02 05:01:35,009 judge_handler HaiNamPCT: 6 test case(s) completed on: 303
INFO 2026-09-02 05:01:35,176 judge_handler HaiNamPCT: 10 test case(s) completed on: 303
INFO 2026-09-02 05:01:35,186 judge_handler HaiNamPCT: Grading has ended on: 303
INFO 2026-09-02 05:01:35,186 judge_list Judge available after grading 303: HaiNamPCT
INFO 2026-09-02 05:06:58,458 judge_handler HaiNamPCT: Updated problem list
INFO 2026-09-02 05:07:01,459 judge_handler HaiNamPCT: Updated problem list
INFO 2026-09-02 05:07:04,460 judge_handler HaiNamPCT: Updated problem list
INFO 2026-09-02 05:07:44,173 judge_list Free judges: 1
INFO 2026-09-02 05:07:44,173 judge_list Dispatched submission 304 to: HaiNamPCT
INFO 2026-09-02 05:07:44,178 judge_handler Submission acknowledged: 304
INFO 2026-09-02 05:07:45,021 judge_handler HaiNamPCT: Submission generated compiler messages: 304
INFO 2026-09-02 05:07:45,027 judge_handler HaiNamPCT: Grading has begun on: 304
INFO 2026-09-02 05:07:45,235 judge_handler HaiNamPCT: 11 test case(s) completed on: 304
INFO 2026-09-02 05:07:45,379 judge_handler HaiNamPCT: 9 test case(s) completed on: 304
INFO 2026-09-02 05:07:45,390 judge_handler HaiNamPCT: Grading has ended on: 304
INFO 2026-09-02 05:07:45,390 judge_list Judge available after grading 304: HaiNamPCT
INFO 2026-09-02 05:17:02,495 judge_handler HaiNamPCT: Updated problem list
INFO 2026-09-02 05:17:43,118 judge_handler HaiNamPCT: Updated problem list
INFO 2026-09-02 05:17:50,024 judge_handler HaiNamPCT: Updated problem list
INFO 2026-09-02 05:17:58,460 judge_handler HaiNamPCT: Updated problem list
INFO 2026-09-02 05:18:01,461 judge_handler HaiNamPCT: Updated problem list
INFO 2026-09-02 05:21:03,459 judge_list Free judges: 1
INFO 2026-09-02 05:21:03,459 judge_list Dispatched submission 305 to: HaiNamPCT
INFO 2026-09-02 05:21:03,465 judge_handler Submission acknowledged: 305
INFO 2026-09-02 05:21:04,099 judge_handler HaiNamPCT: Submission failed to compile: 305
INFO 2026-09-02 05:21:04,099 judge_list Judge available after grading 305: HaiNamPCT
INFO 2026-09-02 05:21:17,825 judge_list Free judges: 1
INFO 2026-09-02 05:21:17,825 judge_list Dispatched submission 306 to: HaiNamPCT
INFO 2026-09-02 05:21:17,832 judge_handler Submission acknowledged: 306
INFO 2026-09-02 05:21:18,530 judge_handler HaiNamPCT: Submission generated compiler messages: 306
INFO 2026-09-02 05:21:18,536 judge_handler HaiNamPCT: Grading has begun on: 306
INFO 2026-09-02 05:21:18,545 judge_handler HaiNamPCT: 1 test case(s) completed on: 306
INFO 2026-09-02 05:21:18,551 judge_handler HaiNamPCT: Grading has ended on: 306
INFO 2026-09-02 05:21:18,551 judge_list Judge available after grading 306: HaiNamPCT
INFO 2026-09-02 05:48:39,190 judge_list Free judges: 1
INFO 2026-09-02 05:48:39,191 judge_list Dispatched submission 307 to: HaiNamPCT
INFO 2026-09-02 05:48:39,197 judge_handler Submission acknowledged: 307
INFO 2026-09-02 05:48:39,857 judge_handler HaiNamPCT: Submission generated compiler messages: 307
INFO 2026-09-02 05:48:39,864 judge_handler HaiNamPCT: Grading has begun on: 307
INFO 2026-09-02 05:48:39,876 judge_handler HaiNamPCT: 1 test case(s) completed on: 307
INFO 2026-09-02 05:48:39,883 judge_handler HaiNamPCT: Grading has ended on: 307
INFO 2026-09-02 05:48:39,883 judge_list Judge available after grading 307: HaiNamPCT
INFO 2026-09-02 06:35:57,011 judge_list Free judges: 1
INFO 2026-09-02 06:35:57,012 judge_list Dispatched submission 308 to: HaiNamPCT
INFO 2026-09-02 06:35:57,018 judge_handler Submission acknowledged: 308
INFO 2026-09-02 06:35:57,712 judge_handler HaiNamPCT: Submission generated compiler messages: 308
INFO 2026-09-02 06:35:57,717 judge_handler HaiNamPCT: Grading has begun on: 308
INFO 2026-09-02 06:35:57,726 judge_handler HaiNamPCT: 1 test case(s) completed on: 308
INFO 2026-09-02 06:35:57,734 judge_handler HaiNamPCT: Grading has ended on: 308
INFO 2026-09-02 06:35:57,734 judge_list Judge available after grading 308: HaiNamPCT
INFO 2026-09-02 06:48:54,704 judge_list Free judges: 1
INFO 2026-09-02 06:48:54,705 judge_list Dispatched submission 309 to: HaiNamPCT
INFO 2026-09-02 06:48:54,710 judge_handler Submission acknowledged: 309
INFO 2026-09-02 06:48:55,061 judge_handler HaiNamPCT: Submission generated compiler messages: 309
INFO 2026-09-02 06:48:55,066 judge_handler HaiNamPCT: Grading has begun on: 309
INFO 2026-09-02 06:48:55,201 judge_handler HaiNamPCT: 20 test case(s) completed on: 309
INFO 2026-09-02 06:48:55,215 judge_handler HaiNamPCT: Grading has ended on: 309
INFO 2026-09-02 06:48:55,215 judge_list Judge available after grading 309: HaiNamPCT
INFO 2026-09-02 06:52:21,170 judge_list Free judges: 1
INFO 2026-09-02 06:52:21,170 judge_list Dispatched submission 310 to: HaiNamPCT
INFO 2026-09-02 06:52:21,176 judge_handler Submission acknowledged: 310
INFO 2026-09-02 06:52:21,528 judge_handler HaiNamPCT: Submission generated compiler messages: 310
INFO 2026-09-02 06:52:21,534 judge_handler HaiNamPCT: Grading has begun on: 310
INFO 2026-09-02 06:52:21,582 judge_handler HaiNamPCT: 7 test case(s) completed on: 310
INFO 2026-09-02 06:52:21,670 judge_handler HaiNamPCT: 13 test case(s) completed on: 310
INFO 2026-09-02 06:52:21,681 judge_handler HaiNamPCT: Grading has ended on: 310
INFO 2026-09-02 06:52:21,682 judge_list Judge available after grading 310: HaiNamPCT
INFO 2026-09-02 06:55:27,956 judge_list Free judges: 1
INFO 2026-09-02 06:55:27,956 judge_list Dispatched submission 311 to: HaiNamPCT
INFO 2026-09-02 06:55:27,961 judge_handler Submission acknowledged: 311
INFO 2026-09-02 06:55:28,542 judge_handler HaiNamPCT: Submission generated compiler messages: 311
INFO 2026-09-02 06:55:28,550 judge_handler HaiNamPCT: Grading has begun on: 311
INFO 2026-09-02 06:55:28,685 judge_handler HaiNamPCT: 16 test case(s) completed on: 311
INFO 2026-09-02 06:55:28,716 judge_handler HaiNamPCT: 4 test case(s) completed on: 311
INFO 2026-09-02 06:55:28,726 judge_handler HaiNamPCT: Grading has ended on: 311
INFO 2026-09-02 06:55:28,726 judge_list Judge available after grading 311: HaiNamPCT
INFO 2026-09-02 06:55:49,469 judge_list Free judges: 1
INFO 2026-09-02 06:55:49,469 judge_list Dispatched submission 312 to: HaiNamPCT
INFO 2026-09-02 06:55:49,475 judge_handler Submission acknowledged: 312
INFO 2026-09-02 06:55:49,948 judge_handler HaiNamPCT: Submission generated compiler messages: 312
INFO 2026-09-02 06:55:49,955 judge_handler HaiNamPCT: Grading has begun on: 312
INFO 2026-09-02 06:55:50,098 judge_handler HaiNamPCT: 20 test case(s) completed on: 312
INFO 2026-09-02 06:55:50,111 judge_handler HaiNamPCT: Grading has ended on: 312
INFO 2026-09-02 06:55:50,111 judge_list Judge available after grading 312: HaiNamPCT
INFO 2026-09-02 06:56:22,300 judge_list Free judges: 1
INFO 2026-09-02 06:56:22,300 judge_list Dispatched submission 313 to: HaiNamPCT
INFO 2026-09-02 06:56:22,305 judge_handler Submission acknowledged: 313
INFO 2026-09-02 06:56:22,945 judge_handler HaiNamPCT: Submission generated compiler messages: 313
INFO 2026-09-02 06:56:22,951 judge_handler HaiNamPCT: Grading has begun on: 313
INFO 2026-09-02 06:56:23,217 judge_handler HaiNamPCT: 13 test case(s) completed on: 313
INFO 2026-09-02 06:56:23,338 judge_handler HaiNamPCT: 7 test case(s) completed on: 313
INFO 2026-09-02 06:56:23,349 judge_handler HaiNamPCT: Grading has ended on: 313
INFO 2026-09-02 06:56:23,349 judge_list Judge available after grading 313: HaiNamPCT
INFO 2026-09-02 06:56:42,104 judge_list Free judges: 1
INFO 2026-09-02 06:56:42,104 judge_list Dispatched submission 314 to: HaiNamPCT
INFO 2026-09-02 06:56:42,110 judge_handler Submission acknowledged: 314
INFO 2026-09-02 06:56:42,615 judge_handler HaiNamPCT: Submission generated compiler messages: 314
INFO 2026-09-02 06:56:42,622 judge_handler HaiNamPCT: Grading has begun on: 314
INFO 2026-09-02 06:56:42,728 judge_handler HaiNamPCT: 6 test case(s) completed on: 314
INFO 2026-09-02 06:56:42,978 judge_handler HaiNamPCT: 8 test case(s) completed on: 314
INFO 2026-09-02 06:56:43,023 judge_handler HaiNamPCT: 6 test case(s) completed on: 314
INFO 2026-09-02 06:56:43,032 judge_handler HaiNamPCT: Grading has ended on: 314
INFO 2026-09-02 06:56:43,032 judge_list Judge available after grading 314: HaiNamPCT
INFO 2026-09-02 06:57:00,721 judge_list Free judges: 1
INFO 2026-09-02 06:57:00,721 judge_list Dispatched submission 315 to: HaiNamPCT
INFO 2026-09-02 06:57:00,727 judge_handler Submission acknowledged: 315
INFO 2026-09-02 06:57:01,201 judge_handler HaiNamPCT: Submission generated compiler messages: 315
INFO 2026-09-02 06:57:01,210 judge_handler HaiNamPCT: Grading has begun on: 315
INFO 2026-09-02 06:57:01,240 judge_handler HaiNamPCT: 4 test case(s) completed on: 315
INFO 2026-09-02 06:57:01,359 judge_handler HaiNamPCT: 16 test case(s) completed on: 315
INFO 2026-09-02 06:57:01,372 judge_handler HaiNamPCT: Grading has ended on: 315
INFO 2026-09-02 06:57:01,372 judge_list Judge available after grading 315: HaiNamPCT
INFO 2026-09-02 06:58:01,068 judge_list Free judges: 1
INFO 2026-09-02 06:58:01,068 judge_list Dispatched submission 316 to: HaiNamPCT
INFO 2026-09-02 06:58:01,074 judge_handler Submission acknowledged: 316
INFO 2026-09-02 06:58:01,376 judge_handler HaiNamPCT: Submission generated compiler messages: 316
INFO 2026-09-02 06:58:01,382 judge_handler HaiNamPCT: Grading has begun on: 316
INFO 2026-09-02 06:58:01,525 judge_handler HaiNamPCT: 15 test case(s) completed on: 316
INFO 2026-09-02 06:58:01,774 judge_handler HaiNamPCT: 29 test case(s) completed on: 316
INFO 2026-09-02 06:58:02,025 judge_handler HaiNamPCT: 34 test case(s) completed on: 316
INFO 2026-09-02 06:58:02,180 judge_handler HaiNamPCT: 22 test case(s) completed on: 316
INFO 2026-09-02 06:58:02,195 judge_handler HaiNamPCT: Grading has ended on: 316
INFO 2026-09-02 06:58:02,195 judge_list Judge available after grading 316: HaiNamPCT
INFO 2026-09-02 07:00:19,083 judge_list Free judges: 1
INFO 2026-09-02 07:00:19,083 judge_list Dispatched submission 317 to: HaiNamPCT
INFO 2026-09-02 07:00:19,090 judge_handler Submission acknowledged: 317
INFO 2026-09-02 07:00:19,384 judge_handler HaiNamPCT: Submission generated compiler messages: 317
INFO 2026-09-02 07:00:19,396 judge_handler HaiNamPCT: Grading has begun on: 317
INFO 2026-09-02 07:00:19,600 judge_handler HaiNamPCT: 29 test case(s) completed on: 317
INFO 2026-09-02 07:00:19,851 judge_handler HaiNamPCT: 37 test case(s) completed on: 317
INFO 2026-09-02 07:00:20,087 judge_handler HaiNamPCT: 34 test case(s) completed on: 317
INFO 2026-09-02 07:00:20,101 judge_handler HaiNamPCT: Grading has ended on: 317
INFO 2026-09-02 07:00:20,101 judge_list Judge available after grading 317: HaiNamPCT
INFO 2026-09-02 07:20:37,717 judge_list Free judges: 1
INFO 2026-09-02 07:20:37,717 judge_list Dispatched submission 318 to: HaiNamPCT
INFO 2026-09-02 07:20:37,723 judge_handler Submission acknowledged: 318
INFO 2026-09-02 07:20:38,013 judge_handler HaiNamPCT: Submission generated compiler messages: 318
INFO 2026-09-02 07:20:38,027 judge_handler HaiNamPCT: Grading has begun on: 318
INFO 2026-09-02 07:20:38,050 judge_handler HaiNamPCT: 3 test case(s) completed on: 318
INFO 2026-09-02 07:20:38,301 judge_handler HaiNamPCT: 26 test case(s) completed on: 318
INFO 2026-09-02 07:20:38,551 judge_handler HaiNamPCT: 6 test case(s) completed on: 318
INFO 2026-09-02 07:20:38,802 judge_handler HaiNamPCT: 3 test case(s) completed on: 318
INFO 2026-09-02 07:20:39,052 judge_handler HaiNamPCT: 2 test case(s) completed on: 318
INFO 2026-09-02 07:20:41,553 judge_handler HaiNamPCT: 1 test case(s) completed on: 318
INFO 2026-09-02 07:20:43,804 judge_handler HaiNamPCT: 1 test case(s) completed on: 318
INFO 2026-09-02 07:20:46,055 judge_handler HaiNamPCT: 1 test case(s) completed on: 318
INFO 2026-09-02 07:20:48,306 judge_handler HaiNamPCT: 2 test case(s) completed on: 318
INFO 2026-09-02 07:20:50,153 judge_handler HaiNamPCT: 5 test case(s) completed on: 318
INFO 2026-09-02 07:20:50,163 judge_handler HaiNamPCT: Grading has ended on: 318
INFO 2026-09-02 07:20:50,163 judge_list Judge available after grading 318: HaiNamPCT
INFO 2026-09-02 07:23:08,393 judge_list Free judges: 1
INFO 2026-09-02 07:23:08,393 judge_list Dispatched submission 319 to: HaiNamPCT
INFO 2026-09-02 07:23:08,399 judge_handler Submission acknowledged: 319
INFO 2026-09-02 07:23:08,689 judge_handler HaiNamPCT: Submission generated compiler messages: 319
INFO 2026-09-02 07:23:08,696 judge_handler HaiNamPCT: Grading has begun on: 319
INFO 2026-09-02 07:23:08,892 judge_handler HaiNamPCT: 28 test case(s) completed on: 319
INFO 2026-09-02 07:23:09,143 judge_handler HaiNamPCT: 6 test case(s) completed on: 319
INFO 2026-09-02 07:23:09,394 judge_handler HaiNamPCT: 3 test case(s) completed on: 319
INFO 2026-09-02 07:23:09,645 judge_handler HaiNamPCT: 4 test case(s) completed on: 319
INFO 2026-09-02 07:23:09,896 judge_handler HaiNamPCT: 4 test case(s) completed on: 319
INFO 2026-09-02 07:23:09,970 judge_handler HaiNamPCT: 5 test case(s) completed on: 319
INFO 2026-09-02 07:23:09,980 judge_handler HaiNamPCT: Grading has ended on: 319
INFO 2026-09-02 07:23:09,980 judge_list Judge available after grading 319: HaiNamPCT
INFO 2026-09-02 08:40:41,918 judge_list Free judges: 1
INFO 2026-09-02 08:40:41,919 judge_list Dispatched submission 320 to: HaiNamPCT
INFO 2026-09-02 08:40:41,924 judge_handler Submission acknowledged: 320
INFO 2026-09-02 08:40:42,290 judge_handler HaiNamPCT: Submission generated compiler messages: 320
INFO 2026-09-02 08:40:42,304 judge_handler HaiNamPCT: Grading has begun on: 320
INFO 2026-09-02 08:40:42,354 judge_handler HaiNamPCT: 6 test case(s) completed on: 320
INFO 2026-09-02 08:40:42,605 judge_handler HaiNamPCT: 36 test case(s) completed on: 320
INFO 2026-09-02 08:40:42,658 judge_handler HaiNamPCT: 8 test case(s) completed on: 320
INFO 2026-09-02 08:40:42,666 judge_handler HaiNamPCT: Grading has ended on: 320
INFO 2026-09-02 08:40:42,667 judge_list Judge available after grading 320: HaiNamPCT
INFO 2026-09-02 09:47:58,226 judge_list Free judges: 1
INFO 2026-09-02 09:47:58,226 judge_list Dispatched submission 321 to: HaiNamPCT
INFO 2026-09-02 09:47:58,231 judge_handler Submission acknowledged: 321
INFO 2026-09-02 09:47:58,580 judge_handler HaiNamPCT: Submission generated compiler messages: 321
INFO 2026-09-02 09:47:58,587 judge_handler HaiNamPCT: Grading has begun on: 321
INFO 2026-09-02 09:47:58,690 judge_handler HaiNamPCT: 5 test case(s) completed on: 321
INFO 2026-09-02 09:47:58,914 judge_handler HaiNamPCT: 11 test case(s) completed on: 321
INFO 2026-09-02 09:47:58,926 judge_handler HaiNamPCT: Grading has ended on: 321
INFO 2026-09-02 09:47:58,926 judge_list Judge available after grading 321: HaiNamPCT
INFO 2026-09-02 09:55:11,773 judge_list Free judges: 1
INFO 2026-09-02 09:55:11,774 judge_list Dispatched submission 322 to: HaiNamPCT
INFO 2026-09-02 09:55:11,779 judge_handler Submission acknowledged: 322
INFO 2026-09-02 09:55:12,122 judge_handler HaiNamPCT: Submission generated compiler messages: 322
INFO 2026-09-02 09:55:12,131 judge_handler HaiNamPCT: Grading has begun on: 322
INFO 2026-09-02 09:55:12,140 judge_handler HaiNamPCT: Batch began on: 322
INFO 2026-09-02 09:55:12,142 judge_handler HaiNamPCT: 3 test case(s) completed on: 322
INFO 2026-09-02 09:55:12,153 judge_handler HaiNamPCT: Batch ended on: 322
INFO 2026-09-02 09:55:12,153 judge_handler HaiNamPCT: Batch began on: 322
INFO 2026-09-02 09:55:12,153 judge_handler HaiNamPCT: 2 test case(s) completed on: 322
INFO 2026-09-02 09:55:12,167 judge_handler HaiNamPCT: Batch ended on: 322
INFO 2026-09-02 09:55:12,167 judge_handler HaiNamPCT: Batch began on: 322
INFO 2026-09-02 09:55:12,215 judge_handler HaiNamPCT: 4 test case(s) completed on: 322
INFO 2026-09-02 09:55:12,230 judge_handler HaiNamPCT: Batch ended on: 322
INFO 2026-09-02 09:55:12,230 judge_handler HaiNamPCT: Grading has ended on: 322
INFO 2026-09-02 09:55:12,230 judge_list Judge available after grading 322: HaiNamPCT
INFO 2026-09-02 10:02:57,226 judge_list Free judges: 1
INFO 2026-09-02 10:02:57,226 judge_list Dispatched submission 323 to: HaiNamPCT
INFO 2026-09-02 10:02:57,232 judge_handler Submission acknowledged: 323
INFO 2026-09-02 10:02:57,580 judge_handler HaiNamPCT: Submission generated compiler messages: 323
INFO 2026-09-02 10:02:57,586 judge_handler HaiNamPCT: Grading has begun on: 323
INFO 2026-09-02 10:02:57,596 judge_handler HaiNamPCT: Batch began on: 323
INFO 2026-09-02 10:02:57,611 judge_handler HaiNamPCT: 3 test case(s) completed on: 323
INFO 2026-09-02 10:02:57,621 judge_handler HaiNamPCT: Batch ended on: 323
INFO 2026-09-02 10:02:57,621 judge_handler HaiNamPCT: Batch began on: 323
INFO 2026-09-02 10:02:57,632 judge_handler HaiNamPCT: 2 test case(s) completed on: 323
INFO 2026-09-02 10:02:57,643 judge_handler HaiNamPCT: Batch ended on: 323
INFO 2026-09-02 10:02:57,643 judge_handler HaiNamPCT: Batch began on: 323
INFO 2026-09-02 10:02:57,710 judge_handler HaiNamPCT: 1 test case(s) completed on: 323
INFO 2026-09-02 10:02:57,782 judge_handler HaiNamPCT: 3 test case(s) completed on: 323
INFO 2026-09-02 10:02:57,792 judge_handler HaiNamPCT: Batch ended on: 323
INFO 2026-09-02 10:02:57,792 judge_handler HaiNamPCT: Grading has ended on: 323
INFO 2026-09-02 10:02:57,792 judge_list Judge available after grading 323: HaiNamPCT
INFO 2026-09-02 13:20:37,320 judge_list Free judges: 1
INFO 2026-09-02 13:20:37,320 judge_list Dispatched submission 324 to: HaiNamPCT
INFO 2026-09-02 13:20:37,325 judge_handler Submission acknowledged: 324
INFO 2026-09-02 13:20:37,692 judge_handler HaiNamPCT: Submission generated compiler messages: 324
INFO 2026-09-02 13:20:37,698 judge_handler HaiNamPCT: Grading has begun on: 324
INFO 2026-09-02 13:20:37,719 judge_handler HaiNamPCT: 2 test case(s) completed on: 324
INFO 2026-09-02 13:20:37,838 judge_handler HaiNamPCT: 18 test case(s) completed on: 324
INFO 2026-09-02 13:20:37,851 judge_handler HaiNamPCT: Grading has ended on: 324
INFO 2026-09-02 13:20:37,852 judge_list Judge available after grading 324: HaiNamPCT
INFO 2026-09-03 02:43:27,931 judge_list Free judges: 1
INFO 2026-09-03 02:43:27,932 judge_list Dispatched submission 325 to: HaiNamPCT
INFO 2026-09-03 02:43:27,938 judge_handler Submission acknowledged: 325
INFO 2026-09-03 02:43:28,681 judge_handler HaiNamPCT: Submission generated compiler messages: 325
INFO 2026-09-03 02:43:28,689 judge_handler HaiNamPCT: Grading has begun on: 325
INFO 2026-09-03 02:43:28,870 judge_handler HaiNamPCT: 24 test case(s) completed on: 325
INFO 2026-09-03 02:43:29,070 judge_handler HaiNamPCT: 26 test case(s) completed on: 325
INFO 2026-09-03 02:43:29,081 judge_handler HaiNamPCT: Grading has ended on: 325
INFO 2026-09-03 02:43:29,081 judge_list Judge available after grading 325: HaiNamPCT
INFO 2026-09-08 13:52:37,407 judge_list Free judges: 1
INFO 2026-09-08 13:52:37,409 judge_list Dispatched submission 326 to: HaiNamPCT
INFO 2026-09-08 13:52:37,415 judge_handler Submission acknowledged: 326
INFO 2026-09-08 13:52:40,369 judge_handler HaiNamPCT: Submission generated compiler messages: 326
INFO 2026-09-08 13:52:40,374 judge_handler HaiNamPCT: Grading has begun on: 326
INFO 2026-09-08 13:52:40,415 judge_handler HaiNamPCT: 2 test case(s) completed on: 326
INFO 2026-09-08 13:52:40,630 judge_handler HaiNamPCT: 18 test case(s) completed on: 326
INFO 2026-09-08 13:52:40,643 judge_handler HaiNamPCT: Grading has ended on: 326
INFO 2026-09-08 13:52:40,643 judge_list Judge available after grading 326: HaiNamPCT
INFO 2026-09-08 13:53:34,970 judge_list Free judges: 1
INFO 2026-09-08 13:53:34,970 judge_list Dispatched submission 327 to: HaiNamPCT
INFO 2026-09-08 13:53:34,975 judge_handler Submission acknowledged: 327
INFO 2026-09-08 13:53:35,273 judge_handler HaiNamPCT: Submission generated compiler messages: 327
INFO 2026-09-08 13:53:35,281 judge_handler HaiNamPCT: Grading has begun on: 327
INFO 2026-09-08 13:53:35,429 judge_handler HaiNamPCT: 20 test case(s) completed on: 327
INFO 2026-09-08 13:53:35,442 judge_handler HaiNamPCT: Grading has ended on: 327
INFO 2026-09-08 13:53:35,442 judge_list Judge available after grading 327: HaiNamPCT
INFO 2026-09-08 13:55:31,580 judge_list Free judges: 1
INFO 2026-09-08 13:55:31,580 judge_list Dispatched submission 328 to: HaiNamPCT
INFO 2026-09-08 13:55:31,585 judge_handler Submission acknowledged: 328
INFO 2026-09-08 13:55:31,877 judge_handler HaiNamPCT: Submission generated compiler messages: 328
INFO 2026-09-08 13:55:31,882 judge_handler HaiNamPCT: Grading has begun on: 328
INFO 2026-09-08 13:55:32,028 judge_handler HaiNamPCT: 5 test case(s) completed on: 328
INFO 2026-09-08 13:55:32,279 judge_handler HaiNamPCT: 7 test case(s) completed on: 328
INFO 2026-09-08 13:55:32,362 judge_handler HaiNamPCT: 8 test case(s) completed on: 328
INFO 2026-09-08 13:55:32,372 judge_handler HaiNamPCT: Grading has ended on: 328
INFO 2026-09-08 13:55:32,372 judge_list Judge available after grading 328: HaiNamPCT
INFO 2026-09-08 13:56:18,800 judge_list Free judges: 1
INFO 2026-09-08 13:56:18,801 judge_list Dispatched submission 329 to: HaiNamPCT
INFO 2026-09-08 13:56:18,806 judge_handler Submission acknowledged: 329
INFO 2026-09-08 13:56:19,084 judge_handler HaiNamPCT: Submission generated compiler messages: 329
INFO 2026-09-08 13:56:19,094 judge_handler HaiNamPCT: Grading has begun on: 329
INFO 2026-09-08 13:56:19,312 judge_handler HaiNamPCT: 19 test case(s) completed on: 329
INFO 2026-09-08 13:56:19,327 judge_handler HaiNamPCT: 1 test case(s) completed on: 329
INFO 2026-09-08 13:56:19,334 judge_handler HaiNamPCT: Grading has ended on: 329
INFO 2026-09-08 13:56:19,334 judge_list Judge available after grading 329: HaiNamPCT
INFO 2026-09-08 13:57:07,996 judge_list Free judges: 1
INFO 2026-09-08 13:57:07,996 judge_list Dispatched submission 330 to: HaiNamPCT
INFO 2026-09-08 13:57:08,002 judge_handler Submission acknowledged: 330
INFO 2026-09-08 13:57:08,268 judge_handler HaiNamPCT: Submission generated compiler messages: 330
INFO 2026-09-08 13:57:08,274 judge_handler HaiNamPCT: Grading has begun on: 330
INFO 2026-09-08 13:57:08,342 judge_handler HaiNamPCT: 5 test case(s) completed on: 330
INFO 2026-09-08 13:57:08,505 judge_handler HaiNamPCT: 15 test case(s) completed on: 330
INFO 2026-09-08 13:57:08,517 judge_handler HaiNamPCT: Grading has ended on: 330
INFO 2026-09-08 13:57:08,517 judge_list Judge available after grading 330: HaiNamPCT
INFO 2026-09-09 07:12:47,964 judge_list Free judges: 1
INFO 2026-09-09 07:12:47,964 judge_list Dispatched submission 331 to: HaiNamPCT
INFO 2026-09-09 07:12:47,970 judge_handler Submission acknowledged: 331
INFO 2026-09-09 07:12:48,256 judge_handler HaiNamPCT: Submission generated compiler messages: 331
INFO 2026-09-09 07:12:48,262 judge_handler HaiNamPCT: Grading has begun on: 331
INFO 2026-09-09 07:12:48,406 judge_handler HaiNamPCT: 20 test case(s) completed on: 331
INFO 2026-09-09 07:12:48,416 judge_handler HaiNamPCT: Grading has ended on: 331
INFO 2026-09-09 07:12:48,416 judge_list Judge available after grading 331: HaiNamPCT
INFO 2026-09-09 07:13:14,270 judge_list Free judges: 1
INFO 2026-09-09 07:13:14,270 judge_list Dispatched submission 332 to: HaiNamPCT
INFO 2026-09-09 07:13:14,275 judge_handler Submission acknowledged: 332
INFO 2026-09-09 07:13:14,556 judge_handler HaiNamPCT: Submission generated compiler messages: 332
INFO 2026-09-09 07:13:14,571 judge_handler HaiNamPCT: Grading has begun on: 332
INFO 2026-09-09 07:13:14,702 judge_handler HaiNamPCT: 17 test case(s) completed on: 332
INFO 2026-09-09 07:13:14,723 judge_handler HaiNamPCT: 3 test case(s) completed on: 332
INFO 2026-09-09 07:13:14,732 judge_handler HaiNamPCT: Grading has ended on: 332
INFO 2026-09-09 07:13:14,732 judge_list Judge available after grading 332: HaiNamPCT
INFO 2026-09-09 07:13:30,575 judge_list Free judges: 1
INFO 2026-09-09 07:13:30,575 judge_list Dispatched submission 333 to: HaiNamPCT
INFO 2026-09-09 07:13:30,581 judge_handler Submission acknowledged: 333
INFO 2026-09-09 07:13:30,860 judge_handler HaiNamPCT: Submission generated compiler messages: 333
INFO 2026-09-09 07:13:30,867 judge_handler HaiNamPCT: Grading has begun on: 333
INFO 2026-09-09 07:13:30,963 judge_handler HaiNamPCT: 12 test case(s) completed on: 333
INFO 2026-09-09 07:13:31,027 judge_handler HaiNamPCT: 8 test case(s) completed on: 333
INFO 2026-09-09 07:13:31,037 judge_handler HaiNamPCT: Grading has ended on: 333
INFO 2026-09-09 07:13:31,037 judge_list Judge available after grading 333: HaiNamPCT
INFO 2026-09-09 07:24:11,944 judge_list Free judges: 1
INFO 2026-09-09 07:24:11,944 judge_list Dispatched submission 334 to: HaiNamPCT
INFO 2026-09-09 07:24:11,949 judge_handler Submission acknowledged: 334
INFO 2026-09-09 07:24:13,659 judge_handler HaiNamPCT: Submission failed to compile: 334
INFO 2026-09-09 07:24:13,659 judge_list Judge available after grading 334: HaiNamPCT
INFO 2026-09-09 07:24:28,413 judge_list Free judges: 1
INFO 2026-09-09 07:24:28,414 judge_list Dispatched submission 335 to: HaiNamPCT
INFO 2026-09-09 07:24:28,419 judge_handler Submission acknowledged: 335
INFO 2026-09-09 07:24:28,840 judge_handler HaiNamPCT: Submission generated compiler messages: 335
INFO 2026-09-09 07:24:28,846 judge_handler HaiNamPCT: Grading has begun on: 335
INFO 2026-09-09 07:24:28,856 judge_handler HaiNamPCT: 1 test case(s) completed on: 335
INFO 2026-09-09 07:24:28,864 judge_handler HaiNamPCT: Grading has ended on: 335
INFO 2026-09-09 07:24:28,864 judge_list Judge available after grading 335: HaiNamPCT
INFO 2026-09-09 07:24:52,106 judge_list Free judges: 1
INFO 2026-09-09 07:24:52,106 judge_list Dispatched submission 336 to: HaiNamPCT
INFO 2026-09-09 07:24:52,111 judge_handler Submission acknowledged: 336
INFO 2026-09-09 07:24:52,535 judge_handler HaiNamPCT: Submission generated compiler messages: 336
INFO 2026-09-09 07:24:52,542 judge_handler HaiNamPCT: Grading has begun on: 336
INFO 2026-09-09 07:24:52,552 judge_handler HaiNamPCT: 1 test case(s) completed on: 336
INFO 2026-09-09 07:24:52,560 judge_handler HaiNamPCT: Grading has ended on: 336
INFO 2026-09-09 07:24:52,560 judge_list Judge available after grading 336: HaiNamPCT
INFO 2026-09-10 09:02:18,062 judge_handler HaiNamPCT: Updated problem list
INFO 2026-09-10 09:03:02,749 judge_handler HaiNamPCT: Updated problem list
INFO 2026-09-10 09:03:23,136 judge_handler HaiNamPCT: Updated problem list
INFO 2026-09-10 09:03:28,806 judge_handler HaiNamPCT: Updated problem list
INFO 2026-09-10 09:03:31,808 judge_handler HaiNamPCT: Updated problem list
INFO 2026-09-10 09:03:54,856 judge_list Free judges: 1
INFO 2026-09-10 09:03:54,856 judge_list Dispatched submission 337 to: HaiNamPCT
INFO 2026-09-10 09:03:54,865 judge_handler Submission acknowledged: 337
INFO 2026-09-10 09:03:57,069 judge_handler HaiNamPCT: Submission generated compiler messages: 337
INFO 2026-09-10 09:03:57,074 judge_handler HaiNamPCT: Grading has begun on: 337
INFO 2026-09-10 09:03:57,161 judge_handler HaiNamPCT: 3 test case(s) completed on: 337
INFO 2026-09-10 09:03:57,177 judge_handler HaiNamPCT: 2 test case(s) completed on: 337
INFO 2026-09-10 09:03:57,188 judge_handler HaiNamPCT: Grading has ended on: 337
INFO 2026-09-10 09:03:57,188 judge_list Judge available after grading 337: HaiNamPCT
INFO 2026-09-10 09:05:08,438 judge_list Free judges: 1
INFO 2026-09-10 09:05:08,439 judge_list Dispatched submission 338 to: HaiNamPCT
INFO 2026-09-10 09:05:08,444 judge_handler Submission acknowledged: 338
INFO 2026-09-10 09:05:08,835 judge_handler HaiNamPCT: Submission generated compiler messages: 338
INFO 2026-09-10 09:05:08,843 judge_handler HaiNamPCT: Grading has begun on: 338
INFO 2026-09-10 09:05:08,884 judge_handler HaiNamPCT: 5 test case(s) completed on: 338
INFO 2026-09-10 09:05:08,895 judge_handler HaiNamPCT: Grading has ended on: 338
INFO 2026-09-10 09:05:08,895 judge_list Judge available after grading 338: HaiNamPCT
INFO 2026-09-10 09:05:15,453 judge_list Free judges: 1
INFO 2026-09-10 09:05:15,453 judge_list Dispatched submission 339 to: HaiNamPCT
INFO 2026-09-10 09:05:15,459 judge_handler Submission acknowledged: 339
INFO 2026-09-10 09:05:15,689 judge_handler HaiNamPCT: Submission failed to compile: 339
INFO 2026-09-10 09:05:15,689 judge_list Judge available after grading 339: HaiNamPCT
INFO 2026-09-10 09:05:16,911 judge_list Free judges: 1
INFO 2026-09-10 09:05:16,911 judge_list Dispatched submission 340 to: HaiNamPCT
INFO 2026-09-10 09:05:16,918 judge_handler Submission acknowledged: 340
INFO 2026-09-10 09:05:17,130 judge_handler HaiNamPCT: Submission failed to compile: 340
INFO 2026-09-10 09:05:17,133 judge_list Judge available after grading 340: HaiNamPCT
INFO 2026-09-10 09:05:28,908 judge_list Free judges: 1
INFO 2026-09-10 09:05:28,908 judge_list Dispatched submission 341 to: HaiNamPCT
INFO 2026-09-10 09:05:28,914 judge_handler Submission acknowledged: 341
INFO 2026-09-10 09:05:29,266 judge_handler HaiNamPCT: Submission generated compiler messages: 341
INFO 2026-09-10 09:05:29,274 judge_handler HaiNamPCT: Grading has begun on: 341
INFO 2026-09-10 09:05:29,327 judge_handler HaiNamPCT: 5 test case(s) completed on: 341
INFO 2026-09-10 09:05:29,336 judge_handler HaiNamPCT: Grading has ended on: 341
INFO 2026-09-10 09:05:29,336 judge_list Judge available after grading 341: HaiNamPCT
INFO 2026-09-10 09:05:34,743 judge_list Free judges: 1
INFO 2026-09-10 09:05:34,744 judge_list Dispatched submission 342 to: HaiNamPCT
INFO 2026-09-10 09:05:34,751 judge_handler Submission acknowledged: 342
INFO 2026-09-10 09:05:34,966 judge_handler HaiNamPCT: Submission failed to compile: 342
INFO 2026-09-10 09:05:34,967 judge_list Judge available after grading 342: HaiNamPCT
INFO 2026-09-10 09:05:47,476 judge_list Free judges: 1
INFO 2026-09-10 09:05:47,476 judge_list Dispatched submission 343 to: HaiNamPCT
INFO 2026-09-10 09:05:47,481 judge_handler Submission acknowledged: 343
INFO 2026-09-10 09:05:47,777 judge_handler HaiNamPCT: Submission generated compiler messages: 343
INFO 2026-09-10 09:05:47,783 judge_handler HaiNamPCT: Grading has begun on: 343
INFO 2026-09-10 09:05:47,836 judge_handler HaiNamPCT: 5 test case(s) completed on: 343
INFO 2026-09-10 09:05:47,846 judge_handler HaiNamPCT: Grading has ended on: 343
INFO 2026-09-10 09:05:47,846 judge_list Judge available after grading 343: HaiNamPCT
INFO 2026-09-10 09:06:09,206 judge_list Free judges: 1
INFO 2026-09-10 09:06:09,207 judge_list Dispatched submission 341 to: HaiNamPCT
INFO 2026-09-10 09:06:09,213 judge_handler Submission acknowledged: 341
INFO 2026-09-10 09:06:09,561 judge_handler HaiNamPCT: Submission generated compiler messages: 341
INFO 2026-09-10 09:06:09,568 judge_handler HaiNamPCT: Grading has begun on: 341
INFO 2026-09-10 09:06:09,611 judge_handler HaiNamPCT: 5 test case(s) completed on: 341
INFO 2026-09-10 09:06:09,622 judge_handler HaiNamPCT: Grading has ended on: 341
INFO 2026-09-10 09:06:09,623 judge_list Judge available after grading 341: HaiNamPCT
INFO 2026-09-10 09:07:05,760 judge_list Free judges: 1
INFO 2026-09-10 09:07:05,760 judge_list Dispatched submission 344 to: HaiNamPCT
INFO 2026-09-10 09:07:05,765 judge_handler Submission acknowledged: 344
INFO 2026-09-10 09:07:06,285 judge_handler HaiNamPCT: Submission generated compiler messages: 344
INFO 2026-09-10 09:07:06,292 judge_handler HaiNamPCT: Grading has begun on: 344
INFO 2026-09-10 09:07:06,333 judge_handler HaiNamPCT: 5 test case(s) completed on: 344
INFO 2026-09-10 09:07:06,344 judge_handler HaiNamPCT: Grading has ended on: 344
INFO 2026-09-10 09:07:06,344 judge_list Judge available after grading 344: HaiNamPCT
INFO 2026-09-10 09:07:41,505 judge_list Free judges: 1
INFO 2026-09-10 09:07:41,505 judge_list Dispatched submission 345 to: HaiNamPCT
INFO 2026-09-10 09:07:41,511 judge_handler Submission acknowledged: 345
INFO 2026-09-10 09:07:41,896 judge_handler HaiNamPCT: Submission generated compiler messages: 345
INFO 2026-09-10 09:07:41,903 judge_handler HaiNamPCT: Grading has begun on: 345
INFO 2026-09-10 09:07:41,948 judge_handler HaiNamPCT: 5 test case(s) completed on: 345
INFO 2026-09-10 09:07:41,957 judge_handler HaiNamPCT: Grading has ended on: 345
INFO 2026-09-10 09:07:41,958 judge_list Judge available after grading 345: HaiNamPCT
INFO 2026-09-10 09:08:39,101 judge_list Free judges: 1
INFO 2026-09-10 09:08:39,101 judge_list Dispatched submission 346 to: HaiNamPCT
INFO 2026-09-10 09:08:39,107 judge_handler Submission acknowledged: 346
INFO 2026-09-10 09:08:39,456 judge_handler HaiNamPCT: Submission generated compiler messages: 346
INFO 2026-09-10 09:08:39,464 judge_handler HaiNamPCT: Grading has begun on: 346
INFO 2026-09-10 09:08:39,503 judge_handler HaiNamPCT: 5 test case(s) completed on: 346
INFO 2026-09-10 09:08:39,521 judge_handler HaiNamPCT: Grading has ended on: 346
INFO 2026-09-10 09:08:39,521 judge_list Judge available after grading 346: HaiNamPCT
INFO 2026-09-10 15:50:03,292 judge_list Free judges: 1
INFO 2026-09-10 15:50:03,293 judge_list Dispatched submission 347 to: HaiNamPCT
INFO 2026-09-10 15:50:03,298 judge_handler Submission acknowledged: 347
INFO 2026-09-10 15:50:04,255 judge_handler HaiNamPCT: Submission generated compiler messages: 347
INFO 2026-09-10 15:50:04,264 judge_handler HaiNamPCT: Grading has begun on: 347
INFO 2026-09-10 15:50:04,302 judge_handler HaiNamPCT: 5 test case(s) completed on: 347
INFO 2026-09-10 15:50:04,311 judge_handler HaiNamPCT: Grading has ended on: 347
INFO 2026-09-10 15:50:04,312 judge_list Judge available after grading 347: HaiNamPCT
INFO 2026-09-10 15:51:21,090 judge_list Free judges: 1
INFO 2026-09-10 15:51:21,090 judge_list Dispatched submission 348 to: HaiNamPCT
INFO 2026-09-10 15:51:21,096 judge_handler Submission acknowledged: 348
INFO 2026-09-10 15:51:21,430 judge_handler HaiNamPCT: Submission generated compiler messages: 348
INFO 2026-09-10 15:51:21,438 judge_handler HaiNamPCT: Grading has begun on: 348
INFO 2026-09-10 15:51:21,475 judge_handler HaiNamPCT: 5 test case(s) completed on: 348
INFO 2026-09-10 15:51:21,484 judge_handler HaiNamPCT: Grading has ended on: 348
INFO 2026-09-10 15:51:21,484 judge_list Judge available after grading 348: HaiNamPCT
INFO 2026-09-11 08:54:28,575 judge_list Free judges: 1
INFO 2026-09-11 08:54:28,575 judge_list Dispatched submission 349 to: HaiNamPCT
INFO 2026-09-11 08:54:28,581 judge_handler Submission acknowledged: 349
INFO 2026-09-11 08:54:28,861 judge_handler HaiNamPCT: Submission generated compiler messages: 349
INFO 2026-09-11 08:54:28,867 judge_handler HaiNamPCT: Grading has begun on: 349
INFO 2026-09-11 08:54:28,943 judge_handler HaiNamPCT: 7 test case(s) completed on: 349
INFO 2026-09-11 08:54:29,194 judge_handler HaiNamPCT: 3 test case(s) completed on: 349
INFO 2026-09-11 08:54:29,445 judge_handler HaiNamPCT: 3 test case(s) completed on: 349
INFO 2026-09-11 08:54:29,499 judge_handler HaiNamPCT: 7 test case(s) completed on: 349
INFO 2026-09-11 08:54:29,509 judge_handler HaiNamPCT: Grading has ended on: 349
INFO 2026-09-11 08:54:29,509 judge_list Judge available after grading 349: HaiNamPCT
INFO 2026-09-12 06:53:03,078 daemon Exiting due to SIGINT
INFO 2026-09-12 06:53:32,183 judge_handler Judge connected from: ('127.0.0.1', 52978)
INFO 2026-09-12 06:53:32,190 judge_handler Judge authenticated: ('127.0.0.1', 52978) (HaiNamPCT)
INFO 2026-09-12 06:53:36,910 daemon Exiting due to SIGINT
INFO 2026-09-12 06:54:00,435 judge_handler Judge connected from: ('127.0.0.1', 56450)
INFO 2026-09-12 06:54:00,438 judge_handler Judge authenticated: ('127.0.0.1', 56450) (HaiNamPCT)
INFO 2026-09-13 01:12:11,629 judge_list Free judges: 1
INFO 2026-09-13 01:12:11,629 judge_list Dispatched submission 350 to: HaiNamPCT
INFO 2026-09-13 01:12:11,635 judge_handler Submission acknowledged: 350
INFO 2026-09-13 01:12:12,571 judge_handler HaiNamPCT: Submission generated compiler messages: 350
INFO 2026-09-13 01:12:12,577 judge_handler HaiNamPCT: Grading has begun on: 350
INFO 2026-09-13 01:12:12,693 judge_handler HaiNamPCT: 16 test case(s) completed on: 350
INFO 2026-09-13 01:12:12,702 judge_handler HaiNamPCT: Grading has ended on: 350
INFO 2026-09-13 01:12:12,702 judge_list Judge available after grading 350: HaiNamPCT
