Usage: celery [OPTIONS] [COMMAND] [ARGS]...
Try 'celery --help' for help.

Error: 
Unable to load celery application.
The module dmoj_celery was not found.
Usage: celery [OPTIONS] [COMMAND] [ARGS]...
Try 'celery --help' for help.

Error: 
Unable to load celery application.
The module dmoj_celery was not found.
Usage: celery [OPTIONS] [COMMAND] [ARGS]...
Try 'celery --help' for help.

Error: 
Unable to load celery application.
The module dmoj_celery was not found.
Usage: celery [OPTIONS] [COMMAND] [ARGS]...
Try 'celery --help' for help.

Error: 
Unable to load celery application.
The module dmoj_celery was not found.
Usage: celery [OPTIONS] [COMMAND] [ARGS]...
Try 'celery --help' for help.

Error: 
Unable to load celery application.
The module dmoj_celery was not found.
Usage: celery [OPTIONS] [COMMAND] [ARGS]...
Try 'celery --help' for help.

Error: 
Unable to load celery application.
The module dmoj_celery was not found.
Usage: celery [OPTIONS] [COMMAND] [ARGS]...
Try 'celery --help' for help.

Error: 
Unable to load celery application.
The module dmoj_celery was not found.
Usage: celery [OPTIONS] [COMMAND] [ARGS]...
Try 'celery --help' for help.

Error: 
Unable to load celery application.
The module dmoj_celery was not found.
Usage: celery [OPTIONS] [COMMAND] [ARGS]...
Try 'celery --help' for help.

Error: 
Unable to load celery application.
The module dmoj_celery was not found.
Usage: celery [OPTIONS] [COMMAND] [ARGS]...
Try 'celery --help' for help.

Error: 
Unable to load celery application.
The module dmoj_celery was not found.
Usage: celery [OPTIONS] [COMMAND] [ARGS]...
Try 'celery --help' for help.

Error: 
Unable to load celery application.
The module dmoj_celery was not found.
Usage: celery [OPTIONS] [COMMAND] [ARGS]...
Try 'celery --help' for help.

Error: 
Unable to load celery application.
The module dmoj_celery was not found.
Usage: celery [OPTIONS] [COMMAND] [ARGS]...
Try 'celery --help' for help.

Error: 
Unable to load celery application.
The module dmoj_celery was not found.
Usage: celery [OPTIONS] [COMMAND] [ARGS]...
Try 'celery --help' for help.

Error: 
Unable to load celery application.
The module dmoj_celery was not found.
Usage: celery [OPTIONS] [COMMAND] [ARGS]...
Try 'celery --help' for help.

Error: 
Unable to load celery application.
The module dmoj_celery was not found.
Usage: celery [OPTIONS] [COMMAND] [ARGS]...
Try 'celery --help' for help.

Error: 
Unable to load celery application.
The module dmoj_celery was not found.
Usage: celery [OPTIONS] [COMMAND] [ARGS]...
Try 'celery --help' for help.

Error: 
Unable to load celery application.
The module dmoj_celery was not found.
[2026-08-22 03:07:35,874: WARNING/MainProcess] consumer: Connection to broker lost. Trying to re-establish the connection...
Traceback (most recent call last):
  File "/home/ubuntu/tmath/.venv/lib/python3.12/site-packages/redis/retry.py", line 120, in call_with_retry
    return do()
           ^^^^
  File "/home/ubuntu/tmath/.venv/lib/python3.12/site-packages/redis/client.py", line 1308, in <lambda>
    lambda: command(*args, **kwargs),
            ^^^^^^^^^^^^^^^^^^^^^^^^
  File "/home/ubuntu/tmath/.venv/lib/python3.12/site-packages/redis/client.py", line 1395, in try_read
    return conn.read_response(
           ^^^^^^^^^^^^^^^^^^^
  File "/home/ubuntu/tmath/.venv/lib/python3.12/site-packages/redis/connection.py", line 1407, in read_response
    response = self._parser.read_response(
               ^^^^^^^^^^^^^^^^^^^^^^^^^^^
  File "/home/ubuntu/tmath/.venv/lib/python3.12/site-packages/redis/_parsers/resp3.py", line 40, in read_response
    result = self._read_response(
             ^^^^^^^^^^^^^^^^^^^^
  File "/home/ubuntu/tmath/.venv/lib/python3.12/site-packages/redis/_parsers/resp3.py", line 65, in _read_response
    raw = self._buffer.readline(timeout=timeout)
          ^^^^^^^^^^^^^^^^^^^^^^^^^^^^^^^^^^^^^^
  File "/home/ubuntu/tmath/.venv/lib/python3.12/site-packages/redis/_parsers/socket.py", line 117, in readline
    self._read_from_socket(timeout=timeout)
  File "/home/ubuntu/tmath/.venv/lib/python3.12/site-packages/redis/_parsers/socket.py", line 67, in _read_from_socket
    raise ConnectionError(SERVER_CLOSED_CONNECTION_ERROR)
redis.exceptions.ConnectionError: Connection closed by server.

During handling of the above exception, another exception occurred:

Traceback (most recent call last):
  File "/home/ubuntu/tmath/.venv/lib/python3.12/site-packages/redis/connection.py", line 1055, in connect_check_health
    sock = self._connect()
           ^^^^^^^^^^^^^^^
  File "/home/ubuntu/tmath/.venv/lib/python3.12/site-packages/redis/connection.py", line 1617, in _connect
    raise err
  File "/home/ubuntu/tmath/.venv/lib/python3.12/site-packages/redis/connection.py", line 1601, in _connect
    sock.connect(socket_address)
ConnectionRefusedError: [Errno 111] Connection refused

During handling of the above exception, another exception occurred:

Traceback (most recent call last):
  File "/home/ubuntu/tmath/.venv/lib/python3.12/site-packages/celery/worker/consumer/consumer.py", line 346, in start
    blueprint.start(self)
  File "/home/ubuntu/tmath/.venv/lib/python3.12/site-packages/celery/bootsteps.py", line 116, in start
    step.start(parent)
  File "/home/ubuntu/tmath/.venv/lib/python3.12/site-packages/celery/worker/consumer/consumer.py", line 788, in start
    c.loop(*c.loop_args())
  File "/home/ubuntu/tmath/.venv/lib/python3.12/site-packages/celery/worker/loops.py", line 97, in asynloop
    next(loop)
  File "/home/ubuntu/tmath/.venv/lib/python3.12/site-packages/kombu/asynchronous/hub.py", line 377, in create_loop
    cb(*cbargs)
  File "/home/ubuntu/tmath/.venv/lib/python3.12/site-packages/kombu/transport/redis.py", line 1394, in on_readable
    self.cycle.on_readable(fileno)
  File "/home/ubuntu/tmath/.venv/lib/python3.12/site-packages/kombu/transport/redis.py", line 579, in on_readable
    chan.handlers[type]()
  File "/home/ubuntu/tmath/.venv/lib/python3.12/site-packages/kombu/transport/redis.py", line 931, in _receive
    ret.append(self._receive_one(c))
               ^^^^^^^^^^^^^^^^^^^^
  File "/home/ubuntu/tmath/.venv/lib/python3.12/site-packages/kombu/transport/redis.py", line 941, in _receive_one
    response = c.parse_response()
               ^^^^^^^^^^^^^^^^^^
  File "/home/ubuntu/tmath/.venv/lib/python3.12/site-packages/redis/client.py", line 1399, in parse_response
    response = self._execute(conn, try_read)
               ^^^^^^^^^^^^^^^^^^^^^^^^^^^^^
  File "/home/ubuntu/tmath/.venv/lib/python3.12/site-packages/redis/client.py", line 1307, in _execute
    response = conn.retry.call_with_retry(
               ^^^^^^^^^^^^^^^^^^^^^^^^^^^
  File "/home/ubuntu/tmath/.venv/lib/python3.12/site-packages/redis/retry.py", line 127, in call_with_retry
    fail(error, failures)
  File "/home/ubuntu/tmath/.venv/lib/python3.12/site-packages/redis/client.py", line 1304, in failure_callback
    self._reconnect(conn, error, failure_count, start_time, command_name)
  File "/home/ubuntu/tmath/.venv/lib/python3.12/site-packages/redis/client.py", line 1278, in _reconnect
    conn.connect()
  File "/home/ubuntu/tmath/.venv/lib/python3.12/site-packages/redis/connection.py", line 1028, in connect
    self.retry.call_with_retry(
  File "/home/ubuntu/tmath/.venv/lib/python3.12/site-packages/redis/retry.py", line 132, in call_with_retry
    raise error
  File "/home/ubuntu/tmath/.venv/lib/python3.12/site-packages/redis/retry.py", line 120, in call_with_retry
    return do()
           ^^^^
  File "/home/ubuntu/tmath/.venv/lib/python3.12/site-packages/redis/connection.py", line 1029, in <lambda>
    lambda: self.connect_check_health(
            ^^^^^^^^^^^^^^^^^^^^^^^^^^
  File "/home/ubuntu/tmath/.venv/lib/python3.12/site-packages/redis/connection.py", line 1077, in connect_check_health
    raise e
redis.exceptions.ConnectionError: Error 111 connecting to localhost:6379. Connection refused.
[2026-08-22 03:07:36,010: WARNING/MainProcess] /home/ubuntu/tmath/.venv/lib/python3.12/site-packages/celery/worker/consumer/consumer.py:397: CPendingDeprecationWarning: 
In Celery 5.1 we introduced an optional breaking change which
on connection loss cancels all currently executed tasks with late acknowledgement enabled.
These tasks cannot be acknowledged as the connection is gone, and the tasks are automatically redelivered
back to the queue. You can enable this behavior using the worker_cancel_long_running_tasks_on_connection_loss
setting. In Celery 5.1 it is set to False by default. The setting will be set to True by default in Celery 6.0.

  warnings.warn(CANCEL_TASKS_BY_DEFAULT, CPendingDeprecationWarning)

[2026-08-22 03:07:36,029: ERROR/MainProcess] consumer: Cannot connect to redis://localhost:6379//: Error 111 connecting to localhost:6379. Connection refused..
Trying again in 2.00 seconds... (1/100)

[2026-08-27 06:34:40,891: WARNING/MainProcess] consumer: Connection to broker lost. Trying to re-establish the connection...
Traceback (most recent call last):
  File "/home/ubuntu/tmath/.venv/lib/python3.12/site-packages/redis/retry.py", line 120, in call_with_retry
    return do()
           ^^^^
  File "/home/ubuntu/tmath/.venv/lib/python3.12/site-packages/redis/client.py", line 1308, in <lambda>
    lambda: command(*args, **kwargs),
            ^^^^^^^^^^^^^^^^^^^^^^^^
  File "/home/ubuntu/tmath/.venv/lib/python3.12/site-packages/redis/client.py", line 1395, in try_read
    return conn.read_response(
           ^^^^^^^^^^^^^^^^^^^
  File "/home/ubuntu/tmath/.venv/lib/python3.12/site-packages/redis/connection.py", line 1407, in read_response
    response = self._parser.read_response(
               ^^^^^^^^^^^^^^^^^^^^^^^^^^^
  File "/home/ubuntu/tmath/.venv/lib/python3.12/site-packages/redis/_parsers/resp3.py", line 40, in read_response
    result = self._read_response(
             ^^^^^^^^^^^^^^^^^^^^
  File "/home/ubuntu/tmath/.venv/lib/python3.12/site-packages/redis/_parsers/resp3.py", line 65, in _read_response
    raw = self._buffer.readline(timeout=timeout)
          ^^^^^^^^^^^^^^^^^^^^^^^^^^^^^^^^^^^^^^
  File "/home/ubuntu/tmath/.venv/lib/python3.12/site-packages/redis/_parsers/socket.py", line 117, in readline
    self._read_from_socket(timeout=timeout)
  File "/home/ubuntu/tmath/.venv/lib/python3.12/site-packages/redis/_parsers/socket.py", line 67, in _read_from_socket
    raise ConnectionError(SERVER_CLOSED_CONNECTION_ERROR)
redis.exceptions.ConnectionError: Connection closed by server.

During handling of the above exception, another exception occurred:

Traceback (most recent call last):
  File "/home/ubuntu/tmath/.venv/lib/python3.12/site-packages/redis/connection.py", line 1055, in connect_check_health
    sock = self._connect()
           ^^^^^^^^^^^^^^^
  File "/home/ubuntu/tmath/.venv/lib/python3.12/site-packages/redis/connection.py", line 1617, in _connect
    raise err
  File "/home/ubuntu/tmath/.venv/lib/python3.12/site-packages/redis/connection.py", line 1601, in _connect
    sock.connect(socket_address)
ConnectionRefusedError: [Errno 111] Connection refused

During handling of the above exception, another exception occurred:

Traceback (most recent call last):
  File "/home/ubuntu/tmath/.venv/lib/python3.12/site-packages/celery/worker/consumer/consumer.py", line 346, in start
    blueprint.start(self)
  File "/home/ubuntu/tmath/.venv/lib/python3.12/site-packages/celery/bootsteps.py", line 116, in start
    step.start(parent)
  File "/home/ubuntu/tmath/.venv/lib/python3.12/site-packages/celery/worker/consumer/consumer.py", line 788, in start
    c.loop(*c.loop_args())
  File "/home/ubuntu/tmath/.venv/lib/python3.12/site-packages/celery/worker/loops.py", line 97, in asynloop
    next(loop)
  File "/home/ubuntu/tmath/.venv/lib/python3.12/site-packages/kombu/asynchronous/hub.py", line 377, in create_loop
    cb(*cbargs)
  File "/home/ubuntu/tmath/.venv/lib/python3.12/site-packages/kombu/transport/redis.py", line 1394, in on_readable
    self.cycle.on_readable(fileno)
  File "/home/ubuntu/tmath/.venv/lib/python3.12/site-packages/kombu/transport/redis.py", line 579, in on_readable
    chan.handlers[type]()
  File "/home/ubuntu/tmath/.venv/lib/python3.12/site-packages/kombu/transport/redis.py", line 931, in _receive
    ret.append(self._receive_one(c))
               ^^^^^^^^^^^^^^^^^^^^
  File "/home/ubuntu/tmath/.venv/lib/python3.12/site-packages/kombu/transport/redis.py", line 941, in _receive_one
    response = c.parse_response()
               ^^^^^^^^^^^^^^^^^^
  File "/home/ubuntu/tmath/.venv/lib/python3.12/site-packages/redis/client.py", line 1399, in parse_response
    response = self._execute(conn, try_read)
               ^^^^^^^^^^^^^^^^^^^^^^^^^^^^^
  File "/home/ubuntu/tmath/.venv/lib/python3.12/site-packages/redis/client.py", line 1307, in _execute
    response = conn.retry.call_with_retry(
               ^^^^^^^^^^^^^^^^^^^^^^^^^^^
  File "/home/ubuntu/tmath/.venv/lib/python3.12/site-packages/redis/retry.py", line 127, in call_with_retry
    fail(error, failures)
  File "/home/ubuntu/tmath/.venv/lib/python3.12/site-packages/redis/client.py", line 1304, in failure_callback
    self._reconnect(conn, error, failure_count, start_time, command_name)
  File "/home/ubuntu/tmath/.venv/lib/python3.12/site-packages/redis/client.py", line 1278, in _reconnect
    conn.connect()
  File "/home/ubuntu/tmath/.venv/lib/python3.12/site-packages/redis/connection.py", line 1028, in connect
    self.retry.call_with_retry(
  File "/home/ubuntu/tmath/.venv/lib/python3.12/site-packages/redis/retry.py", line 132, in call_with_retry
    raise error
  File "/home/ubuntu/tmath/.venv/lib/python3.12/site-packages/redis/retry.py", line 120, in call_with_retry
    return do()
           ^^^^
  File "/home/ubuntu/tmath/.venv/lib/python3.12/site-packages/redis/connection.py", line 1029, in <lambda>
    lambda: self.connect_check_health(
            ^^^^^^^^^^^^^^^^^^^^^^^^^^
  File "/home/ubuntu/tmath/.venv/lib/python3.12/site-packages/redis/connection.py", line 1077, in connect_check_health
    raise e
redis.exceptions.ConnectionError: Error 111 connecting to localhost:6379. Connection refused.
[2026-08-27 06:34:40,966: WARNING/MainProcess] /home/ubuntu/tmath/.venv/lib/python3.12/site-packages/celery/worker/consumer/consumer.py:397: CPendingDeprecationWarning: 
In Celery 5.1 we introduced an optional breaking change which
on connection loss cancels all currently executed tasks with late acknowledgement enabled.
These tasks cannot be acknowledged as the connection is gone, and the tasks are automatically redelivered
back to the queue. You can enable this behavior using the worker_cancel_long_running_tasks_on_connection_loss
setting. In Celery 5.1 it is set to False by default. The setting will be set to True by default in Celery 6.0.

  warnings.warn(CANCEL_TASKS_BY_DEFAULT, CPendingDeprecationWarning)

[2026-08-27 06:34:41,005: ERROR/MainProcess] consumer: Cannot connect to redis://localhost:6379//: Error 111 connecting to localhost:6379. Connection refused..
Trying again in 2.00 seconds... (1/100)

[2026-09-02 06:19:01,795: WARNING/MainProcess] consumer: Connection to broker lost. Trying to re-establish the connection...
Traceback (most recent call last):
  File "/home/ubuntu/tmath/.venv/lib/python3.12/site-packages/redis/retry.py", line 120, in call_with_retry
    return do()
           ^^^^
  File "/home/ubuntu/tmath/.venv/lib/python3.12/site-packages/redis/client.py", line 1308, in <lambda>
    lambda: command(*args, **kwargs),
            ^^^^^^^^^^^^^^^^^^^^^^^^
  File "/home/ubuntu/tmath/.venv/lib/python3.12/site-packages/redis/client.py", line 1395, in try_read
    return conn.read_response(
           ^^^^^^^^^^^^^^^^^^^
  File "/home/ubuntu/tmath/.venv/lib/python3.12/site-packages/redis/connection.py", line 1407, in read_response
    response = self._parser.read_response(
               ^^^^^^^^^^^^^^^^^^^^^^^^^^^
  File "/home/ubuntu/tmath/.venv/lib/python3.12/site-packages/redis/_parsers/resp3.py", line 40, in read_response
    result = self._read_response(
             ^^^^^^^^^^^^^^^^^^^^
  File "/home/ubuntu/tmath/.venv/lib/python3.12/site-packages/redis/_parsers/resp3.py", line 65, in _read_response
    raw = self._buffer.readline(timeout=timeout)
          ^^^^^^^^^^^^^^^^^^^^^^^^^^^^^^^^^^^^^^
  File "/home/ubuntu/tmath/.venv/lib/python3.12/site-packages/redis/_parsers/socket.py", line 117, in readline
    self._read_from_socket(timeout=timeout)
  File "/home/ubuntu/tmath/.venv/lib/python3.12/site-packages/redis/_parsers/socket.py", line 67, in _read_from_socket
    raise ConnectionError(SERVER_CLOSED_CONNECTION_ERROR)
redis.exceptions.ConnectionError: Connection closed by server.

During handling of the above exception, another exception occurred:

Traceback (most recent call last):
  File "/home/ubuntu/tmath/.venv/lib/python3.12/site-packages/redis/connection.py", line 1055, in connect_check_health
    sock = self._connect()
           ^^^^^^^^^^^^^^^
  File "/home/ubuntu/tmath/.venv/lib/python3.12/site-packages/redis/connection.py", line 1617, in _connect
    raise err
  File "/home/ubuntu/tmath/.venv/lib/python3.12/site-packages/redis/connection.py", line 1601, in _connect
    sock.connect(socket_address)
ConnectionRefusedError: [Errno 111] Connection refused

During handling of the above exception, another exception occurred:

Traceback (most recent call last):
  File "/home/ubuntu/tmath/.venv/lib/python3.12/site-packages/celery/worker/consumer/consumer.py", line 346, in start
    blueprint.start(self)
  File "/home/ubuntu/tmath/.venv/lib/python3.12/site-packages/celery/bootsteps.py", line 116, in start
    step.start(parent)
  File "/home/ubuntu/tmath/.venv/lib/python3.12/site-packages/celery/worker/consumer/consumer.py", line 788, in start
    c.loop(*c.loop_args())
  File "/home/ubuntu/tmath/.venv/lib/python3.12/site-packages/celery/worker/loops.py", line 97, in asynloop
    next(loop)
  File "/home/ubuntu/tmath/.venv/lib/python3.12/site-packages/kombu/asynchronous/hub.py", line 377, in create_loop
    cb(*cbargs)
  File "/home/ubuntu/tmath/.venv/lib/python3.12/site-packages/kombu/transport/redis.py", line 1394, in on_readable
    self.cycle.on_readable(fileno)
  File "/home/ubuntu/tmath/.venv/lib/python3.12/site-packages/kombu/transport/redis.py", line 579, in on_readable
    chan.handlers[type]()
  File "/home/ubuntu/tmath/.venv/lib/python3.12/site-packages/kombu/transport/redis.py", line 931, in _receive
    ret.append(self._receive_one(c))
               ^^^^^^^^^^^^^^^^^^^^
  File "/home/ubuntu/tmath/.venv/lib/python3.12/site-packages/kombu/transport/redis.py", line 941, in _receive_one
    response = c.parse_response()
               ^^^^^^^^^^^^^^^^^^
  File "/home/ubuntu/tmath/.venv/lib/python3.12/site-packages/redis/client.py", line 1399, in parse_response
    response = self._execute(conn, try_read)
               ^^^^^^^^^^^^^^^^^^^^^^^^^^^^^
  File "/home/ubuntu/tmath/.venv/lib/python3.12/site-packages/redis/client.py", line 1307, in _execute
    response = conn.retry.call_with_retry(
               ^^^^^^^^^^^^^^^^^^^^^^^^^^^
  File "/home/ubuntu/tmath/.venv/lib/python3.12/site-packages/redis/retry.py", line 127, in call_with_retry
    fail(error, failures)
  File "/home/ubuntu/tmath/.venv/lib/python3.12/site-packages/redis/client.py", line 1304, in failure_callback
    self._reconnect(conn, error, failure_count, start_time, command_name)
  File "/home/ubuntu/tmath/.venv/lib/python3.12/site-packages/redis/client.py", line 1278, in _reconnect
    conn.connect()
  File "/home/ubuntu/tmath/.venv/lib/python3.12/site-packages/redis/connection.py", line 1028, in connect
    self.retry.call_with_retry(
  File "/home/ubuntu/tmath/.venv/lib/python3.12/site-packages/redis/retry.py", line 132, in call_with_retry
    raise error
  File "/home/ubuntu/tmath/.venv/lib/python3.12/site-packages/redis/retry.py", line 120, in call_with_retry
    return do()
           ^^^^
  File "/home/ubuntu/tmath/.venv/lib/python3.12/site-packages/redis/connection.py", line 1029, in <lambda>
    lambda: self.connect_check_health(
            ^^^^^^^^^^^^^^^^^^^^^^^^^^
  File "/home/ubuntu/tmath/.venv/lib/python3.12/site-packages/redis/connection.py", line 1077, in connect_check_health
    raise e
redis.exceptions.ConnectionError: Error 111 connecting to localhost:6379. Connection refused.
[2026-09-02 06:19:01,838: WARNING/MainProcess] /home/ubuntu/tmath/.venv/lib/python3.12/site-packages/celery/worker/consumer/consumer.py:397: CPendingDeprecationWarning: 
In Celery 5.1 we introduced an optional breaking change which
on connection loss cancels all currently executed tasks with late acknowledgement enabled.
These tasks cannot be acknowledged as the connection is gone, and the tasks are automatically redelivered
back to the queue. You can enable this behavior using the worker_cancel_long_running_tasks_on_connection_loss
setting. In Celery 5.1 it is set to False by default. The setting will be set to True by default in Celery 6.0.

  warnings.warn(CANCEL_TASKS_BY_DEFAULT, CPendingDeprecationWarning)

[2026-09-02 06:19:01,851: ERROR/MainProcess] consumer: Cannot connect to redis://localhost:6379//: Error 111 connecting to localhost:6379. Connection refused..
Trying again in 2.00 seconds... (1/100)

[2026-09-12 06:52:36,883: WARNING/MainProcess] consumer: Connection to broker lost. Trying to re-establish the connection...
Traceback (most recent call last):
  File "/home/ubuntu/tmath/.venv/lib/python3.12/site-packages/redis/retry.py", line 120, in call_with_retry
    return do()
           ^^^^
  File "/home/ubuntu/tmath/.venv/lib/python3.12/site-packages/redis/client.py", line 1308, in <lambda>
    lambda: command(*args, **kwargs),
            ^^^^^^^^^^^^^^^^^^^^^^^^
  File "/home/ubuntu/tmath/.venv/lib/python3.12/site-packages/redis/client.py", line 1395, in try_read
    return conn.read_response(
           ^^^^^^^^^^^^^^^^^^^
  File "/home/ubuntu/tmath/.venv/lib/python3.12/site-packages/redis/connection.py", line 1407, in read_response
    response = self._parser.read_response(
               ^^^^^^^^^^^^^^^^^^^^^^^^^^^
  File "/home/ubuntu/tmath/.venv/lib/python3.12/site-packages/redis/_parsers/resp3.py", line 40, in read_response
    result = self._read_response(
             ^^^^^^^^^^^^^^^^^^^^
  File "/home/ubuntu/tmath/.venv/lib/python3.12/site-packages/redis/_parsers/resp3.py", line 65, in _read_response
    raw = self._buffer.readline(timeout=timeout)
          ^^^^^^^^^^^^^^^^^^^^^^^^^^^^^^^^^^^^^^
  File "/home/ubuntu/tmath/.venv/lib/python3.12/site-packages/redis/_parsers/socket.py", line 117, in readline
    self._read_from_socket(timeout=timeout)
  File "/home/ubuntu/tmath/.venv/lib/python3.12/site-packages/redis/_parsers/socket.py", line 67, in _read_from_socket
    raise ConnectionError(SERVER_CLOSED_CONNECTION_ERROR)
redis.exceptions.ConnectionError: Connection closed by server.

During handling of the above exception, another exception occurred:

Traceback (most recent call last):
  File "/home/ubuntu/tmath/.venv/lib/python3.12/site-packages/redis/connection.py", line 1055, in connect_check_health
    sock = self._connect()
           ^^^^^^^^^^^^^^^
  File "/home/ubuntu/tmath/.venv/lib/python3.12/site-packages/redis/connection.py", line 1617, in _connect
    raise err
  File "/home/ubuntu/tmath/.venv/lib/python3.12/site-packages/redis/connection.py", line 1601, in _connect
    sock.connect(socket_address)
ConnectionRefusedError: [Errno 111] Connection refused

During handling of the above exception, another exception occurred:

Traceback (most recent call last):
  File "/home/ubuntu/tmath/.venv/lib/python3.12/site-packages/celery/worker/consumer/consumer.py", line 346, in start
    blueprint.start(self)
  File "/home/ubuntu/tmath/.venv/lib/python3.12/site-packages/celery/bootsteps.py", line 116, in start
    step.start(parent)
  File "/home/ubuntu/tmath/.venv/lib/python3.12/site-packages/celery/worker/consumer/consumer.py", line 788, in start
    c.loop(*c.loop_args())
  File "/home/ubuntu/tmath/.venv/lib/python3.12/site-packages/celery/worker/loops.py", line 97, in asynloop
    next(loop)
  File "/home/ubuntu/tmath/.venv/lib/python3.12/site-packages/kombu/asynchronous/hub.py", line 377, in create_loop
    cb(*cbargs)
  File "/home/ubuntu/tmath/.venv/lib/python3.12/site-packages/kombu/transport/redis.py", line 1394, in on_readable
    self.cycle.on_readable(fileno)
  File "/home/ubuntu/tmath/.venv/lib/python3.12/site-packages/kombu/transport/redis.py", line 579, in on_readable
    chan.handlers[type]()
  File "/home/ubuntu/tmath/.venv/lib/python3.12/site-packages/kombu/transport/redis.py", line 931, in _receive
    ret.append(self._receive_one(c))
               ^^^^^^^^^^^^^^^^^^^^
  File "/home/ubuntu/tmath/.venv/lib/python3.12/site-packages/kombu/transport/redis.py", line 941, in _receive_one
    response = c.parse_response()
               ^^^^^^^^^^^^^^^^^^
  File "/home/ubuntu/tmath/.venv/lib/python3.12/site-packages/redis/client.py", line 1399, in parse_response
    response = self._execute(conn, try_read)
               ^^^^^^^^^^^^^^^^^^^^^^^^^^^^^
  File "/home/ubuntu/tmath/.venv/lib/python3.12/site-packages/redis/client.py", line 1307, in _execute
    response = conn.retry.call_with_retry(
               ^^^^^^^^^^^^^^^^^^^^^^^^^^^
  File "/home/ubuntu/tmath/.venv/lib/python3.12/site-packages/redis/retry.py", line 127, in call_with_retry
    fail(error, failures)
  File "/home/ubuntu/tmath/.venv/lib/python3.12/site-packages/redis/client.py", line 1304, in failure_callback
    self._reconnect(conn, error, failure_count, start_time, command_name)
  File "/home/ubuntu/tmath/.venv/lib/python3.12/site-packages/redis/client.py", line 1278, in _reconnect
    conn.connect()
  File "/home/ubuntu/tmath/.venv/lib/python3.12/site-packages/redis/connection.py", line 1028, in connect
    self.retry.call_with_retry(
  File "/home/ubuntu/tmath/.venv/lib/python3.12/site-packages/redis/retry.py", line 132, in call_with_retry
    raise error
  File "/home/ubuntu/tmath/.venv/lib/python3.12/site-packages/redis/retry.py", line 120, in call_with_retry
    return do()
           ^^^^
  File "/home/ubuntu/tmath/.venv/lib/python3.12/site-packages/redis/connection.py", line 1029, in <lambda>
    lambda: self.connect_check_health(
            ^^^^^^^^^^^^^^^^^^^^^^^^^^
  File "/home/ubuntu/tmath/.venv/lib/python3.12/site-packages/redis/connection.py", line 1077, in connect_check_health
    raise e
redis.exceptions.ConnectionError: Error 111 connecting to localhost:6379. Connection refused.
[2026-09-12 06:52:38,018: WARNING/MainProcess] /home/ubuntu/tmath/.venv/lib/python3.12/site-packages/celery/worker/consumer/consumer.py:397: CPendingDeprecationWarning: 
In Celery 5.1 we introduced an optional breaking change which
on connection loss cancels all currently executed tasks with late acknowledgement enabled.
These tasks cannot be acknowledged as the connection is gone, and the tasks are automatically redelivered
back to the queue. You can enable this behavior using the worker_cancel_long_running_tasks_on_connection_loss
setting. In Celery 5.1 it is set to False by default. The setting will be set to True by default in Celery 6.0.

  warnings.warn(CANCEL_TASKS_BY_DEFAULT, CPendingDeprecationWarning)

[2026-09-19 09:50:26,668: WARNING/MainProcess] consumer: Connection to broker lost. Trying to re-establish the connection...
Traceback (most recent call last):
  File "/home/ubuntu/tmath/.venv/lib/python3.12/site-packages/redis/retry.py", line 120, in call_with_retry
    return do()
           ^^^^
  File "/home/ubuntu/tmath/.venv/lib/python3.12/site-packages/redis/client.py", line 1308, in <lambda>
    lambda: command(*args, **kwargs),
            ^^^^^^^^^^^^^^^^^^^^^^^^
  File "/home/ubuntu/tmath/.venv/lib/python3.12/site-packages/redis/client.py", line 1395, in try_read
    return conn.read_response(
           ^^^^^^^^^^^^^^^^^^^
  File "/home/ubuntu/tmath/.venv/lib/python3.12/site-packages/redis/connection.py", line 1407, in read_response
    response = self._parser.read_response(
               ^^^^^^^^^^^^^^^^^^^^^^^^^^^
  File "/home/ubuntu/tmath/.venv/lib/python3.12/site-packages/redis/_parsers/resp3.py", line 40, in read_response
    result = self._read_response(
             ^^^^^^^^^^^^^^^^^^^^
  File "/home/ubuntu/tmath/.venv/lib/python3.12/site-packages/redis/_parsers/resp3.py", line 65, in _read_response
    raw = self._buffer.readline(timeout=timeout)
          ^^^^^^^^^^^^^^^^^^^^^^^^^^^^^^^^^^^^^^
  File "/home/ubuntu/tmath/.venv/lib/python3.12/site-packages/redis/_parsers/socket.py", line 117, in readline
    self._read_from_socket(timeout=timeout)
  File "/home/ubuntu/tmath/.venv/lib/python3.12/site-packages/redis/_parsers/socket.py", line 67, in _read_from_socket
    raise ConnectionError(SERVER_CLOSED_CONNECTION_ERROR)
redis.exceptions.ConnectionError: Connection closed by server.

During handling of the above exception, another exception occurred:

Traceback (most recent call last):
  File "/home/ubuntu/tmath/.venv/lib/python3.12/site-packages/redis/connection.py", line 1055, in connect_check_health
    sock = self._connect()
           ^^^^^^^^^^^^^^^
  File "/home/ubuntu/tmath/.venv/lib/python3.12/site-packages/redis/connection.py", line 1617, in _connect
    raise err
  File "/home/ubuntu/tmath/.venv/lib/python3.12/site-packages/redis/connection.py", line 1601, in _connect
    sock.connect(socket_address)
ConnectionRefusedError: [Errno 111] Connection refused

During handling of the above exception, another exception occurred:

Traceback (most recent call last):
  File "/home/ubuntu/tmath/.venv/lib/python3.12/site-packages/celery/worker/consumer/consumer.py", line 346, in start
    blueprint.start(self)
  File "/home/ubuntu/tmath/.venv/lib/python3.12/site-packages/celery/bootsteps.py", line 116, in start
    step.start(parent)
  File "/home/ubuntu/tmath/.venv/lib/python3.12/site-packages/celery/worker/consumer/consumer.py", line 788, in start
    c.loop(*c.loop_args())
  File "/home/ubuntu/tmath/.venv/lib/python3.12/site-packages/celery/worker/loops.py", line 97, in asynloop
    next(loop)
  File "/home/ubuntu/tmath/.venv/lib/python3.12/site-packages/kombu/asynchronous/hub.py", line 377, in create_loop
    cb(*cbargs)
  File "/home/ubuntu/tmath/.venv/lib/python3.12/site-packages/kombu/transport/redis.py", line 1394, in on_readable
    self.cycle.on_readable(fileno)
  File "/home/ubuntu/tmath/.venv/lib/python3.12/site-packages/kombu/transport/redis.py", line 579, in on_readable
    chan.handlers[type]()
  File "/home/ubuntu/tmath/.venv/lib/python3.12/site-packages/kombu/transport/redis.py", line 931, in _receive
    ret.append(self._receive_one(c))
               ^^^^^^^^^^^^^^^^^^^^
  File "/home/ubuntu/tmath/.venv/lib/python3.12/site-packages/kombu/transport/redis.py", line 941, in _receive_one
    response = c.parse_response()
               ^^^^^^^^^^^^^^^^^^
  File "/home/ubuntu/tmath/.venv/lib/python3.12/site-packages/redis/client.py", line 1399, in parse_response
    response = self._execute(conn, try_read)
               ^^^^^^^^^^^^^^^^^^^^^^^^^^^^^
  File "/home/ubuntu/tmath/.venv/lib/python3.12/site-packages/redis/client.py", line 1307, in _execute
    response = conn.retry.call_with_retry(
               ^^^^^^^^^^^^^^^^^^^^^^^^^^^
  File "/home/ubuntu/tmath/.venv/lib/python3.12/site-packages/redis/retry.py", line 127, in call_with_retry
    fail(error, failures)
  File "/home/ubuntu/tmath/.venv/lib/python3.12/site-packages/redis/client.py", line 1304, in failure_callback
    self._reconnect(conn, error, failure_count, start_time, command_name)
  File "/home/ubuntu/tmath/.venv/lib/python3.12/site-packages/redis/client.py", line 1278, in _reconnect
    conn.connect()
  File "/home/ubuntu/tmath/.venv/lib/python3.12/site-packages/redis/connection.py", line 1028, in connect
    self.retry.call_with_retry(
  File "/home/ubuntu/tmath/.venv/lib/python3.12/site-packages/redis/retry.py", line 132, in call_with_retry
    raise error
  File "/home/ubuntu/tmath/.venv/lib/python3.12/site-packages/redis/retry.py", line 120, in call_with_retry
    return do()
           ^^^^
  File "/home/ubuntu/tmath/.venv/lib/python3.12/site-packages/redis/connection.py", line 1029, in <lambda>
    lambda: self.connect_check_health(
            ^^^^^^^^^^^^^^^^^^^^^^^^^^
  File "/home/ubuntu/tmath/.venv/lib/python3.12/site-packages/redis/connection.py", line 1077, in connect_check_health
    raise e
redis.exceptions.ConnectionError: Error 111 connecting to localhost:6379. Connection refused.
[2026-09-19 09:50:26,819: WARNING/MainProcess] /home/ubuntu/tmath/.venv/lib/python3.12/site-packages/celery/worker/consumer/consumer.py:397: CPendingDeprecationWarning: 
In Celery 5.1 we introduced an optional breaking change which
on connection loss cancels all currently executed tasks with late acknowledgement enabled.
These tasks cannot be acknowledged as the connection is gone, and the tasks are automatically redelivered
back to the queue. You can enable this behavior using the worker_cancel_long_running_tasks_on_connection_loss
setting. In Celery 5.1 it is set to False by default. The setting will be set to True by default in Celery 6.0.

  warnings.warn(CANCEL_TASKS_BY_DEFAULT, CPendingDeprecationWarning)

[2026-09-19 09:50:26,851: ERROR/MainProcess] consumer: Cannot connect to redis://localhost:6379//: Error 111 connecting to localhost:6379. Connection refused..
Trying again in 2.00 seconds... (1/100)

[2026-09-19 09:50:28,854: ERROR/MainProcess] consumer: Cannot connect to redis://localhost:6379//: Error 111 connecting to localhost:6379. Connection refused..
Trying again in 4.00 seconds... (2/100)

[2026-09-19 09:50:32,857: ERROR/MainProcess] consumer: Cannot connect to redis://localhost:6379//: Error 111 connecting to localhost:6379. Connection refused..
Trying again in 6.00 seconds... (3/100)

ERROR 2026-09-20 14:54:54,262 signal Signal handler <bound method DjangoFixup.on_import_modules of <celery.fixups.django.DjangoFixup object at 0x70eda20fb230>> raised: NameError("name 'verify_admin' is not defined")
Traceback (most recent call last):
  File "/home/ubuntu/tmath/.venv/lib/python3.12/site-packages/celery/utils/dispatch/signal.py", line 280, in send
    response = receiver(signal=self, sender=sender, **named)
               ^^^^^^^^^^^^^^^^^^^^^^^^^^^^^^^^^^^^^^^^^^^^^
  File "/home/ubuntu/tmath/.venv/lib/python3.12/site-packages/celery/fixups/django.py", line 103, in on_import_modules
    self.worker_fixup.validate_models()
  File "/home/ubuntu/tmath/.venv/lib/python3.12/site-packages/celery/fixups/django.py", line 154, in validate_models
    run_checks()
  File "/home/ubuntu/tmath/.venv/lib/python3.12/site-packages/django/core/checks/registry.py", line 88, in run_checks
    new_errors = check(app_configs=app_configs, databases=databases)
                 ^^^^^^^^^^^^^^^^^^^^^^^^^^^^^^^^^^^^^^^^^^^^^^^^^^^
  File "/home/ubuntu/tmath/.venv/lib/python3.12/site-packages/django/core/checks/urls.py", line 14, in check_url_config
    return check_resolver(resolver)
           ^^^^^^^^^^^^^^^^^^^^^^^^
  File "/home/ubuntu/tmath/.venv/lib/python3.12/site-packages/django/core/checks/urls.py", line 24, in check_resolver
    return check_method()
           ^^^^^^^^^^^^^^
  File "/home/ubuntu/tmath/.venv/lib/python3.12/site-packages/django/urls/resolvers.py", line 494, in check
    for pattern in self.url_patterns:
                   ^^^^^^^^^^^^^^^^^
  File "/home/ubuntu/tmath/.venv/lib/python3.12/site-packages/django/utils/functional.py", line 57, in __get__
    res = instance.__dict__[self.name] = self.func(instance)
                                         ^^^^^^^^^^^^^^^^^^^
  File "/home/ubuntu/tmath/.venv/lib/python3.12/site-packages/django/urls/resolvers.py", line 715, in url_patterns
    patterns = getattr(self.urlconf_module, "urlpatterns", self.urlconf_module)
                       ^^^^^^^^^^^^^^^^^^^
  File "/home/ubuntu/tmath/.venv/lib/python3.12/site-packages/django/utils/functional.py", line 57, in __get__
    res = instance.__dict__[self.name] = self.func(instance)
                                         ^^^^^^^^^^^^^^^^^^^
  File "/home/ubuntu/tmath/.venv/lib/python3.12/site-packages/django/urls/resolvers.py", line 708, in urlconf_module
    return import_module(self.urlconf_name)
           ^^^^^^^^^^^^^^^^^^^^^^^^^^^^^^^^
  File "/usr/lib/python3.12/importlib/__init__.py", line 90, in import_module
    return _bootstrap._gcd_import(name[level:], package, level)
           ^^^^^^^^^^^^^^^^^^^^^^^^^^^^^^^^^^^^^^^^^^^^^^^^^^^^
  File "<frozen importlib._bootstrap>", line 1387, in _gcd_import
  File "<frozen importlib._bootstrap>", line 1360, in _find_and_load
  File "<frozen importlib._bootstrap>", line 1331, in _find_and_load_unlocked
  File "<frozen importlib._bootstrap>", line 935, in _load_unlocked
  File "<frozen importlib._bootstrap_external>", line 995, in exec_module
  File "<frozen importlib._bootstrap>", line 488, in _call_with_frames_removed
  File "/home/ubuntu/tmath/tmath/urls.py", line 740, in <module>
    path('api/verify-admin/', verify_admin, name='verify_admin'),
                              ^^^^^^^^^^^^
NameError: name 'verify_admin' is not defined
Traceback (most recent call last):
  File "/home/ubuntu/tmath/.venv/bin/celery", line 6, in <module>
    sys.exit(main())
             ^^^^^^
  File "/home/ubuntu/tmath/.venv/lib/python3.12/site-packages/celery/__main__.py", line 15, in main
    sys.exit(_main())
             ^^^^^^^
  File "/home/ubuntu/tmath/.venv/lib/python3.12/site-packages/celery/bin/celery.py", line 227, in main
    return celery(auto_envvar_prefix="CELERY")
           ^^^^^^^^^^^^^^^^^^^^^^^^^^^^^^^^^^^
  File "/home/ubuntu/tmath/.venv/lib/python3.12/site-packages/click/core.py", line 1569, in __call__
    return self.main(*args, **kwargs)
           ^^^^^^^^^^^^^^^^^^^^^^^^^^
  File "/home/ubuntu/tmath/.venv/lib/python3.12/site-packages/click/core.py", line 1490, in main
    rv = self.invoke(ctx)
         ^^^^^^^^^^^^^^^^
  File "/home/ubuntu/tmath/.venv/lib/python3.12/site-packages/click/core.py", line 1970, in invoke
    return _process_result(sub_ctx.command.invoke(sub_ctx))
                           ^^^^^^^^^^^^^^^^^^^^^^^^^^^^^^^
  File "/home/ubuntu/tmath/.venv/lib/python3.12/site-packages/click/core.py", line 1353, in invoke
    return ctx.invoke(self.callback, **ctx.params)
           ^^^^^^^^^^^^^^^^^^^^^^^^^^^^^^^^^^^^^^^
  File "/home/ubuntu/tmath/.venv/lib/python3.12/site-packages/click/core.py", line 907, in invoke
    return callback(*args, **kwargs)
           ^^^^^^^^^^^^^^^^^^^^^^^^^
  File "/home/ubuntu/tmath/.venv/lib/python3.12/site-packages/click/decorators.py", line 34, in new_func
    return f(get_current_context(), *args, **kwargs)
           ^^^^^^^^^^^^^^^^^^^^^^^^^^^^^^^^^^^^^^^^^
  File "/home/ubuntu/tmath/.venv/lib/python3.12/site-packages/celery/bin/base.py", line 158, in caller
    return f(ctx, *args, **kwargs)
           ^^^^^^^^^^^^^^^^^^^^^^^
  File "/home/ubuntu/tmath/.venv/lib/python3.12/site-packages/celery/bin/worker.py", line 359, in worker
    worker = app.Worker(
             ^^^^^^^^^^^
  File "/home/ubuntu/tmath/.venv/lib/python3.12/site-packages/celery/worker/worker.py", line 94, in __init__
    self.app.loader.init_worker()
  File "/home/ubuntu/tmath/.venv/lib/python3.12/site-packages/celery/loaders/base.py", line 110, in init_worker
    self.import_default_modules()
  File "/home/ubuntu/tmath/.venv/lib/python3.12/site-packages/celery/loaders/base.py", line 104, in import_default_modules
    raise response
  File "/home/ubuntu/tmath/.venv/lib/python3.12/site-packages/celery/utils/dispatch/signal.py", line 280, in send
    response = receiver(signal=self, sender=sender, **named)
               ^^^^^^^^^^^^^^^^^^^^^^^^^^^^^^^^^^^^^^^^^^^^^
  File "/home/ubuntu/tmath/.venv/lib/python3.12/site-packages/celery/fixups/django.py", line 103, in on_import_modules
    self.worker_fixup.validate_models()
  File "/home/ubuntu/tmath/.venv/lib/python3.12/site-packages/celery/fixups/django.py", line 154, in validate_models
    run_checks()
  File "/home/ubuntu/tmath/.venv/lib/python3.12/site-packages/django/core/checks/registry.py", line 88, in run_checks
    new_errors = check(app_configs=app_configs, databases=databases)
                 ^^^^^^^^^^^^^^^^^^^^^^^^^^^^^^^^^^^^^^^^^^^^^^^^^^^
  File "/home/ubuntu/tmath/.venv/lib/python3.12/site-packages/django/core/checks/urls.py", line 14, in check_url_config
    return check_resolver(resolver)
           ^^^^^^^^^^^^^^^^^^^^^^^^
  File "/home/ubuntu/tmath/.venv/lib/python3.12/site-packages/django/core/checks/urls.py", line 24, in check_resolver
    return check_method()
           ^^^^^^^^^^^^^^
  File "/home/ubuntu/tmath/.venv/lib/python3.12/site-packages/django/urls/resolvers.py", line 494, in check
    for pattern in self.url_patterns:
                   ^^^^^^^^^^^^^^^^^
  File "/home/ubuntu/tmath/.venv/lib/python3.12/site-packages/django/utils/functional.py", line 57, in __get__
    res = instance.__dict__[self.name] = self.func(instance)
                                         ^^^^^^^^^^^^^^^^^^^
  File "/home/ubuntu/tmath/.venv/lib/python3.12/site-packages/django/urls/resolvers.py", line 715, in url_patterns
    patterns = getattr(self.urlconf_module, "urlpatterns", self.urlconf_module)
                       ^^^^^^^^^^^^^^^^^^^
  File "/home/ubuntu/tmath/.venv/lib/python3.12/site-packages/django/utils/functional.py", line 57, in __get__
    res = instance.__dict__[self.name] = self.func(instance)
                                         ^^^^^^^^^^^^^^^^^^^
  File "/home/ubuntu/tmath/.venv/lib/python3.12/site-packages/django/urls/resolvers.py", line 708, in urlconf_module
    return import_module(self.urlconf_name)
           ^^^^^^^^^^^^^^^^^^^^^^^^^^^^^^^^
  File "/usr/lib/python3.12/importlib/__init__.py", line 90, in import_module
    return _bootstrap._gcd_import(name[level:], package, level)
           ^^^^^^^^^^^^^^^^^^^^^^^^^^^^^^^^^^^^^^^^^^^^^^^^^^^^
  File "<frozen importlib._bootstrap>", line 1387, in _gcd_import
  File "<frozen importlib._bootstrap>", line 1360, in _find_and_load
  File "<frozen importlib._bootstrap>", line 1331, in _find_and_load_unlocked
  File "<frozen importlib._bootstrap>", line 935, in _load_unlocked
  File "<frozen importlib._bootstrap_external>", line 995, in exec_module
  File "<frozen importlib._bootstrap>", line 488, in _call_with_frames_removed
  File "/home/ubuntu/tmath/tmath/urls.py", line 740, in <module>
    path('api/verify-admin/', verify_admin, name='verify_admin'),
                              ^^^^^^^^^^^^
NameError: name 'verify_admin' is not defined
ERROR 2026-09-20 14:54:57,152 signal Signal handler <bound method DjangoFixup.on_import_modules of <celery.fixups.django.DjangoFixup object at 0x7c75770fbb30>> raised: NameError("name 'verify_admin' is not defined")
Traceback (most recent call last):
  File "/home/ubuntu/tmath/.venv/lib/python3.12/site-packages/celery/utils/dispatch/signal.py", line 280, in send
    response = receiver(signal=self, sender=sender, **named)
               ^^^^^^^^^^^^^^^^^^^^^^^^^^^^^^^^^^^^^^^^^^^^^
  File "/home/ubuntu/tmath/.venv/lib/python3.12/site-packages/celery/fixups/django.py", line 103, in on_import_modules
    self.worker_fixup.validate_models()
  File "/home/ubuntu/tmath/.venv/lib/python3.12/site-packages/celery/fixups/django.py", line 154, in validate_models
    run_checks()
  File "/home/ubuntu/tmath/.venv/lib/python3.12/site-packages/django/core/checks/registry.py", line 88, in run_checks
    new_errors = check(app_configs=app_configs, databases=databases)
                 ^^^^^^^^^^^^^^^^^^^^^^^^^^^^^^^^^^^^^^^^^^^^^^^^^^^
  File "/home/ubuntu/tmath/.venv/lib/python3.12/site-packages/django/core/checks/urls.py", line 14, in check_url_config
    return check_resolver(resolver)
           ^^^^^^^^^^^^^^^^^^^^^^^^
  File "/home/ubuntu/tmath/.venv/lib/python3.12/site-packages/django/core/checks/urls.py", line 24, in check_resolver
    return check_method()
           ^^^^^^^^^^^^^^
  File "/home/ubuntu/tmath/.venv/lib/python3.12/site-packages/django/urls/resolvers.py", line 494, in check
    for pattern in self.url_patterns:
                   ^^^^^^^^^^^^^^^^^
  File "/home/ubuntu/tmath/.venv/lib/python3.12/site-packages/django/utils/functional.py", line 57, in __get__
    res = instance.__dict__[self.name] = self.func(instance)
                                         ^^^^^^^^^^^^^^^^^^^
  File "/home/ubuntu/tmath/.venv/lib/python3.12/site-packages/django/urls/resolvers.py", line 715, in url_patterns
    patterns = getattr(self.urlconf_module, "urlpatterns", self.urlconf_module)
                       ^^^^^^^^^^^^^^^^^^^
  File "/home/ubuntu/tmath/.venv/lib/python3.12/site-packages/django/utils/functional.py", line 57, in __get__
    res = instance.__dict__[self.name] = self.func(instance)
                                         ^^^^^^^^^^^^^^^^^^^
  File "/home/ubuntu/tmath/.venv/lib/python3.12/site-packages/django/urls/resolvers.py", line 708, in urlconf_module
    return import_module(self.urlconf_name)
           ^^^^^^^^^^^^^^^^^^^^^^^^^^^^^^^^
  File "/usr/lib/python3.12/importlib/__init__.py", line 90, in import_module
    return _bootstrap._gcd_import(name[level:], package, level)
           ^^^^^^^^^^^^^^^^^^^^^^^^^^^^^^^^^^^^^^^^^^^^^^^^^^^^
  File "<frozen importlib._bootstrap>", line 1387, in _gcd_import
  File "<frozen importlib._bootstrap>", line 1360, in _find_and_load
  File "<frozen importlib._bootstrap>", line 1331, in _find_and_load_unlocked
  File "<frozen importlib._bootstrap>", line 935, in _load_unlocked
  File "<frozen importlib._bootstrap_external>", line 995, in exec_module
  File "<frozen importlib._bootstrap>", line 488, in _call_with_frames_removed
  File "/home/ubuntu/tmath/tmath/urls.py", line 740, in <module>
    path('api/verify-admin/', verify_admin, name='verify_admin'),
                              ^^^^^^^^^^^^
NameError: name 'verify_admin' is not defined
Traceback (most recent call last):
  File "/home/ubuntu/tmath/.venv/bin/celery", line 6, in <module>
    sys.exit(main())
             ^^^^^^
  File "/home/ubuntu/tmath/.venv/lib/python3.12/site-packages/celery/__main__.py", line 15, in main
    sys.exit(_main())
             ^^^^^^^
  File "/home/ubuntu/tmath/.venv/lib/python3.12/site-packages/celery/bin/celery.py", line 227, in main
    return celery(auto_envvar_prefix="CELERY")
           ^^^^^^^^^^^^^^^^^^^^^^^^^^^^^^^^^^^
  File "/home/ubuntu/tmath/.venv/lib/python3.12/site-packages/click/core.py", line 1569, in __call__
    return self.main(*args, **kwargs)
           ^^^^^^^^^^^^^^^^^^^^^^^^^^
  File "/home/ubuntu/tmath/.venv/lib/python3.12/site-packages/click/core.py", line 1490, in main
    rv = self.invoke(ctx)
         ^^^^^^^^^^^^^^^^
  File "/home/ubuntu/tmath/.venv/lib/python3.12/site-packages/click/core.py", line 1970, in invoke
    return _process_result(sub_ctx.command.invoke(sub_ctx))
                           ^^^^^^^^^^^^^^^^^^^^^^^^^^^^^^^
  File "/home/ubuntu/tmath/.venv/lib/python3.12/site-packages/click/core.py", line 1353, in invoke
    return ctx.invoke(self.callback, **ctx.params)
           ^^^^^^^^^^^^^^^^^^^^^^^^^^^^^^^^^^^^^^^
  File "/home/ubuntu/tmath/.venv/lib/python3.12/site-packages/click/core.py", line 907, in invoke
    return callback(*args, **kwargs)
           ^^^^^^^^^^^^^^^^^^^^^^^^^
  File "/home/ubuntu/tmath/.venv/lib/python3.12/site-packages/click/decorators.py", line 34, in new_func
    return f(get_current_context(), *args, **kwargs)
           ^^^^^^^^^^^^^^^^^^^^^^^^^^^^^^^^^^^^^^^^^
  File "/home/ubuntu/tmath/.venv/lib/python3.12/site-packages/celery/bin/base.py", line 158, in caller
    return f(ctx, *args, **kwargs)
           ^^^^^^^^^^^^^^^^^^^^^^^
  File "/home/ubuntu/tmath/.venv/lib/python3.12/site-packages/celery/bin/worker.py", line 359, in worker
    worker = app.Worker(
             ^^^^^^^^^^^
  File "/home/ubuntu/tmath/.venv/lib/python3.12/site-packages/celery/worker/worker.py", line 94, in __init__
    self.app.loader.init_worker()
  File "/home/ubuntu/tmath/.venv/lib/python3.12/site-packages/celery/loaders/base.py", line 110, in init_worker
    self.import_default_modules()
  File "/home/ubuntu/tmath/.venv/lib/python3.12/site-packages/celery/loaders/base.py", line 104, in import_default_modules
    raise response
  File "/home/ubuntu/tmath/.venv/lib/python3.12/site-packages/celery/utils/dispatch/signal.py", line 280, in send
    response = receiver(signal=self, sender=sender, **named)
               ^^^^^^^^^^^^^^^^^^^^^^^^^^^^^^^^^^^^^^^^^^^^^
  File "/home/ubuntu/tmath/.venv/lib/python3.12/site-packages/celery/fixups/django.py", line 103, in on_import_modules
    self.worker_fixup.validate_models()
  File "/home/ubuntu/tmath/.venv/lib/python3.12/site-packages/celery/fixups/django.py", line 154, in validate_models
    run_checks()
  File "/home/ubuntu/tmath/.venv/lib/python3.12/site-packages/django/core/checks/registry.py", line 88, in run_checks
    new_errors = check(app_configs=app_configs, databases=databases)
                 ^^^^^^^^^^^^^^^^^^^^^^^^^^^^^^^^^^^^^^^^^^^^^^^^^^^
  File "/home/ubuntu/tmath/.venv/lib/python3.12/site-packages/django/core/checks/urls.py", line 14, in check_url_config
    return check_resolver(resolver)
           ^^^^^^^^^^^^^^^^^^^^^^^^
  File "/home/ubuntu/tmath/.venv/lib/python3.12/site-packages/django/core/checks/urls.py", line 24, in check_resolver
    return check_method()
           ^^^^^^^^^^^^^^
  File "/home/ubuntu/tmath/.venv/lib/python3.12/site-packages/django/urls/resolvers.py", line 494, in check
    for pattern in self.url_patterns:
                   ^^^^^^^^^^^^^^^^^
  File "/home/ubuntu/tmath/.venv/lib/python3.12/site-packages/django/utils/functional.py", line 57, in __get__
    res = instance.__dict__[self.name] = self.func(instance)
                                         ^^^^^^^^^^^^^^^^^^^
  File "/home/ubuntu/tmath/.venv/lib/python3.12/site-packages/django/urls/resolvers.py", line 715, in url_patterns
    patterns = getattr(self.urlconf_module, "urlpatterns", self.urlconf_module)
                       ^^^^^^^^^^^^^^^^^^^
  File "/home/ubuntu/tmath/.venv/lib/python3.12/site-packages/django/utils/functional.py", line 57, in __get__
    res = instance.__dict__[self.name] = self.func(instance)
                                         ^^^^^^^^^^^^^^^^^^^
  File "/home/ubuntu/tmath/.venv/lib/python3.12/site-packages/django/urls/resolvers.py", line 708, in urlconf_module
    return import_module(self.urlconf_name)
           ^^^^^^^^^^^^^^^^^^^^^^^^^^^^^^^^
  File "/usr/lib/python3.12/importlib/__init__.py", line 90, in import_module
    return _bootstrap._gcd_import(name[level:], package, level)
           ^^^^^^^^^^^^^^^^^^^^^^^^^^^^^^^^^^^^^^^^^^^^^^^^^^^^
  File "<frozen importlib._bootstrap>", line 1387, in _gcd_import
  File "<frozen importlib._bootstrap>", line 1360, in _find_and_load
  File "<frozen importlib._bootstrap>", line 1331, in _find_and_load_unlocked
  File "<frozen importlib._bootstrap>", line 935, in _load_unlocked
  File "<frozen importlib._bootstrap_external>", line 995, in exec_module
  File "<frozen importlib._bootstrap>", line 488, in _call_with_frames_removed
  File "/home/ubuntu/tmath/tmath/urls.py", line 740, in <module>
    path('api/verify-admin/', verify_admin, name='verify_admin'),
                              ^^^^^^^^^^^^
NameError: name 'verify_admin' is not defined
ERROR 2026-09-20 14:54:59,435 signal Signal handler <bound method DjangoFixup.on_import_modules of <celery.fixups.django.DjangoFixup object at 0x72a65062b3b0>> raised: NameError("name 'verify_admin' is not defined")
Traceback (most recent call last):
  File "/home/ubuntu/tmath/.venv/lib/python3.12/site-packages/celery/utils/dispatch/signal.py", line 280, in send
    response = receiver(signal=self, sender=sender, **named)
               ^^^^^^^^^^^^^^^^^^^^^^^^^^^^^^^^^^^^^^^^^^^^^
  File "/home/ubuntu/tmath/.venv/lib/python3.12/site-packages/celery/fixups/django.py", line 103, in on_import_modules
    self.worker_fixup.validate_models()
  File "/home/ubuntu/tmath/.venv/lib/python3.12/site-packages/celery/fixups/django.py", line 154, in validate_models
    run_checks()
  File "/home/ubuntu/tmath/.venv/lib/python3.12/site-packages/django/core/checks/registry.py", line 88, in run_checks
    new_errors = check(app_configs=app_configs, databases=databases)
                 ^^^^^^^^^^^^^^^^^^^^^^^^^^^^^^^^^^^^^^^^^^^^^^^^^^^
  File "/home/ubuntu/tmath/.venv/lib/python3.12/site-packages/django/core/checks/urls.py", line 14, in check_url_config
    return check_resolver(resolver)
           ^^^^^^^^^^^^^^^^^^^^^^^^
  File "/home/ubuntu/tmath/.venv/lib/python3.12/site-packages/django/core/checks/urls.py", line 24, in check_resolver
    return check_method()
           ^^^^^^^^^^^^^^
  File "/home/ubuntu/tmath/.venv/lib/python3.12/site-packages/django/urls/resolvers.py", line 494, in check
    for pattern in self.url_patterns:
                   ^^^^^^^^^^^^^^^^^
  File "/home/ubuntu/tmath/.venv/lib/python3.12/site-packages/django/utils/functional.py", line 57, in __get__
    res = instance.__dict__[self.name] = self.func(instance)
                                         ^^^^^^^^^^^^^^^^^^^
  File "/home/ubuntu/tmath/.venv/lib/python3.12/site-packages/django/urls/resolvers.py", line 715, in url_patterns
    patterns = getattr(self.urlconf_module, "urlpatterns", self.urlconf_module)
                       ^^^^^^^^^^^^^^^^^^^
  File "/home/ubuntu/tmath/.venv/lib/python3.12/site-packages/django/utils/functional.py", line 57, in __get__
    res = instance.__dict__[self.name] = self.func(instance)
                                         ^^^^^^^^^^^^^^^^^^^
  File "/home/ubuntu/tmath/.venv/lib/python3.12/site-packages/django/urls/resolvers.py", line 708, in urlconf_module
    return import_module(self.urlconf_name)
           ^^^^^^^^^^^^^^^^^^^^^^^^^^^^^^^^
  File "/usr/lib/python3.12/importlib/__init__.py", line 90, in import_module
    return _bootstrap._gcd_import(name[level:], package, level)
           ^^^^^^^^^^^^^^^^^^^^^^^^^^^^^^^^^^^^^^^^^^^^^^^^^^^^
  File "<frozen importlib._bootstrap>", line 1387, in _gcd_import
  File "<frozen importlib._bootstrap>", line 1360, in _find_and_load
  File "<frozen importlib._bootstrap>", line 1331, in _find_and_load_unlocked
  File "<frozen importlib._bootstrap>", line 935, in _load_unlocked
  File "<frozen importlib._bootstrap_external>", line 995, in exec_module
  File "<frozen importlib._bootstrap>", line 488, in _call_with_frames_removed
  File "/home/ubuntu/tmath/tmath/urls.py", line 740, in <module>
    path('api/verify-admin/', verify_admin, name='verify_admin'),
                              ^^^^^^^^^^^^
NameError: name 'verify_admin' is not defined
Traceback (most recent call last):
  File "/home/ubuntu/tmath/.venv/bin/celery", line 6, in <module>
    sys.exit(main())
             ^^^^^^
  File "/home/ubuntu/tmath/.venv/lib/python3.12/site-packages/celery/__main__.py", line 15, in main
    sys.exit(_main())
             ^^^^^^^
  File "/home/ubuntu/tmath/.venv/lib/python3.12/site-packages/celery/bin/celery.py", line 227, in main
    return celery(auto_envvar_prefix="CELERY")
           ^^^^^^^^^^^^^^^^^^^^^^^^^^^^^^^^^^^
  File "/home/ubuntu/tmath/.venv/lib/python3.12/site-packages/click/core.py", line 1569, in __call__
    return self.main(*args, **kwargs)
           ^^^^^^^^^^^^^^^^^^^^^^^^^^
  File "/home/ubuntu/tmath/.venv/lib/python3.12/site-packages/click/core.py", line 1490, in main
    rv = self.invoke(ctx)
         ^^^^^^^^^^^^^^^^
  File "/home/ubuntu/tmath/.venv/lib/python3.12/site-packages/click/core.py", line 1970, in invoke
    return _process_result(sub_ctx.command.invoke(sub_ctx))
                           ^^^^^^^^^^^^^^^^^^^^^^^^^^^^^^^
  File "/home/ubuntu/tmath/.venv/lib/python3.12/site-packages/click/core.py", line 1353, in invoke
    return ctx.invoke(self.callback, **ctx.params)
           ^^^^^^^^^^^^^^^^^^^^^^^^^^^^^^^^^^^^^^^
  File "/home/ubuntu/tmath/.venv/lib/python3.12/site-packages/click/core.py", line 907, in invoke
    return callback(*args, **kwargs)
           ^^^^^^^^^^^^^^^^^^^^^^^^^
  File "/home/ubuntu/tmath/.venv/lib/python3.12/site-packages/click/decorators.py", line 34, in new_func
    return f(get_current_context(), *args, **kwargs)
           ^^^^^^^^^^^^^^^^^^^^^^^^^^^^^^^^^^^^^^^^^
  File "/home/ubuntu/tmath/.venv/lib/python3.12/site-packages/celery/bin/base.py", line 158, in caller
    return f(ctx, *args, **kwargs)
           ^^^^^^^^^^^^^^^^^^^^^^^
  File "/home/ubuntu/tmath/.venv/lib/python3.12/site-packages/celery/bin/worker.py", line 359, in worker
    worker = app.Worker(
             ^^^^^^^^^^^
  File "/home/ubuntu/tmath/.venv/lib/python3.12/site-packages/celery/worker/worker.py", line 94, in __init__
    self.app.loader.init_worker()
  File "/home/ubuntu/tmath/.venv/lib/python3.12/site-packages/celery/loaders/base.py", line 110, in init_worker
    self.import_default_modules()
  File "/home/ubuntu/tmath/.venv/lib/python3.12/site-packages/celery/loaders/base.py", line 104, in import_default_modules
    raise response
  File "/home/ubuntu/tmath/.venv/lib/python3.12/site-packages/celery/utils/dispatch/signal.py", line 280, in send
    response = receiver(signal=self, sender=sender, **named)
               ^^^^^^^^^^^^^^^^^^^^^^^^^^^^^^^^^^^^^^^^^^^^^
  File "/home/ubuntu/tmath/.venv/lib/python3.12/site-packages/celery/fixups/django.py", line 103, in on_import_modules
    self.worker_fixup.validate_models()
  File "/home/ubuntu/tmath/.venv/lib/python3.12/site-packages/celery/fixups/django.py", line 154, in validate_models
    run_checks()
  File "/home/ubuntu/tmath/.venv/lib/python3.12/site-packages/django/core/checks/registry.py", line 88, in run_checks
    new_errors = check(app_configs=app_configs, databases=databases)
                 ^^^^^^^^^^^^^^^^^^^^^^^^^^^^^^^^^^^^^^^^^^^^^^^^^^^
  File "/home/ubuntu/tmath/.venv/lib/python3.12/site-packages/django/core/checks/urls.py", line 14, in check_url_config
    return check_resolver(resolver)
           ^^^^^^^^^^^^^^^^^^^^^^^^
  File "/home/ubuntu/tmath/.venv/lib/python3.12/site-packages/django/core/checks/urls.py", line 24, in check_resolver
    return check_method()
           ^^^^^^^^^^^^^^
  File "/home/ubuntu/tmath/.venv/lib/python3.12/site-packages/django/urls/resolvers.py", line 494, in check
    for pattern in self.url_patterns:
                   ^^^^^^^^^^^^^^^^^
  File "/home/ubuntu/tmath/.venv/lib/python3.12/site-packages/django/utils/functional.py", line 57, in __get__
    res = instance.__dict__[self.name] = self.func(instance)
                                         ^^^^^^^^^^^^^^^^^^^
  File "/home/ubuntu/tmath/.venv/lib/python3.12/site-packages/django/urls/resolvers.py", line 715, in url_patterns
    patterns = getattr(self.urlconf_module, "urlpatterns", self.urlconf_module)
                       ^^^^^^^^^^^^^^^^^^^
  File "/home/ubuntu/tmath/.venv/lib/python3.12/site-packages/django/utils/functional.py", line 57, in __get__
    res = instance.__dict__[self.name] = self.func(instance)
                                         ^^^^^^^^^^^^^^^^^^^
  File "/home/ubuntu/tmath/.venv/lib/python3.12/site-packages/django/urls/resolvers.py", line 708, in urlconf_module
    return import_module(self.urlconf_name)
           ^^^^^^^^^^^^^^^^^^^^^^^^^^^^^^^^
  File "/usr/lib/python3.12/importlib/__init__.py", line 90, in import_module
    return _bootstrap._gcd_import(name[level:], package, level)
           ^^^^^^^^^^^^^^^^^^^^^^^^^^^^^^^^^^^^^^^^^^^^^^^^^^^^
  File "<frozen importlib._bootstrap>", line 1387, in _gcd_import
  File "<frozen importlib._bootstrap>", line 1360, in _find_and_load
  File "<frozen importlib._bootstrap>", line 1331, in _find_and_load_unlocked
  File "<frozen importlib._bootstrap>", line 935, in _load_unlocked
  File "<frozen importlib._bootstrap_external>", line 995, in exec_module
  File "<frozen importlib._bootstrap>", line 488, in _call_with_frames_removed
  File "/home/ubuntu/tmath/tmath/urls.py", line 740, in <module>
    path('api/verify-admin/', verify_admin, name='verify_admin'),
                              ^^^^^^^^^^^^
NameError: name 'verify_admin' is not defined
ERROR 2026-09-20 14:55:01,807 signal Signal handler <bound method DjangoFixup.on_import_modules of <celery.fixups.django.DjangoFixup object at 0x7333b308d6a0>> raised: NameError("name 'verify_admin' is not defined")
Traceback (most recent call last):
  File "/home/ubuntu/tmath/.venv/lib/python3.12/site-packages/celery/utils/dispatch/signal.py", line 280, in send
    response = receiver(signal=self, sender=sender, **named)
               ^^^^^^^^^^^^^^^^^^^^^^^^^^^^^^^^^^^^^^^^^^^^^
  File "/home/ubuntu/tmath/.venv/lib/python3.12/site-packages/celery/fixups/django.py", line 103, in on_import_modules
    self.worker_fixup.validate_models()
  File "/home/ubuntu/tmath/.venv/lib/python3.12/site-packages/celery/fixups/django.py", line 154, in validate_models
    run_checks()
  File "/home/ubuntu/tmath/.venv/lib/python3.12/site-packages/django/core/checks/registry.py", line 88, in run_checks
    new_errors = check(app_configs=app_configs, databases=databases)
                 ^^^^^^^^^^^^^^^^^^^^^^^^^^^^^^^^^^^^^^^^^^^^^^^^^^^
  File "/home/ubuntu/tmath/.venv/lib/python3.12/site-packages/django/core/checks/urls.py", line 14, in check_url_config
    return check_resolver(resolver)
           ^^^^^^^^^^^^^^^^^^^^^^^^
  File "/home/ubuntu/tmath/.venv/lib/python3.12/site-packages/django/core/checks/urls.py", line 24, in check_resolver
    return check_method()
           ^^^^^^^^^^^^^^
  File "/home/ubuntu/tmath/.venv/lib/python3.12/site-packages/django/urls/resolvers.py", line 494, in check
    for pattern in self.url_patterns:
                   ^^^^^^^^^^^^^^^^^
  File "/home/ubuntu/tmath/.venv/lib/python3.12/site-packages/django/utils/functional.py", line 57, in __get__
    res = instance.__dict__[self.name] = self.func(instance)
                                         ^^^^^^^^^^^^^^^^^^^
  File "/home/ubuntu/tmath/.venv/lib/python3.12/site-packages/django/urls/resolvers.py", line 715, in url_patterns
    patterns = getattr(self.urlconf_module, "urlpatterns", self.urlconf_module)
                       ^^^^^^^^^^^^^^^^^^^
  File "/home/ubuntu/tmath/.venv/lib/python3.12/site-packages/django/utils/functional.py", line 57, in __get__
    res = instance.__dict__[self.name] = self.func(instance)
                                         ^^^^^^^^^^^^^^^^^^^
  File "/home/ubuntu/tmath/.venv/lib/python3.12/site-packages/django/urls/resolvers.py", line 708, in urlconf_module
    return import_module(self.urlconf_name)
           ^^^^^^^^^^^^^^^^^^^^^^^^^^^^^^^^
  File "/usr/lib/python3.12/importlib/__init__.py", line 90, in import_module
    return _bootstrap._gcd_import(name[level:], package, level)
           ^^^^^^^^^^^^^^^^^^^^^^^^^^^^^^^^^^^^^^^^^^^^^^^^^^^^
  File "<frozen importlib._bootstrap>", line 1387, in _gcd_import
  File "<frozen importlib._bootstrap>", line 1360, in _find_and_load
  File "<frozen importlib._bootstrap>", line 1331, in _find_and_load_unlocked
  File "<frozen importlib._bootstrap>", line 935, in _load_unlocked
  File "<frozen importlib._bootstrap_external>", line 995, in exec_module
  File "<frozen importlib._bootstrap>", line 488, in _call_with_frames_removed
  File "/home/ubuntu/tmath/tmath/urls.py", line 740, in <module>
    path('api/verify-admin/', verify_admin, name='verify_admin'),
                              ^^^^^^^^^^^^
NameError: name 'verify_admin' is not defined
Traceback (most recent call last):
  File "/home/ubuntu/tmath/.venv/bin/celery", line 6, in <module>
    sys.exit(main())
             ^^^^^^
  File "/home/ubuntu/tmath/.venv/lib/python3.12/site-packages/celery/__main__.py", line 15, in main
    sys.exit(_main())
             ^^^^^^^
  File "/home/ubuntu/tmath/.venv/lib/python3.12/site-packages/celery/bin/celery.py", line 227, in main
    return celery(auto_envvar_prefix="CELERY")
           ^^^^^^^^^^^^^^^^^^^^^^^^^^^^^^^^^^^
  File "/home/ubuntu/tmath/.venv/lib/python3.12/site-packages/click/core.py", line 1569, in __call__
    return self.main(*args, **kwargs)
           ^^^^^^^^^^^^^^^^^^^^^^^^^^
  File "/home/ubuntu/tmath/.venv/lib/python3.12/site-packages/click/core.py", line 1490, in main
    rv = self.invoke(ctx)
         ^^^^^^^^^^^^^^^^
  File "/home/ubuntu/tmath/.venv/lib/python3.12/site-packages/click/core.py", line 1970, in invoke
    return _process_result(sub_ctx.command.invoke(sub_ctx))
                           ^^^^^^^^^^^^^^^^^^^^^^^^^^^^^^^
  File "/home/ubuntu/tmath/.venv/lib/python3.12/site-packages/click/core.py", line 1353, in invoke
    return ctx.invoke(self.callback, **ctx.params)
           ^^^^^^^^^^^^^^^^^^^^^^^^^^^^^^^^^^^^^^^
  File "/home/ubuntu/tmath/.venv/lib/python3.12/site-packages/click/core.py", line 907, in invoke
    return callback(*args, **kwargs)
           ^^^^^^^^^^^^^^^^^^^^^^^^^
  File "/home/ubuntu/tmath/.venv/lib/python3.12/site-packages/click/decorators.py", line 34, in new_func
    return f(get_current_context(), *args, **kwargs)
           ^^^^^^^^^^^^^^^^^^^^^^^^^^^^^^^^^^^^^^^^^
  File "/home/ubuntu/tmath/.venv/lib/python3.12/site-packages/celery/bin/base.py", line 158, in caller
    return f(ctx, *args, **kwargs)
           ^^^^^^^^^^^^^^^^^^^^^^^
  File "/home/ubuntu/tmath/.venv/lib/python3.12/site-packages/celery/bin/worker.py", line 359, in worker
    worker = app.Worker(
             ^^^^^^^^^^^
  File "/home/ubuntu/tmath/.venv/lib/python3.12/site-packages/celery/worker/worker.py", line 94, in __init__
    self.app.loader.init_worker()
  File "/home/ubuntu/tmath/.venv/lib/python3.12/site-packages/celery/loaders/base.py", line 110, in init_worker
    self.import_default_modules()
  File "/home/ubuntu/tmath/.venv/lib/python3.12/site-packages/celery/loaders/base.py", line 104, in import_default_modules
    raise response
  File "/home/ubuntu/tmath/.venv/lib/python3.12/site-packages/celery/utils/dispatch/signal.py", line 280, in send
    response = receiver(signal=self, sender=sender, **named)
               ^^^^^^^^^^^^^^^^^^^^^^^^^^^^^^^^^^^^^^^^^^^^^
  File "/home/ubuntu/tmath/.venv/lib/python3.12/site-packages/celery/fixups/django.py", line 103, in on_import_modules
    self.worker_fixup.validate_models()
  File "/home/ubuntu/tmath/.venv/lib/python3.12/site-packages/celery/fixups/django.py", line 154, in validate_models
    run_checks()
  File "/home/ubuntu/tmath/.venv/lib/python3.12/site-packages/django/core/checks/registry.py", line 88, in run_checks
    new_errors = check(app_configs=app_configs, databases=databases)
                 ^^^^^^^^^^^^^^^^^^^^^^^^^^^^^^^^^^^^^^^^^^^^^^^^^^^
  File "/home/ubuntu/tmath/.venv/lib/python3.12/site-packages/django/core/checks/urls.py", line 14, in check_url_config
    return check_resolver(resolver)
           ^^^^^^^^^^^^^^^^^^^^^^^^
  File "/home/ubuntu/tmath/.venv/lib/python3.12/site-packages/django/core/checks/urls.py", line 24, in check_resolver
    return check_method()
           ^^^^^^^^^^^^^^
  File "/home/ubuntu/tmath/.venv/lib/python3.12/site-packages/django/urls/resolvers.py", line 494, in check
    for pattern in self.url_patterns:
                   ^^^^^^^^^^^^^^^^^
  File "/home/ubuntu/tmath/.venv/lib/python3.12/site-packages/django/utils/functional.py", line 57, in __get__
    res = instance.__dict__[self.name] = self.func(instance)
                                         ^^^^^^^^^^^^^^^^^^^
  File "/home/ubuntu/tmath/.venv/lib/python3.12/site-packages/django/urls/resolvers.py", line 715, in url_patterns
    patterns = getattr(self.urlconf_module, "urlpatterns", self.urlconf_module)
                       ^^^^^^^^^^^^^^^^^^^
  File "/home/ubuntu/tmath/.venv/lib/python3.12/site-packages/django/utils/functional.py", line 57, in __get__
    res = instance.__dict__[self.name] = self.func(instance)
                                         ^^^^^^^^^^^^^^^^^^^
  File "/home/ubuntu/tmath/.venv/lib/python3.12/site-packages/django/urls/resolvers.py", line 708, in urlconf_module
    return import_module(self.urlconf_name)
           ^^^^^^^^^^^^^^^^^^^^^^^^^^^^^^^^
  File "/usr/lib/python3.12/importlib/__init__.py", line 90, in import_module
    return _bootstrap._gcd_import(name[level:], package, level)
           ^^^^^^^^^^^^^^^^^^^^^^^^^^^^^^^^^^^^^^^^^^^^^^^^^^^^
  File "<frozen importlib._bootstrap>", line 1387, in _gcd_import
  File "<frozen importlib._bootstrap>", line 1360, in _find_and_load
  File "<frozen importlib._bootstrap>", line 1331, in _find_and_load_unlocked
  File "<frozen importlib._bootstrap>", line 935, in _load_unlocked
  File "<frozen importlib._bootstrap_external>", line 995, in exec_module
  File "<frozen importlib._bootstrap>", line 488, in _call_with_frames_removed
  File "/home/ubuntu/tmath/tmath/urls.py", line 740, in <module>
    path('api/verify-admin/', verify_admin, name='verify_admin'),
                              ^^^^^^^^^^^^
NameError: name 'verify_admin' is not defined
ERROR 2026-09-20 14:55:04,126 signal Signal handler <bound method DjangoFixup.on_import_modules of <celery.fixups.django.DjangoFixup object at 0x7c4edaf23b30>> raised: NameError("name 'verify_admin' is not defined")
Traceback (most recent call last):
  File "/home/ubuntu/tmath/.venv/lib/python3.12/site-packages/celery/utils/dispatch/signal.py", line 280, in send
    response = receiver(signal=self, sender=sender, **named)
               ^^^^^^^^^^^^^^^^^^^^^^^^^^^^^^^^^^^^^^^^^^^^^
  File "/home/ubuntu/tmath/.venv/lib/python3.12/site-packages/celery/fixups/django.py", line 103, in on_import_modules
    self.worker_fixup.validate_models()
  File "/home/ubuntu/tmath/.venv/lib/python3.12/site-packages/celery/fixups/django.py", line 154, in validate_models
    run_checks()
  File "/home/ubuntu/tmath/.venv/lib/python3.12/site-packages/django/core/checks/registry.py", line 88, in run_checks
    new_errors = check(app_configs=app_configs, databases=databases)
                 ^^^^^^^^^^^^^^^^^^^^^^^^^^^^^^^^^^^^^^^^^^^^^^^^^^^
  File "/home/ubuntu/tmath/.venv/lib/python3.12/site-packages/django/core/checks/urls.py", line 14, in check_url_config
    return check_resolver(resolver)
           ^^^^^^^^^^^^^^^^^^^^^^^^
  File "/home/ubuntu/tmath/.venv/lib/python3.12/site-packages/django/core/checks/urls.py", line 24, in check_resolver
    return check_method()
           ^^^^^^^^^^^^^^
  File "/home/ubuntu/tmath/.venv/lib/python3.12/site-packages/django/urls/resolvers.py", line 494, in check
    for pattern in self.url_patterns:
                   ^^^^^^^^^^^^^^^^^
  File "/home/ubuntu/tmath/.venv/lib/python3.12/site-packages/django/utils/functional.py", line 57, in __get__
    res = instance.__dict__[self.name] = self.func(instance)
                                         ^^^^^^^^^^^^^^^^^^^
  File "/home/ubuntu/tmath/.venv/lib/python3.12/site-packages/django/urls/resolvers.py", line 715, in url_patterns
    patterns = getattr(self.urlconf_module, "urlpatterns", self.urlconf_module)
                       ^^^^^^^^^^^^^^^^^^^
  File "/home/ubuntu/tmath/.venv/lib/python3.12/site-packages/django/utils/functional.py", line 57, in __get__
    res = instance.__dict__[self.name] = self.func(instance)
                                         ^^^^^^^^^^^^^^^^^^^
  File "/home/ubuntu/tmath/.venv/lib/python3.12/site-packages/django/urls/resolvers.py", line 708, in urlconf_module
    return import_module(self.urlconf_name)
           ^^^^^^^^^^^^^^^^^^^^^^^^^^^^^^^^
  File "/usr/lib/python3.12/importlib/__init__.py", line 90, in import_module
    return _bootstrap._gcd_import(name[level:], package, level)
           ^^^^^^^^^^^^^^^^^^^^^^^^^^^^^^^^^^^^^^^^^^^^^^^^^^^^
  File "<frozen importlib._bootstrap>", line 1387, in _gcd_import
  File "<frozen importlib._bootstrap>", line 1360, in _find_and_load
  File "<frozen importlib._bootstrap>", line 1331, in _find_and_load_unlocked
  File "<frozen importlib._bootstrap>", line 935, in _load_unlocked
  File "<frozen importlib._bootstrap_external>", line 995, in exec_module
  File "<frozen importlib._bootstrap>", line 488, in _call_with_frames_removed
  File "/home/ubuntu/tmath/tmath/urls.py", line 740, in <module>
    path('api/verify-admin/', verify_admin, name='verify_admin'),
                              ^^^^^^^^^^^^
NameError: name 'verify_admin' is not defined
Traceback (most recent call last):
  File "/home/ubuntu/tmath/.venv/bin/celery", line 6, in <module>
    sys.exit(main())
             ^^^^^^
  File "/home/ubuntu/tmath/.venv/lib/python3.12/site-packages/celery/__main__.py", line 15, in main
    sys.exit(_main())
             ^^^^^^^
  File "/home/ubuntu/tmath/.venv/lib/python3.12/site-packages/celery/bin/celery.py", line 227, in main
    return celery(auto_envvar_prefix="CELERY")
           ^^^^^^^^^^^^^^^^^^^^^^^^^^^^^^^^^^^
  File "/home/ubuntu/tmath/.venv/lib/python3.12/site-packages/click/core.py", line 1569, in __call__
    return self.main(*args, **kwargs)
           ^^^^^^^^^^^^^^^^^^^^^^^^^^
  File "/home/ubuntu/tmath/.venv/lib/python3.12/site-packages/click/core.py", line 1490, in main
    rv = self.invoke(ctx)
         ^^^^^^^^^^^^^^^^
  File "/home/ubuntu/tmath/.venv/lib/python3.12/site-packages/click/core.py", line 1970, in invoke
    return _process_result(sub_ctx.command.invoke(sub_ctx))
                           ^^^^^^^^^^^^^^^^^^^^^^^^^^^^^^^
  File "/home/ubuntu/tmath/.venv/lib/python3.12/site-packages/click/core.py", line 1353, in invoke
    return ctx.invoke(self.callback, **ctx.params)
           ^^^^^^^^^^^^^^^^^^^^^^^^^^^^^^^^^^^^^^^
  File "/home/ubuntu/tmath/.venv/lib/python3.12/site-packages/click/core.py", line 907, in invoke
    return callback(*args, **kwargs)
           ^^^^^^^^^^^^^^^^^^^^^^^^^
  File "/home/ubuntu/tmath/.venv/lib/python3.12/site-packages/click/decorators.py", line 34, in new_func
    return f(get_current_context(), *args, **kwargs)
           ^^^^^^^^^^^^^^^^^^^^^^^^^^^^^^^^^^^^^^^^^
  File "/home/ubuntu/tmath/.venv/lib/python3.12/site-packages/celery/bin/base.py", line 158, in caller
    return f(ctx, *args, **kwargs)
           ^^^^^^^^^^^^^^^^^^^^^^^
  File "/home/ubuntu/tmath/.venv/lib/python3.12/site-packages/celery/bin/worker.py", line 359, in worker
    worker = app.Worker(
             ^^^^^^^^^^^
  File "/home/ubuntu/tmath/.venv/lib/python3.12/site-packages/celery/worker/worker.py", line 94, in __init__
    self.app.loader.init_worker()
  File "/home/ubuntu/tmath/.venv/lib/python3.12/site-packages/celery/loaders/base.py", line 110, in init_worker
    self.import_default_modules()
  File "/home/ubuntu/tmath/.venv/lib/python3.12/site-packages/celery/loaders/base.py", line 104, in import_default_modules
    raise response
  File "/home/ubuntu/tmath/.venv/lib/python3.12/site-packages/celery/utils/dispatch/signal.py", line 280, in send
    response = receiver(signal=self, sender=sender, **named)
               ^^^^^^^^^^^^^^^^^^^^^^^^^^^^^^^^^^^^^^^^^^^^^
  File "/home/ubuntu/tmath/.venv/lib/python3.12/site-packages/celery/fixups/django.py", line 103, in on_import_modules
    self.worker_fixup.validate_models()
  File "/home/ubuntu/tmath/.venv/lib/python3.12/site-packages/celery/fixups/django.py", line 154, in validate_models
    run_checks()
  File "/home/ubuntu/tmath/.venv/lib/python3.12/site-packages/django/core/checks/registry.py", line 88, in run_checks
    new_errors = check(app_configs=app_configs, databases=databases)
                 ^^^^^^^^^^^^^^^^^^^^^^^^^^^^^^^^^^^^^^^^^^^^^^^^^^^
  File "/home/ubuntu/tmath/.venv/lib/python3.12/site-packages/django/core/checks/urls.py", line 14, in check_url_config
    return check_resolver(resolver)
           ^^^^^^^^^^^^^^^^^^^^^^^^
  File "/home/ubuntu/tmath/.venv/lib/python3.12/site-packages/django/core/checks/urls.py", line 24, in check_resolver
    return check_method()
           ^^^^^^^^^^^^^^
  File "/home/ubuntu/tmath/.venv/lib/python3.12/site-packages/django/urls/resolvers.py", line 494, in check
    for pattern in self.url_patterns:
                   ^^^^^^^^^^^^^^^^^
  File "/home/ubuntu/tmath/.venv/lib/python3.12/site-packages/django/utils/functional.py", line 57, in __get__
    res = instance.__dict__[self.name] = self.func(instance)
                                         ^^^^^^^^^^^^^^^^^^^
  File "/home/ubuntu/tmath/.venv/lib/python3.12/site-packages/django/urls/resolvers.py", line 715, in url_patterns
    patterns = getattr(self.urlconf_module, "urlpatterns", self.urlconf_module)
                       ^^^^^^^^^^^^^^^^^^^
  File "/home/ubuntu/tmath/.venv/lib/python3.12/site-packages/django/utils/functional.py", line 57, in __get__
    res = instance.__dict__[self.name] = self.func(instance)
                                         ^^^^^^^^^^^^^^^^^^^
  File "/home/ubuntu/tmath/.venv/lib/python3.12/site-packages/django/urls/resolvers.py", line 708, in urlconf_module
    return import_module(self.urlconf_name)
           ^^^^^^^^^^^^^^^^^^^^^^^^^^^^^^^^
  File "/usr/lib/python3.12/importlib/__init__.py", line 90, in import_module
    return _bootstrap._gcd_import(name[level:], package, level)
           ^^^^^^^^^^^^^^^^^^^^^^^^^^^^^^^^^^^^^^^^^^^^^^^^^^^^
  File "<frozen importlib._bootstrap>", line 1387, in _gcd_import
  File "<frozen importlib._bootstrap>", line 1360, in _find_and_load
  File "<frozen importlib._bootstrap>", line 1331, in _find_and_load_unlocked
  File "<frozen importlib._bootstrap>", line 935, in _load_unlocked
  File "<frozen importlib._bootstrap_external>", line 995, in exec_module
  File "<frozen importlib._bootstrap>", line 488, in _call_with_frames_removed
  File "/home/ubuntu/tmath/tmath/urls.py", line 740, in <module>
    path('api/verify-admin/', verify_admin, name='verify_admin'),
                              ^^^^^^^^^^^^
NameError: name 'verify_admin' is not defined
ERROR 2026-09-20 14:55:06,575 signal Signal handler <bound method DjangoFixup.on_import_modules of <celery.fixups.django.DjangoFixup object at 0x7bac30119f70>> raised: NameError("name 'verify_admin' is not defined")
Traceback (most recent call last):
  File "/home/ubuntu/tmath/.venv/lib/python3.12/site-packages/celery/utils/dispatch/signal.py", line 280, in send
    response = receiver(signal=self, sender=sender, **named)
               ^^^^^^^^^^^^^^^^^^^^^^^^^^^^^^^^^^^^^^^^^^^^^
  File "/home/ubuntu/tmath/.venv/lib/python3.12/site-packages/celery/fixups/django.py", line 103, in on_import_modules
    self.worker_fixup.validate_models()
  File "/home/ubuntu/tmath/.venv/lib/python3.12/site-packages/celery/fixups/django.py", line 154, in validate_models
    run_checks()
  File "/home/ubuntu/tmath/.venv/lib/python3.12/site-packages/django/core/checks/registry.py", line 88, in run_checks
    new_errors = check(app_configs=app_configs, databases=databases)
                 ^^^^^^^^^^^^^^^^^^^^^^^^^^^^^^^^^^^^^^^^^^^^^^^^^^^
  File "/home/ubuntu/tmath/.venv/lib/python3.12/site-packages/django/core/checks/urls.py", line 14, in check_url_config
    return check_resolver(resolver)
           ^^^^^^^^^^^^^^^^^^^^^^^^
  File "/home/ubuntu/tmath/.venv/lib/python3.12/site-packages/django/core/checks/urls.py", line 24, in check_resolver
    return check_method()
           ^^^^^^^^^^^^^^
  File "/home/ubuntu/tmath/.venv/lib/python3.12/site-packages/django/urls/resolvers.py", line 494, in check
    for pattern in self.url_patterns:
                   ^^^^^^^^^^^^^^^^^
  File "/home/ubuntu/tmath/.venv/lib/python3.12/site-packages/django/utils/functional.py", line 57, in __get__
    res = instance.__dict__[self.name] = self.func(instance)
                                         ^^^^^^^^^^^^^^^^^^^
  File "/home/ubuntu/tmath/.venv/lib/python3.12/site-packages/django/urls/resolvers.py", line 715, in url_patterns
    patterns = getattr(self.urlconf_module, "urlpatterns", self.urlconf_module)
                       ^^^^^^^^^^^^^^^^^^^
  File "/home/ubuntu/tmath/.venv/lib/python3.12/site-packages/django/utils/functional.py", line 57, in __get__
    res = instance.__dict__[self.name] = self.func(instance)
                                         ^^^^^^^^^^^^^^^^^^^
  File "/home/ubuntu/tmath/.venv/lib/python3.12/site-packages/django/urls/resolvers.py", line 708, in urlconf_module
    return import_module(self.urlconf_name)
           ^^^^^^^^^^^^^^^^^^^^^^^^^^^^^^^^
  File "/usr/lib/python3.12/importlib/__init__.py", line 90, in import_module
    return _bootstrap._gcd_import(name[level:], package, level)
           ^^^^^^^^^^^^^^^^^^^^^^^^^^^^^^^^^^^^^^^^^^^^^^^^^^^^
  File "<frozen importlib._bootstrap>", line 1387, in _gcd_import
  File "<frozen importlib._bootstrap>", line 1360, in _find_and_load
  File "<frozen importlib._bootstrap>", line 1331, in _find_and_load_unlocked
  File "<frozen importlib._bootstrap>", line 935, in _load_unlocked
  File "<frozen importlib._bootstrap_external>", line 995, in exec_module
  File "<frozen importlib._bootstrap>", line 488, in _call_with_frames_removed
  File "/home/ubuntu/tmath/tmath/urls.py", line 740, in <module>
    path('api/verify-admin/', verify_admin, name='verify_admin'),
                              ^^^^^^^^^^^^
NameError: name 'verify_admin' is not defined
Traceback (most recent call last):
  File "/home/ubuntu/tmath/.venv/bin/celery", line 6, in <module>
    sys.exit(main())
             ^^^^^^
  File "/home/ubuntu/tmath/.venv/lib/python3.12/site-packages/celery/__main__.py", line 15, in main
    sys.exit(_main())
             ^^^^^^^
  File "/home/ubuntu/tmath/.venv/lib/python3.12/site-packages/celery/bin/celery.py", line 227, in main
    return celery(auto_envvar_prefix="CELERY")
           ^^^^^^^^^^^^^^^^^^^^^^^^^^^^^^^^^^^
  File "/home/ubuntu/tmath/.venv/lib/python3.12/site-packages/click/core.py", line 1569, in __call__
    return self.main(*args, **kwargs)
           ^^^^^^^^^^^^^^^^^^^^^^^^^^
  File "/home/ubuntu/tmath/.venv/lib/python3.12/site-packages/click/core.py", line 1490, in main
    rv = self.invoke(ctx)
         ^^^^^^^^^^^^^^^^
  File "/home/ubuntu/tmath/.venv/lib/python3.12/site-packages/click/core.py", line 1970, in invoke
    return _process_result(sub_ctx.command.invoke(sub_ctx))
                           ^^^^^^^^^^^^^^^^^^^^^^^^^^^^^^^
  File "/home/ubuntu/tmath/.venv/lib/python3.12/site-packages/click/core.py", line 1353, in invoke
    return ctx.invoke(self.callback, **ctx.params)
           ^^^^^^^^^^^^^^^^^^^^^^^^^^^^^^^^^^^^^^^
  File "/home/ubuntu/tmath/.venv/lib/python3.12/site-packages/click/core.py", line 907, in invoke
    return callback(*args, **kwargs)
           ^^^^^^^^^^^^^^^^^^^^^^^^^
  File "/home/ubuntu/tmath/.venv/lib/python3.12/site-packages/click/decorators.py", line 34, in new_func
    return f(get_current_context(), *args, **kwargs)
           ^^^^^^^^^^^^^^^^^^^^^^^^^^^^^^^^^^^^^^^^^
  File "/home/ubuntu/tmath/.venv/lib/python3.12/site-packages/celery/bin/base.py", line 158, in caller
    return f(ctx, *args, **kwargs)
           ^^^^^^^^^^^^^^^^^^^^^^^
  File "/home/ubuntu/tmath/.venv/lib/python3.12/site-packages/celery/bin/worker.py", line 359, in worker
    worker = app.Worker(
             ^^^^^^^^^^^
  File "/home/ubuntu/tmath/.venv/lib/python3.12/site-packages/celery/worker/worker.py", line 94, in __init__
    self.app.loader.init_worker()
  File "/home/ubuntu/tmath/.venv/lib/python3.12/site-packages/celery/loaders/base.py", line 110, in init_worker
    self.import_default_modules()
  File "/home/ubuntu/tmath/.venv/lib/python3.12/site-packages/celery/loaders/base.py", line 104, in import_default_modules
    raise response
  File "/home/ubuntu/tmath/.venv/lib/python3.12/site-packages/celery/utils/dispatch/signal.py", line 280, in send
    response = receiver(signal=self, sender=sender, **named)
               ^^^^^^^^^^^^^^^^^^^^^^^^^^^^^^^^^^^^^^^^^^^^^
  File "/home/ubuntu/tmath/.venv/lib/python3.12/site-packages/celery/fixups/django.py", line 103, in on_import_modules
    self.worker_fixup.validate_models()
  File "/home/ubuntu/tmath/.venv/lib/python3.12/site-packages/celery/fixups/django.py", line 154, in validate_models
    run_checks()
  File "/home/ubuntu/tmath/.venv/lib/python3.12/site-packages/django/core/checks/registry.py", line 88, in run_checks
    new_errors = check(app_configs=app_configs, databases=databases)
                 ^^^^^^^^^^^^^^^^^^^^^^^^^^^^^^^^^^^^^^^^^^^^^^^^^^^
  File "/home/ubuntu/tmath/.venv/lib/python3.12/site-packages/django/core/checks/urls.py", line 14, in check_url_config
    return check_resolver(resolver)
           ^^^^^^^^^^^^^^^^^^^^^^^^
  File "/home/ubuntu/tmath/.venv/lib/python3.12/site-packages/django/core/checks/urls.py", line 24, in check_resolver
    return check_method()
           ^^^^^^^^^^^^^^
  File "/home/ubuntu/tmath/.venv/lib/python3.12/site-packages/django/urls/resolvers.py", line 494, in check
    for pattern in self.url_patterns:
                   ^^^^^^^^^^^^^^^^^
  File "/home/ubuntu/tmath/.venv/lib/python3.12/site-packages/django/utils/functional.py", line 57, in __get__
    res = instance.__dict__[self.name] = self.func(instance)
                                         ^^^^^^^^^^^^^^^^^^^
  File "/home/ubuntu/tmath/.venv/lib/python3.12/site-packages/django/urls/resolvers.py", line 715, in url_patterns
    patterns = getattr(self.urlconf_module, "urlpatterns", self.urlconf_module)
                       ^^^^^^^^^^^^^^^^^^^
  File "/home/ubuntu/tmath/.venv/lib/python3.12/site-packages/django/utils/functional.py", line 57, in __get__
    res = instance.__dict__[self.name] = self.func(instance)
                                         ^^^^^^^^^^^^^^^^^^^
  File "/home/ubuntu/tmath/.venv/lib/python3.12/site-packages/django/urls/resolvers.py", line 708, in urlconf_module
    return import_module(self.urlconf_name)
           ^^^^^^^^^^^^^^^^^^^^^^^^^^^^^^^^
  File "/usr/lib/python3.12/importlib/__init__.py", line 90, in import_module
    return _bootstrap._gcd_import(name[level:], package, level)
           ^^^^^^^^^^^^^^^^^^^^^^^^^^^^^^^^^^^^^^^^^^^^^^^^^^^^
  File "<frozen importlib._bootstrap>", line 1387, in _gcd_import
  File "<frozen importlib._bootstrap>", line 1360, in _find_and_load
  File "<frozen importlib._bootstrap>", line 1331, in _find_and_load_unlocked
  File "<frozen importlib._bootstrap>", line 935, in _load_unlocked
  File "<frozen importlib._bootstrap_external>", line 995, in exec_module
  File "<frozen importlib._bootstrap>", line 488, in _call_with_frames_removed
  File "/home/ubuntu/tmath/tmath/urls.py", line 740, in <module>
    path('api/verify-admin/', verify_admin, name='verify_admin'),
                              ^^^^^^^^^^^^
NameError: name 'verify_admin' is not defined
ERROR 2026-09-20 14:55:08,954 signal Signal handler <bound method DjangoFixup.on_import_modules of <celery.fixups.django.DjangoFixup object at 0x7f6e34a75970>> raised: NameError("name 'verify_admin' is not defined")
Traceback (most recent call last):
  File "/home/ubuntu/tmath/.venv/lib/python3.12/site-packages/celery/utils/dispatch/signal.py", line 280, in send
    response = receiver(signal=self, sender=sender, **named)
               ^^^^^^^^^^^^^^^^^^^^^^^^^^^^^^^^^^^^^^^^^^^^^
  File "/home/ubuntu/tmath/.venv/lib/python3.12/site-packages/celery/fixups/django.py", line 103, in on_import_modules
    self.worker_fixup.validate_models()
  File "/home/ubuntu/tmath/.venv/lib/python3.12/site-packages/celery/fixups/django.py", line 154, in validate_models
    run_checks()
  File "/home/ubuntu/tmath/.venv/lib/python3.12/site-packages/django/core/checks/registry.py", line 88, in run_checks
    new_errors = check(app_configs=app_configs, databases=databases)
                 ^^^^^^^^^^^^^^^^^^^^^^^^^^^^^^^^^^^^^^^^^^^^^^^^^^^
  File "/home/ubuntu/tmath/.venv/lib/python3.12/site-packages/django/core/checks/urls.py", line 14, in check_url_config
    return check_resolver(resolver)
           ^^^^^^^^^^^^^^^^^^^^^^^^
  File "/home/ubuntu/tmath/.venv/lib/python3.12/site-packages/django/core/checks/urls.py", line 24, in check_resolver
    return check_method()
           ^^^^^^^^^^^^^^
  File "/home/ubuntu/tmath/.venv/lib/python3.12/site-packages/django/urls/resolvers.py", line 494, in check
    for pattern in self.url_patterns:
                   ^^^^^^^^^^^^^^^^^
  File "/home/ubuntu/tmath/.venv/lib/python3.12/site-packages/django/utils/functional.py", line 57, in __get__
    res = instance.__dict__[self.name] = self.func(instance)
                                         ^^^^^^^^^^^^^^^^^^^
  File "/home/ubuntu/tmath/.venv/lib/python3.12/site-packages/django/urls/resolvers.py", line 715, in url_patterns
    patterns = getattr(self.urlconf_module, "urlpatterns", self.urlconf_module)
                       ^^^^^^^^^^^^^^^^^^^
  File "/home/ubuntu/tmath/.venv/lib/python3.12/site-packages/django/utils/functional.py", line 57, in __get__
    res = instance.__dict__[self.name] = self.func(instance)
                                         ^^^^^^^^^^^^^^^^^^^
  File "/home/ubuntu/tmath/.venv/lib/python3.12/site-packages/django/urls/resolvers.py", line 708, in urlconf_module
    return import_module(self.urlconf_name)
           ^^^^^^^^^^^^^^^^^^^^^^^^^^^^^^^^
  File "/usr/lib/python3.12/importlib/__init__.py", line 90, in import_module
    return _bootstrap._gcd_import(name[level:], package, level)
           ^^^^^^^^^^^^^^^^^^^^^^^^^^^^^^^^^^^^^^^^^^^^^^^^^^^^
  File "<frozen importlib._bootstrap>", line 1387, in _gcd_import
  File "<frozen importlib._bootstrap>", line 1360, in _find_and_load
  File "<frozen importlib._bootstrap>", line 1331, in _find_and_load_unlocked
  File "<frozen importlib._bootstrap>", line 935, in _load_unlocked
  File "<frozen importlib._bootstrap_external>", line 995, in exec_module
  File "<frozen importlib._bootstrap>", line 488, in _call_with_frames_removed
  File "/home/ubuntu/tmath/tmath/urls.py", line 740, in <module>
    path('api/verify-admin/', verify_admin, name='verify_admin'),
                              ^^^^^^^^^^^^
NameError: name 'verify_admin' is not defined
Traceback (most recent call last):
  File "/home/ubuntu/tmath/.venv/bin/celery", line 6, in <module>
    sys.exit(main())
             ^^^^^^
  File "/home/ubuntu/tmath/.venv/lib/python3.12/site-packages/celery/__main__.py", line 15, in main
    sys.exit(_main())
             ^^^^^^^
  File "/home/ubuntu/tmath/.venv/lib/python3.12/site-packages/celery/bin/celery.py", line 227, in main
    return celery(auto_envvar_prefix="CELERY")
           ^^^^^^^^^^^^^^^^^^^^^^^^^^^^^^^^^^^
  File "/home/ubuntu/tmath/.venv/lib/python3.12/site-packages/click/core.py", line 1569, in __call__
    return self.main(*args, **kwargs)
           ^^^^^^^^^^^^^^^^^^^^^^^^^^
  File "/home/ubuntu/tmath/.venv/lib/python3.12/site-packages/click/core.py", line 1490, in main
    rv = self.invoke(ctx)
         ^^^^^^^^^^^^^^^^
  File "/home/ubuntu/tmath/.venv/lib/python3.12/site-packages/click/core.py", line 1970, in invoke
    return _process_result(sub_ctx.command.invoke(sub_ctx))
                           ^^^^^^^^^^^^^^^^^^^^^^^^^^^^^^^
  File "/home/ubuntu/tmath/.venv/lib/python3.12/site-packages/click/core.py", line 1353, in invoke
    return ctx.invoke(self.callback, **ctx.params)
           ^^^^^^^^^^^^^^^^^^^^^^^^^^^^^^^^^^^^^^^
  File "/home/ubuntu/tmath/.venv/lib/python3.12/site-packages/click/core.py", line 907, in invoke
    return callback(*args, **kwargs)
           ^^^^^^^^^^^^^^^^^^^^^^^^^
  File "/home/ubuntu/tmath/.venv/lib/python3.12/site-packages/click/decorators.py", line 34, in new_func
    return f(get_current_context(), *args, **kwargs)
           ^^^^^^^^^^^^^^^^^^^^^^^^^^^^^^^^^^^^^^^^^
  File "/home/ubuntu/tmath/.venv/lib/python3.12/site-packages/celery/bin/base.py", line 158, in caller
    return f(ctx, *args, **kwargs)
           ^^^^^^^^^^^^^^^^^^^^^^^
  File "/home/ubuntu/tmath/.venv/lib/python3.12/site-packages/celery/bin/worker.py", line 359, in worker
    worker = app.Worker(
             ^^^^^^^^^^^
  File "/home/ubuntu/tmath/.venv/lib/python3.12/site-packages/celery/worker/worker.py", line 94, in __init__
    self.app.loader.init_worker()
  File "/home/ubuntu/tmath/.venv/lib/python3.12/site-packages/celery/loaders/base.py", line 110, in init_worker
    self.import_default_modules()
  File "/home/ubuntu/tmath/.venv/lib/python3.12/site-packages/celery/loaders/base.py", line 104, in import_default_modules
    raise response
  File "/home/ubuntu/tmath/.venv/lib/python3.12/site-packages/celery/utils/dispatch/signal.py", line 280, in send
    response = receiver(signal=self, sender=sender, **named)
               ^^^^^^^^^^^^^^^^^^^^^^^^^^^^^^^^^^^^^^^^^^^^^
  File "/home/ubuntu/tmath/.venv/lib/python3.12/site-packages/celery/fixups/django.py", line 103, in on_import_modules
    self.worker_fixup.validate_models()
  File "/home/ubuntu/tmath/.venv/lib/python3.12/site-packages/celery/fixups/django.py", line 154, in validate_models
    run_checks()
  File "/home/ubuntu/tmath/.venv/lib/python3.12/site-packages/django/core/checks/registry.py", line 88, in run_checks
    new_errors = check(app_configs=app_configs, databases=databases)
                 ^^^^^^^^^^^^^^^^^^^^^^^^^^^^^^^^^^^^^^^^^^^^^^^^^^^
  File "/home/ubuntu/tmath/.venv/lib/python3.12/site-packages/django/core/checks/urls.py", line 14, in check_url_config
    return check_resolver(resolver)
           ^^^^^^^^^^^^^^^^^^^^^^^^
  File "/home/ubuntu/tmath/.venv/lib/python3.12/site-packages/django/core/checks/urls.py", line 24, in check_resolver
    return check_method()
           ^^^^^^^^^^^^^^
  File "/home/ubuntu/tmath/.venv/lib/python3.12/site-packages/django/urls/resolvers.py", line 494, in check
    for pattern in self.url_patterns:
                   ^^^^^^^^^^^^^^^^^
  File "/home/ubuntu/tmath/.venv/lib/python3.12/site-packages/django/utils/functional.py", line 57, in __get__
    res = instance.__dict__[self.name] = self.func(instance)
                                         ^^^^^^^^^^^^^^^^^^^
  File "/home/ubuntu/tmath/.venv/lib/python3.12/site-packages/django/urls/resolvers.py", line 715, in url_patterns
    patterns = getattr(self.urlconf_module, "urlpatterns", self.urlconf_module)
                       ^^^^^^^^^^^^^^^^^^^
  File "/home/ubuntu/tmath/.venv/lib/python3.12/site-packages/django/utils/functional.py", line 57, in __get__
    res = instance.__dict__[self.name] = self.func(instance)
                                         ^^^^^^^^^^^^^^^^^^^
  File "/home/ubuntu/tmath/.venv/lib/python3.12/site-packages/django/urls/resolvers.py", line 708, in urlconf_module
    return import_module(self.urlconf_name)
           ^^^^^^^^^^^^^^^^^^^^^^^^^^^^^^^^
  File "/usr/lib/python3.12/importlib/__init__.py", line 90, in import_module
    return _bootstrap._gcd_import(name[level:], package, level)
           ^^^^^^^^^^^^^^^^^^^^^^^^^^^^^^^^^^^^^^^^^^^^^^^^^^^^
  File "<frozen importlib._bootstrap>", line 1387, in _gcd_import
  File "<frozen importlib._bootstrap>", line 1360, in _find_and_load
  File "<frozen importlib._bootstrap>", line 1331, in _find_and_load_unlocked
  File "<frozen importlib._bootstrap>", line 935, in _load_unlocked
  File "<frozen importlib._bootstrap_external>", line 995, in exec_module
  File "<frozen importlib._bootstrap>", line 488, in _call_with_frames_removed
  File "/home/ubuntu/tmath/tmath/urls.py", line 740, in <module>
    path('api/verify-admin/', verify_admin, name='verify_admin'),
                              ^^^^^^^^^^^^
NameError: name 'verify_admin' is not defined
ERROR 2026-09-20 14:55:11,541 signal Signal handler <bound method DjangoFixup.on_import_modules of <celery.fixups.django.DjangoFixup object at 0x769aa982fad0>> raised: NameError("name 'verify_admin' is not defined")
Traceback (most recent call last):
  File "/home/ubuntu/tmath/.venv/lib/python3.12/site-packages/celery/utils/dispatch/signal.py", line 280, in send
    response = receiver(signal=self, sender=sender, **named)
               ^^^^^^^^^^^^^^^^^^^^^^^^^^^^^^^^^^^^^^^^^^^^^
  File "/home/ubuntu/tmath/.venv/lib/python3.12/site-packages/celery/fixups/django.py", line 103, in on_import_modules
    self.worker_fixup.validate_models()
  File "/home/ubuntu/tmath/.venv/lib/python3.12/site-packages/celery/fixups/django.py", line 154, in validate_models
    run_checks()
  File "/home/ubuntu/tmath/.venv/lib/python3.12/site-packages/django/core/checks/registry.py", line 88, in run_checks
    new_errors = check(app_configs=app_configs, databases=databases)
                 ^^^^^^^^^^^^^^^^^^^^^^^^^^^^^^^^^^^^^^^^^^^^^^^^^^^
  File "/home/ubuntu/tmath/.venv/lib/python3.12/site-packages/django/core/checks/urls.py", line 14, in check_url_config
    return check_resolver(resolver)
           ^^^^^^^^^^^^^^^^^^^^^^^^
  File "/home/ubuntu/tmath/.venv/lib/python3.12/site-packages/django/core/checks/urls.py", line 24, in check_resolver
    return check_method()
           ^^^^^^^^^^^^^^
  File "/home/ubuntu/tmath/.venv/lib/python3.12/site-packages/django/urls/resolvers.py", line 494, in check
    for pattern in self.url_patterns:
                   ^^^^^^^^^^^^^^^^^
  File "/home/ubuntu/tmath/.venv/lib/python3.12/site-packages/django/utils/functional.py", line 57, in __get__
    res = instance.__dict__[self.name] = self.func(instance)
                                         ^^^^^^^^^^^^^^^^^^^
  File "/home/ubuntu/tmath/.venv/lib/python3.12/site-packages/django/urls/resolvers.py", line 715, in url_patterns
    patterns = getattr(self.urlconf_module, "urlpatterns", self.urlconf_module)
                       ^^^^^^^^^^^^^^^^^^^
  File "/home/ubuntu/tmath/.venv/lib/python3.12/site-packages/django/utils/functional.py", line 57, in __get__
    res = instance.__dict__[self.name] = self.func(instance)
                                         ^^^^^^^^^^^^^^^^^^^
  File "/home/ubuntu/tmath/.venv/lib/python3.12/site-packages/django/urls/resolvers.py", line 708, in urlconf_module
    return import_module(self.urlconf_name)
           ^^^^^^^^^^^^^^^^^^^^^^^^^^^^^^^^
  File "/usr/lib/python3.12/importlib/__init__.py", line 90, in import_module
    return _bootstrap._gcd_import(name[level:], package, level)
           ^^^^^^^^^^^^^^^^^^^^^^^^^^^^^^^^^^^^^^^^^^^^^^^^^^^^
  File "<frozen importlib._bootstrap>", line 1387, in _gcd_import
  File "<frozen importlib._bootstrap>", line 1360, in _find_and_load
  File "<frozen importlib._bootstrap>", line 1331, in _find_and_load_unlocked
  File "<frozen importlib._bootstrap>", line 935, in _load_unlocked
  File "<frozen importlib._bootstrap_external>", line 995, in exec_module
  File "<frozen importlib._bootstrap>", line 488, in _call_with_frames_removed
  File "/home/ubuntu/tmath/tmath/urls.py", line 740, in <module>
    path('api/verify-admin/', verify_admin, name='verify_admin'),
                              ^^^^^^^^^^^^
NameError: name 'verify_admin' is not defined
Traceback (most recent call last):
  File "/home/ubuntu/tmath/.venv/bin/celery", line 6, in <module>
    sys.exit(main())
             ^^^^^^
  File "/home/ubuntu/tmath/.venv/lib/python3.12/site-packages/celery/__main__.py", line 15, in main
    sys.exit(_main())
             ^^^^^^^
  File "/home/ubuntu/tmath/.venv/lib/python3.12/site-packages/celery/bin/celery.py", line 227, in main
    return celery(auto_envvar_prefix="CELERY")
           ^^^^^^^^^^^^^^^^^^^^^^^^^^^^^^^^^^^
  File "/home/ubuntu/tmath/.venv/lib/python3.12/site-packages/click/core.py", line 1569, in __call__
    return self.main(*args, **kwargs)
           ^^^^^^^^^^^^^^^^^^^^^^^^^^
  File "/home/ubuntu/tmath/.venv/lib/python3.12/site-packages/click/core.py", line 1490, in main
    rv = self.invoke(ctx)
         ^^^^^^^^^^^^^^^^
  File "/home/ubuntu/tmath/.venv/lib/python3.12/site-packages/click/core.py", line 1970, in invoke
    return _process_result(sub_ctx.command.invoke(sub_ctx))
                           ^^^^^^^^^^^^^^^^^^^^^^^^^^^^^^^
  File "/home/ubuntu/tmath/.venv/lib/python3.12/site-packages/click/core.py", line 1353, in invoke
    return ctx.invoke(self.callback, **ctx.params)
           ^^^^^^^^^^^^^^^^^^^^^^^^^^^^^^^^^^^^^^^
  File "/home/ubuntu/tmath/.venv/lib/python3.12/site-packages/click/core.py", line 907, in invoke
    return callback(*args, **kwargs)
           ^^^^^^^^^^^^^^^^^^^^^^^^^
  File "/home/ubuntu/tmath/.venv/lib/python3.12/site-packages/click/decorators.py", line 34, in new_func
    return f(get_current_context(), *args, **kwargs)
           ^^^^^^^^^^^^^^^^^^^^^^^^^^^^^^^^^^^^^^^^^
  File "/home/ubuntu/tmath/.venv/lib/python3.12/site-packages/celery/bin/base.py", line 158, in caller
    return f(ctx, *args, **kwargs)
           ^^^^^^^^^^^^^^^^^^^^^^^
  File "/home/ubuntu/tmath/.venv/lib/python3.12/site-packages/celery/bin/worker.py", line 359, in worker
    worker = app.Worker(
             ^^^^^^^^^^^
  File "/home/ubuntu/tmath/.venv/lib/python3.12/site-packages/celery/worker/worker.py", line 94, in __init__
    self.app.loader.init_worker()
  File "/home/ubuntu/tmath/.venv/lib/python3.12/site-packages/celery/loaders/base.py", line 110, in init_worker
    self.import_default_modules()
  File "/home/ubuntu/tmath/.venv/lib/python3.12/site-packages/celery/loaders/base.py", line 104, in import_default_modules
    raise response
  File "/home/ubuntu/tmath/.venv/lib/python3.12/site-packages/celery/utils/dispatch/signal.py", line 280, in send
    response = receiver(signal=self, sender=sender, **named)
               ^^^^^^^^^^^^^^^^^^^^^^^^^^^^^^^^^^^^^^^^^^^^^
  File "/home/ubuntu/tmath/.venv/lib/python3.12/site-packages/celery/fixups/django.py", line 103, in on_import_modules
    self.worker_fixup.validate_models()
  File "/home/ubuntu/tmath/.venv/lib/python3.12/site-packages/celery/fixups/django.py", line 154, in validate_models
    run_checks()
  File "/home/ubuntu/tmath/.venv/lib/python3.12/site-packages/django/core/checks/registry.py", line 88, in run_checks
    new_errors = check(app_configs=app_configs, databases=databases)
                 ^^^^^^^^^^^^^^^^^^^^^^^^^^^^^^^^^^^^^^^^^^^^^^^^^^^
  File "/home/ubuntu/tmath/.venv/lib/python3.12/site-packages/django/core/checks/urls.py", line 14, in check_url_config
    return check_resolver(resolver)
           ^^^^^^^^^^^^^^^^^^^^^^^^
  File "/home/ubuntu/tmath/.venv/lib/python3.12/site-packages/django/core/checks/urls.py", line 24, in check_resolver
    return check_method()
           ^^^^^^^^^^^^^^
  File "/home/ubuntu/tmath/.venv/lib/python3.12/site-packages/django/urls/resolvers.py", line 494, in check
    for pattern in self.url_patterns:
                   ^^^^^^^^^^^^^^^^^
  File "/home/ubuntu/tmath/.venv/lib/python3.12/site-packages/django/utils/functional.py", line 57, in __get__
    res = instance.__dict__[self.name] = self.func(instance)
                                         ^^^^^^^^^^^^^^^^^^^
  File "/home/ubuntu/tmath/.venv/lib/python3.12/site-packages/django/urls/resolvers.py", line 715, in url_patterns
    patterns = getattr(self.urlconf_module, "urlpatterns", self.urlconf_module)
                       ^^^^^^^^^^^^^^^^^^^
  File "/home/ubuntu/tmath/.venv/lib/python3.12/site-packages/django/utils/functional.py", line 57, in __get__
    res = instance.__dict__[self.name] = self.func(instance)
                                         ^^^^^^^^^^^^^^^^^^^
  File "/home/ubuntu/tmath/.venv/lib/python3.12/site-packages/django/urls/resolvers.py", line 708, in urlconf_module
    return import_module(self.urlconf_name)
           ^^^^^^^^^^^^^^^^^^^^^^^^^^^^^^^^
  File "/usr/lib/python3.12/importlib/__init__.py", line 90, in import_module
    return _bootstrap._gcd_import(name[level:], package, level)
           ^^^^^^^^^^^^^^^^^^^^^^^^^^^^^^^^^^^^^^^^^^^^^^^^^^^^
  File "<frozen importlib._bootstrap>", line 1387, in _gcd_import
  File "<frozen importlib._bootstrap>", line 1360, in _find_and_load
  File "<frozen importlib._bootstrap>", line 1331, in _find_and_load_unlocked
  File "<frozen importlib._bootstrap>", line 935, in _load_unlocked
  File "<frozen importlib._bootstrap_external>", line 995, in exec_module
  File "<frozen importlib._bootstrap>", line 488, in _call_with_frames_removed
  File "/home/ubuntu/tmath/tmath/urls.py", line 740, in <module>
    path('api/verify-admin/', verify_admin, name='verify_admin'),
                              ^^^^^^^^^^^^
NameError: name 'verify_admin' is not defined
ERROR 2026-09-20 14:55:13,935 signal Signal handler <bound method DjangoFixup.on_import_modules of <celery.fixups.django.DjangoFixup object at 0x72cbdd9a99a0>> raised: NameError("name 'verify_admin' is not defined")
Traceback (most recent call last):
  File "/home/ubuntu/tmath/.venv/lib/python3.12/site-packages/celery/utils/dispatch/signal.py", line 280, in send
    response = receiver(signal=self, sender=sender, **named)
               ^^^^^^^^^^^^^^^^^^^^^^^^^^^^^^^^^^^^^^^^^^^^^
  File "/home/ubuntu/tmath/.venv/lib/python3.12/site-packages/celery/fixups/django.py", line 103, in on_import_modules
    self.worker_fixup.validate_models()
  File "/home/ubuntu/tmath/.venv/lib/python3.12/site-packages/celery/fixups/django.py", line 154, in validate_models
    run_checks()
  File "/home/ubuntu/tmath/.venv/lib/python3.12/site-packages/django/core/checks/registry.py", line 88, in run_checks
    new_errors = check(app_configs=app_configs, databases=databases)
                 ^^^^^^^^^^^^^^^^^^^^^^^^^^^^^^^^^^^^^^^^^^^^^^^^^^^
  File "/home/ubuntu/tmath/.venv/lib/python3.12/site-packages/django/core/checks/urls.py", line 14, in check_url_config
    return check_resolver(resolver)
           ^^^^^^^^^^^^^^^^^^^^^^^^
  File "/home/ubuntu/tmath/.venv/lib/python3.12/site-packages/django/core/checks/urls.py", line 24, in check_resolver
    return check_method()
           ^^^^^^^^^^^^^^
  File "/home/ubuntu/tmath/.venv/lib/python3.12/site-packages/django/urls/resolvers.py", line 494, in check
    for pattern in self.url_patterns:
                   ^^^^^^^^^^^^^^^^^
  File "/home/ubuntu/tmath/.venv/lib/python3.12/site-packages/django/utils/functional.py", line 57, in __get__
    res = instance.__dict__[self.name] = self.func(instance)
                                         ^^^^^^^^^^^^^^^^^^^
  File "/home/ubuntu/tmath/.venv/lib/python3.12/site-packages/django/urls/resolvers.py", line 715, in url_patterns
    patterns = getattr(self.urlconf_module, "urlpatterns", self.urlconf_module)
                       ^^^^^^^^^^^^^^^^^^^
  File "/home/ubuntu/tmath/.venv/lib/python3.12/site-packages/django/utils/functional.py", line 57, in __get__
    res = instance.__dict__[self.name] = self.func(instance)
                                         ^^^^^^^^^^^^^^^^^^^
  File "/home/ubuntu/tmath/.venv/lib/python3.12/site-packages/django/urls/resolvers.py", line 708, in urlconf_module
    return import_module(self.urlconf_name)
           ^^^^^^^^^^^^^^^^^^^^^^^^^^^^^^^^
  File "/usr/lib/python3.12/importlib/__init__.py", line 90, in import_module
    return _bootstrap._gcd_import(name[level:], package, level)
           ^^^^^^^^^^^^^^^^^^^^^^^^^^^^^^^^^^^^^^^^^^^^^^^^^^^^
  File "<frozen importlib._bootstrap>", line 1387, in _gcd_import
  File "<frozen importlib._bootstrap>", line 1360, in _find_and_load
  File "<frozen importlib._bootstrap>", line 1331, in _find_and_load_unlocked
  File "<frozen importlib._bootstrap>", line 935, in _load_unlocked
  File "<frozen importlib._bootstrap_external>", line 995, in exec_module
  File "<frozen importlib._bootstrap>", line 488, in _call_with_frames_removed
  File "/home/ubuntu/tmath/tmath/urls.py", line 740, in <module>
    path('api/verify-admin/', verify_admin, name='verify_admin'),
                              ^^^^^^^^^^^^
NameError: name 'verify_admin' is not defined
Traceback (most recent call last):
  File "/home/ubuntu/tmath/.venv/bin/celery", line 6, in <module>
    sys.exit(main())
             ^^^^^^
  File "/home/ubuntu/tmath/.venv/lib/python3.12/site-packages/celery/__main__.py", line 15, in main
    sys.exit(_main())
             ^^^^^^^
  File "/home/ubuntu/tmath/.venv/lib/python3.12/site-packages/celery/bin/celery.py", line 227, in main
    return celery(auto_envvar_prefix="CELERY")
           ^^^^^^^^^^^^^^^^^^^^^^^^^^^^^^^^^^^
  File "/home/ubuntu/tmath/.venv/lib/python3.12/site-packages/click/core.py", line 1569, in __call__
    return self.main(*args, **kwargs)
           ^^^^^^^^^^^^^^^^^^^^^^^^^^
  File "/home/ubuntu/tmath/.venv/lib/python3.12/site-packages/click/core.py", line 1490, in main
    rv = self.invoke(ctx)
         ^^^^^^^^^^^^^^^^
  File "/home/ubuntu/tmath/.venv/lib/python3.12/site-packages/click/core.py", line 1970, in invoke
    return _process_result(sub_ctx.command.invoke(sub_ctx))
                           ^^^^^^^^^^^^^^^^^^^^^^^^^^^^^^^
  File "/home/ubuntu/tmath/.venv/lib/python3.12/site-packages/click/core.py", line 1353, in invoke
    return ctx.invoke(self.callback, **ctx.params)
           ^^^^^^^^^^^^^^^^^^^^^^^^^^^^^^^^^^^^^^^
  File "/home/ubuntu/tmath/.venv/lib/python3.12/site-packages/click/core.py", line 907, in invoke
    return callback(*args, **kwargs)
           ^^^^^^^^^^^^^^^^^^^^^^^^^
  File "/home/ubuntu/tmath/.venv/lib/python3.12/site-packages/click/decorators.py", line 34, in new_func
    return f(get_current_context(), *args, **kwargs)
           ^^^^^^^^^^^^^^^^^^^^^^^^^^^^^^^^^^^^^^^^^
  File "/home/ubuntu/tmath/.venv/lib/python3.12/site-packages/celery/bin/base.py", line 158, in caller
    return f(ctx, *args, **kwargs)
           ^^^^^^^^^^^^^^^^^^^^^^^
  File "/home/ubuntu/tmath/.venv/lib/python3.12/site-packages/celery/bin/worker.py", line 359, in worker
    worker = app.Worker(
             ^^^^^^^^^^^
  File "/home/ubuntu/tmath/.venv/lib/python3.12/site-packages/celery/worker/worker.py", line 94, in __init__
    self.app.loader.init_worker()
  File "/home/ubuntu/tmath/.venv/lib/python3.12/site-packages/celery/loaders/base.py", line 110, in init_worker
    self.import_default_modules()
  File "/home/ubuntu/tmath/.venv/lib/python3.12/site-packages/celery/loaders/base.py", line 104, in import_default_modules
    raise response
  File "/home/ubuntu/tmath/.venv/lib/python3.12/site-packages/celery/utils/dispatch/signal.py", line 280, in send
    response = receiver(signal=self, sender=sender, **named)
               ^^^^^^^^^^^^^^^^^^^^^^^^^^^^^^^^^^^^^^^^^^^^^
  File "/home/ubuntu/tmath/.venv/lib/python3.12/site-packages/celery/fixups/django.py", line 103, in on_import_modules
    self.worker_fixup.validate_models()
  File "/home/ubuntu/tmath/.venv/lib/python3.12/site-packages/celery/fixups/django.py", line 154, in validate_models
    run_checks()
  File "/home/ubuntu/tmath/.venv/lib/python3.12/site-packages/django/core/checks/registry.py", line 88, in run_checks
    new_errors = check(app_configs=app_configs, databases=databases)
                 ^^^^^^^^^^^^^^^^^^^^^^^^^^^^^^^^^^^^^^^^^^^^^^^^^^^
  File "/home/ubuntu/tmath/.venv/lib/python3.12/site-packages/django/core/checks/urls.py", line 14, in check_url_config
    return check_resolver(resolver)
           ^^^^^^^^^^^^^^^^^^^^^^^^
  File "/home/ubuntu/tmath/.venv/lib/python3.12/site-packages/django/core/checks/urls.py", line 24, in check_resolver
    return check_method()
           ^^^^^^^^^^^^^^
  File "/home/ubuntu/tmath/.venv/lib/python3.12/site-packages/django/urls/resolvers.py", line 494, in check
    for pattern in self.url_patterns:
                   ^^^^^^^^^^^^^^^^^
  File "/home/ubuntu/tmath/.venv/lib/python3.12/site-packages/django/utils/functional.py", line 57, in __get__
    res = instance.__dict__[self.name] = self.func(instance)
                                         ^^^^^^^^^^^^^^^^^^^
  File "/home/ubuntu/tmath/.venv/lib/python3.12/site-packages/django/urls/resolvers.py", line 715, in url_patterns
    patterns = getattr(self.urlconf_module, "urlpatterns", self.urlconf_module)
                       ^^^^^^^^^^^^^^^^^^^
  File "/home/ubuntu/tmath/.venv/lib/python3.12/site-packages/django/utils/functional.py", line 57, in __get__
    res = instance.__dict__[self.name] = self.func(instance)
                                         ^^^^^^^^^^^^^^^^^^^
  File "/home/ubuntu/tmath/.venv/lib/python3.12/site-packages/django/urls/resolvers.py", line 708, in urlconf_module
    return import_module(self.urlconf_name)
           ^^^^^^^^^^^^^^^^^^^^^^^^^^^^^^^^
  File "/usr/lib/python3.12/importlib/__init__.py", line 90, in import_module
    return _bootstrap._gcd_import(name[level:], package, level)
           ^^^^^^^^^^^^^^^^^^^^^^^^^^^^^^^^^^^^^^^^^^^^^^^^^^^^
  File "<frozen importlib._bootstrap>", line 1387, in _gcd_import
  File "<frozen importlib._bootstrap>", line 1360, in _find_and_load
  File "<frozen importlib._bootstrap>", line 1331, in _find_and_load_unlocked
  File "<frozen importlib._bootstrap>", line 935, in _load_unlocked
  File "<frozen importlib._bootstrap_external>", line 995, in exec_module
  File "<frozen importlib._bootstrap>", line 488, in _call_with_frames_removed
  File "/home/ubuntu/tmath/tmath/urls.py", line 740, in <module>
    path('api/verify-admin/', verify_admin, name='verify_admin'),
                              ^^^^^^^^^^^^
NameError: name 'verify_admin' is not defined
ERROR 2026-09-20 14:55:16,196 signal Signal handler <bound method DjangoFixup.on_import_modules of <celery.fixups.django.DjangoFixup object at 0x7717e14e08c0>> raised: NameError("name 'verify_admin' is not defined")
Traceback (most recent call last):
  File "/home/ubuntu/tmath/.venv/lib/python3.12/site-packages/celery/utils/dispatch/signal.py", line 280, in send
    response = receiver(signal=self, sender=sender, **named)
               ^^^^^^^^^^^^^^^^^^^^^^^^^^^^^^^^^^^^^^^^^^^^^
  File "/home/ubuntu/tmath/.venv/lib/python3.12/site-packages/celery/fixups/django.py", line 103, in on_import_modules
    self.worker_fixup.validate_models()
  File "/home/ubuntu/tmath/.venv/lib/python3.12/site-packages/celery/fixups/django.py", line 154, in validate_models
    run_checks()
  File "/home/ubuntu/tmath/.venv/lib/python3.12/site-packages/django/core/checks/registry.py", line 88, in run_checks
    new_errors = check(app_configs=app_configs, databases=databases)
                 ^^^^^^^^^^^^^^^^^^^^^^^^^^^^^^^^^^^^^^^^^^^^^^^^^^^
  File "/home/ubuntu/tmath/.venv/lib/python3.12/site-packages/django/core/checks/urls.py", line 14, in check_url_config
    return check_resolver(resolver)
           ^^^^^^^^^^^^^^^^^^^^^^^^
  File "/home/ubuntu/tmath/.venv/lib/python3.12/site-packages/django/core/checks/urls.py", line 24, in check_resolver
    return check_method()
           ^^^^^^^^^^^^^^
  File "/home/ubuntu/tmath/.venv/lib/python3.12/site-packages/django/urls/resolvers.py", line 494, in check
    for pattern in self.url_patterns:
                   ^^^^^^^^^^^^^^^^^
  File "/home/ubuntu/tmath/.venv/lib/python3.12/site-packages/django/utils/functional.py", line 57, in __get__
    res = instance.__dict__[self.name] = self.func(instance)
                                         ^^^^^^^^^^^^^^^^^^^
  File "/home/ubuntu/tmath/.venv/lib/python3.12/site-packages/django/urls/resolvers.py", line 715, in url_patterns
    patterns = getattr(self.urlconf_module, "urlpatterns", self.urlconf_module)
                       ^^^^^^^^^^^^^^^^^^^
  File "/home/ubuntu/tmath/.venv/lib/python3.12/site-packages/django/utils/functional.py", line 57, in __get__
    res = instance.__dict__[self.name] = self.func(instance)
                                         ^^^^^^^^^^^^^^^^^^^
  File "/home/ubuntu/tmath/.venv/lib/python3.12/site-packages/django/urls/resolvers.py", line 708, in urlconf_module
    return import_module(self.urlconf_name)
           ^^^^^^^^^^^^^^^^^^^^^^^^^^^^^^^^
  File "/usr/lib/python3.12/importlib/__init__.py", line 90, in import_module
    return _bootstrap._gcd_import(name[level:], package, level)
           ^^^^^^^^^^^^^^^^^^^^^^^^^^^^^^^^^^^^^^^^^^^^^^^^^^^^
  File "<frozen importlib._bootstrap>", line 1387, in _gcd_import
  File "<frozen importlib._bootstrap>", line 1360, in _find_and_load
  File "<frozen importlib._bootstrap>", line 1331, in _find_and_load_unlocked
  File "<frozen importlib._bootstrap>", line 935, in _load_unlocked
  File "<frozen importlib._bootstrap_external>", line 995, in exec_module
  File "<frozen importlib._bootstrap>", line 488, in _call_with_frames_removed
  File "/home/ubuntu/tmath/tmath/urls.py", line 740, in <module>
    path('api/verify-admin/', verify_admin, name='verify_admin'),
                              ^^^^^^^^^^^^
NameError: name 'verify_admin' is not defined
Traceback (most recent call last):
  File "/home/ubuntu/tmath/.venv/bin/celery", line 6, in <module>
    sys.exit(main())
             ^^^^^^
  File "/home/ubuntu/tmath/.venv/lib/python3.12/site-packages/celery/__main__.py", line 15, in main
    sys.exit(_main())
             ^^^^^^^
  File "/home/ubuntu/tmath/.venv/lib/python3.12/site-packages/celery/bin/celery.py", line 227, in main
    return celery(auto_envvar_prefix="CELERY")
           ^^^^^^^^^^^^^^^^^^^^^^^^^^^^^^^^^^^
  File "/home/ubuntu/tmath/.venv/lib/python3.12/site-packages/click/core.py", line 1569, in __call__
    return self.main(*args, **kwargs)
           ^^^^^^^^^^^^^^^^^^^^^^^^^^
  File "/home/ubuntu/tmath/.venv/lib/python3.12/site-packages/click/core.py", line 1490, in main
    rv = self.invoke(ctx)
         ^^^^^^^^^^^^^^^^
  File "/home/ubuntu/tmath/.venv/lib/python3.12/site-packages/click/core.py", line 1970, in invoke
    return _process_result(sub_ctx.command.invoke(sub_ctx))
                           ^^^^^^^^^^^^^^^^^^^^^^^^^^^^^^^
  File "/home/ubuntu/tmath/.venv/lib/python3.12/site-packages/click/core.py", line 1353, in invoke
    return ctx.invoke(self.callback, **ctx.params)
           ^^^^^^^^^^^^^^^^^^^^^^^^^^^^^^^^^^^^^^^
  File "/home/ubuntu/tmath/.venv/lib/python3.12/site-packages/click/core.py", line 907, in invoke
    return callback(*args, **kwargs)
           ^^^^^^^^^^^^^^^^^^^^^^^^^
  File "/home/ubuntu/tmath/.venv/lib/python3.12/site-packages/click/decorators.py", line 34, in new_func
    return f(get_current_context(), *args, **kwargs)
           ^^^^^^^^^^^^^^^^^^^^^^^^^^^^^^^^^^^^^^^^^
  File "/home/ubuntu/tmath/.venv/lib/python3.12/site-packages/celery/bin/base.py", line 158, in caller
    return f(ctx, *args, **kwargs)
           ^^^^^^^^^^^^^^^^^^^^^^^
  File "/home/ubuntu/tmath/.venv/lib/python3.12/site-packages/celery/bin/worker.py", line 359, in worker
    worker = app.Worker(
             ^^^^^^^^^^^
  File "/home/ubuntu/tmath/.venv/lib/python3.12/site-packages/celery/worker/worker.py", line 94, in __init__
    self.app.loader.init_worker()
  File "/home/ubuntu/tmath/.venv/lib/python3.12/site-packages/celery/loaders/base.py", line 110, in init_worker
    self.import_default_modules()
  File "/home/ubuntu/tmath/.venv/lib/python3.12/site-packages/celery/loaders/base.py", line 104, in import_default_modules
    raise response
  File "/home/ubuntu/tmath/.venv/lib/python3.12/site-packages/celery/utils/dispatch/signal.py", line 280, in send
    response = receiver(signal=self, sender=sender, **named)
               ^^^^^^^^^^^^^^^^^^^^^^^^^^^^^^^^^^^^^^^^^^^^^
  File "/home/ubuntu/tmath/.venv/lib/python3.12/site-packages/celery/fixups/django.py", line 103, in on_import_modules
    self.worker_fixup.validate_models()
  File "/home/ubuntu/tmath/.venv/lib/python3.12/site-packages/celery/fixups/django.py", line 154, in validate_models
    run_checks()
  File "/home/ubuntu/tmath/.venv/lib/python3.12/site-packages/django/core/checks/registry.py", line 88, in run_checks
    new_errors = check(app_configs=app_configs, databases=databases)
                 ^^^^^^^^^^^^^^^^^^^^^^^^^^^^^^^^^^^^^^^^^^^^^^^^^^^
  File "/home/ubuntu/tmath/.venv/lib/python3.12/site-packages/django/core/checks/urls.py", line 14, in check_url_config
    return check_resolver(resolver)
           ^^^^^^^^^^^^^^^^^^^^^^^^
  File "/home/ubuntu/tmath/.venv/lib/python3.12/site-packages/django/core/checks/urls.py", line 24, in check_resolver
    return check_method()
           ^^^^^^^^^^^^^^
  File "/home/ubuntu/tmath/.venv/lib/python3.12/site-packages/django/urls/resolvers.py", line 494, in check
    for pattern in self.url_patterns:
                   ^^^^^^^^^^^^^^^^^
  File "/home/ubuntu/tmath/.venv/lib/python3.12/site-packages/django/utils/functional.py", line 57, in __get__
    res = instance.__dict__[self.name] = self.func(instance)
                                         ^^^^^^^^^^^^^^^^^^^
  File "/home/ubuntu/tmath/.venv/lib/python3.12/site-packages/django/urls/resolvers.py", line 715, in url_patterns
    patterns = getattr(self.urlconf_module, "urlpatterns", self.urlconf_module)
                       ^^^^^^^^^^^^^^^^^^^
  File "/home/ubuntu/tmath/.venv/lib/python3.12/site-packages/django/utils/functional.py", line 57, in __get__
    res = instance.__dict__[self.name] = self.func(instance)
                                         ^^^^^^^^^^^^^^^^^^^
  File "/home/ubuntu/tmath/.venv/lib/python3.12/site-packages/django/urls/resolvers.py", line 708, in urlconf_module
    return import_module(self.urlconf_name)
           ^^^^^^^^^^^^^^^^^^^^^^^^^^^^^^^^
  File "/usr/lib/python3.12/importlib/__init__.py", line 90, in import_module
    return _bootstrap._gcd_import(name[level:], package, level)
           ^^^^^^^^^^^^^^^^^^^^^^^^^^^^^^^^^^^^^^^^^^^^^^^^^^^^
  File "<frozen importlib._bootstrap>", line 1387, in _gcd_import
  File "<frozen importlib._bootstrap>", line 1360, in _find_and_load
  File "<frozen importlib._bootstrap>", line 1331, in _find_and_load_unlocked
  File "<frozen importlib._bootstrap>", line 935, in _load_unlocked
  File "<frozen importlib._bootstrap_external>", line 995, in exec_module
  File "<frozen importlib._bootstrap>", line 488, in _call_with_frames_removed
  File "/home/ubuntu/tmath/tmath/urls.py", line 740, in <module>
    path('api/verify-admin/', verify_admin, name='verify_admin'),
                              ^^^^^^^^^^^^
NameError: name 'verify_admin' is not defined
ERROR 2026-09-20 14:55:18,460 signal Signal handler <bound method DjangoFixup.on_import_modules of <celery.fixups.django.DjangoFixup object at 0x780ac95b8e60>> raised: NameError("name 'verify_admin' is not defined")
Traceback (most recent call last):
  File "/home/ubuntu/tmath/.venv/lib/python3.12/site-packages/celery/utils/dispatch/signal.py", line 280, in send
    response = receiver(signal=self, sender=sender, **named)
               ^^^^^^^^^^^^^^^^^^^^^^^^^^^^^^^^^^^^^^^^^^^^^
  File "/home/ubuntu/tmath/.venv/lib/python3.12/site-packages/celery/fixups/django.py", line 103, in on_import_modules
    self.worker_fixup.validate_models()
  File "/home/ubuntu/tmath/.venv/lib/python3.12/site-packages/celery/fixups/django.py", line 154, in validate_models
    run_checks()
  File "/home/ubuntu/tmath/.venv/lib/python3.12/site-packages/django/core/checks/registry.py", line 88, in run_checks
    new_errors = check(app_configs=app_configs, databases=databases)
                 ^^^^^^^^^^^^^^^^^^^^^^^^^^^^^^^^^^^^^^^^^^^^^^^^^^^
  File "/home/ubuntu/tmath/.venv/lib/python3.12/site-packages/django/core/checks/urls.py", line 14, in check_url_config
    return check_resolver(resolver)
           ^^^^^^^^^^^^^^^^^^^^^^^^
  File "/home/ubuntu/tmath/.venv/lib/python3.12/site-packages/django/core/checks/urls.py", line 24, in check_resolver
    return check_method()
           ^^^^^^^^^^^^^^
  File "/home/ubuntu/tmath/.venv/lib/python3.12/site-packages/django/urls/resolvers.py", line 494, in check
    for pattern in self.url_patterns:
                   ^^^^^^^^^^^^^^^^^
  File "/home/ubuntu/tmath/.venv/lib/python3.12/site-packages/django/utils/functional.py", line 57, in __get__
    res = instance.__dict__[self.name] = self.func(instance)
                                         ^^^^^^^^^^^^^^^^^^^
  File "/home/ubuntu/tmath/.venv/lib/python3.12/site-packages/django/urls/resolvers.py", line 715, in url_patterns
    patterns = getattr(self.urlconf_module, "urlpatterns", self.urlconf_module)
                       ^^^^^^^^^^^^^^^^^^^
  File "/home/ubuntu/tmath/.venv/lib/python3.12/site-packages/django/utils/functional.py", line 57, in __get__
    res = instance.__dict__[self.name] = self.func(instance)
                                         ^^^^^^^^^^^^^^^^^^^
  File "/home/ubuntu/tmath/.venv/lib/python3.12/site-packages/django/urls/resolvers.py", line 708, in urlconf_module
    return import_module(self.urlconf_name)
           ^^^^^^^^^^^^^^^^^^^^^^^^^^^^^^^^
  File "/usr/lib/python3.12/importlib/__init__.py", line 90, in import_module
    return _bootstrap._gcd_import(name[level:], package, level)
           ^^^^^^^^^^^^^^^^^^^^^^^^^^^^^^^^^^^^^^^^^^^^^^^^^^^^
  File "<frozen importlib._bootstrap>", line 1387, in _gcd_import
  File "<frozen importlib._bootstrap>", line 1360, in _find_and_load
  File "<frozen importlib._bootstrap>", line 1331, in _find_and_load_unlocked
  File "<frozen importlib._bootstrap>", line 935, in _load_unlocked
  File "<frozen importlib._bootstrap_external>", line 995, in exec_module
  File "<frozen importlib._bootstrap>", line 488, in _call_with_frames_removed
  File "/home/ubuntu/tmath/tmath/urls.py", line 740, in <module>
    path('api/verify-admin/', verify_admin, name='verify_admin'),
                              ^^^^^^^^^^^^
NameError: name 'verify_admin' is not defined
Traceback (most recent call last):
  File "/home/ubuntu/tmath/.venv/bin/celery", line 6, in <module>
    sys.exit(main())
             ^^^^^^
  File "/home/ubuntu/tmath/.venv/lib/python3.12/site-packages/celery/__main__.py", line 15, in main
    sys.exit(_main())
             ^^^^^^^
  File "/home/ubuntu/tmath/.venv/lib/python3.12/site-packages/celery/bin/celery.py", line 227, in main
    return celery(auto_envvar_prefix="CELERY")
           ^^^^^^^^^^^^^^^^^^^^^^^^^^^^^^^^^^^
  File "/home/ubuntu/tmath/.venv/lib/python3.12/site-packages/click/core.py", line 1569, in __call__
    return self.main(*args, **kwargs)
           ^^^^^^^^^^^^^^^^^^^^^^^^^^
  File "/home/ubuntu/tmath/.venv/lib/python3.12/site-packages/click/core.py", line 1490, in main
    rv = self.invoke(ctx)
         ^^^^^^^^^^^^^^^^
  File "/home/ubuntu/tmath/.venv/lib/python3.12/site-packages/click/core.py", line 1970, in invoke
    return _process_result(sub_ctx.command.invoke(sub_ctx))
                           ^^^^^^^^^^^^^^^^^^^^^^^^^^^^^^^
  File "/home/ubuntu/tmath/.venv/lib/python3.12/site-packages/click/core.py", line 1353, in invoke
    return ctx.invoke(self.callback, **ctx.params)
           ^^^^^^^^^^^^^^^^^^^^^^^^^^^^^^^^^^^^^^^
  File "/home/ubuntu/tmath/.venv/lib/python3.12/site-packages/click/core.py", line 907, in invoke
    return callback(*args, **kwargs)
           ^^^^^^^^^^^^^^^^^^^^^^^^^
  File "/home/ubuntu/tmath/.venv/lib/python3.12/site-packages/click/decorators.py", line 34, in new_func
    return f(get_current_context(), *args, **kwargs)
           ^^^^^^^^^^^^^^^^^^^^^^^^^^^^^^^^^^^^^^^^^
  File "/home/ubuntu/tmath/.venv/lib/python3.12/site-packages/celery/bin/base.py", line 158, in caller
    return f(ctx, *args, **kwargs)
           ^^^^^^^^^^^^^^^^^^^^^^^
  File "/home/ubuntu/tmath/.venv/lib/python3.12/site-packages/celery/bin/worker.py", line 359, in worker
    worker = app.Worker(
             ^^^^^^^^^^^
  File "/home/ubuntu/tmath/.venv/lib/python3.12/site-packages/celery/worker/worker.py", line 94, in __init__
    self.app.loader.init_worker()
  File "/home/ubuntu/tmath/.venv/lib/python3.12/site-packages/celery/loaders/base.py", line 110, in init_worker
    self.import_default_modules()
  File "/home/ubuntu/tmath/.venv/lib/python3.12/site-packages/celery/loaders/base.py", line 104, in import_default_modules
    raise response
  File "/home/ubuntu/tmath/.venv/lib/python3.12/site-packages/celery/utils/dispatch/signal.py", line 280, in send
    response = receiver(signal=self, sender=sender, **named)
               ^^^^^^^^^^^^^^^^^^^^^^^^^^^^^^^^^^^^^^^^^^^^^
  File "/home/ubuntu/tmath/.venv/lib/python3.12/site-packages/celery/fixups/django.py", line 103, in on_import_modules
    self.worker_fixup.validate_models()
  File "/home/ubuntu/tmath/.venv/lib/python3.12/site-packages/celery/fixups/django.py", line 154, in validate_models
    run_checks()
  File "/home/ubuntu/tmath/.venv/lib/python3.12/site-packages/django/core/checks/registry.py", line 88, in run_checks
    new_errors = check(app_configs=app_configs, databases=databases)
                 ^^^^^^^^^^^^^^^^^^^^^^^^^^^^^^^^^^^^^^^^^^^^^^^^^^^
  File "/home/ubuntu/tmath/.venv/lib/python3.12/site-packages/django/core/checks/urls.py", line 14, in check_url_config
    return check_resolver(resolver)
           ^^^^^^^^^^^^^^^^^^^^^^^^
  File "/home/ubuntu/tmath/.venv/lib/python3.12/site-packages/django/core/checks/urls.py", line 24, in check_resolver
    return check_method()
           ^^^^^^^^^^^^^^
  File "/home/ubuntu/tmath/.venv/lib/python3.12/site-packages/django/urls/resolvers.py", line 494, in check
    for pattern in self.url_patterns:
                   ^^^^^^^^^^^^^^^^^
  File "/home/ubuntu/tmath/.venv/lib/python3.12/site-packages/django/utils/functional.py", line 57, in __get__
    res = instance.__dict__[self.name] = self.func(instance)
                                         ^^^^^^^^^^^^^^^^^^^
  File "/home/ubuntu/tmath/.venv/lib/python3.12/site-packages/django/urls/resolvers.py", line 715, in url_patterns
    patterns = getattr(self.urlconf_module, "urlpatterns", self.urlconf_module)
                       ^^^^^^^^^^^^^^^^^^^
  File "/home/ubuntu/tmath/.venv/lib/python3.12/site-packages/django/utils/functional.py", line 57, in __get__
    res = instance.__dict__[self.name] = self.func(instance)
                                         ^^^^^^^^^^^^^^^^^^^
  File "/home/ubuntu/tmath/.venv/lib/python3.12/site-packages/django/urls/resolvers.py", line 708, in urlconf_module
    return import_module(self.urlconf_name)
           ^^^^^^^^^^^^^^^^^^^^^^^^^^^^^^^^
  File "/usr/lib/python3.12/importlib/__init__.py", line 90, in import_module
    return _bootstrap._gcd_import(name[level:], package, level)
           ^^^^^^^^^^^^^^^^^^^^^^^^^^^^^^^^^^^^^^^^^^^^^^^^^^^^
  File "<frozen importlib._bootstrap>", line 1387, in _gcd_import
  File "<frozen importlib._bootstrap>", line 1360, in _find_and_load
  File "<frozen importlib._bootstrap>", line 1331, in _find_and_load_unlocked
  File "<frozen importlib._bootstrap>", line 935, in _load_unlocked
  File "<frozen importlib._bootstrap_external>", line 995, in exec_module
  File "<frozen importlib._bootstrap>", line 488, in _call_with_frames_removed
  File "/home/ubuntu/tmath/tmath/urls.py", line 740, in <module>
    path('api/verify-admin/', verify_admin, name='verify_admin'),
                              ^^^^^^^^^^^^
NameError: name 'verify_admin' is not defined
ERROR 2026-09-20 14:55:20,826 signal Signal handler <bound method DjangoFixup.on_import_modules of <celery.fixups.django.DjangoFixup object at 0x7bbc1ab12210>> raised: NameError("name 'verify_admin' is not defined")
Traceback (most recent call last):
  File "/home/ubuntu/tmath/.venv/lib/python3.12/site-packages/celery/utils/dispatch/signal.py", line 280, in send
    response = receiver(signal=self, sender=sender, **named)
               ^^^^^^^^^^^^^^^^^^^^^^^^^^^^^^^^^^^^^^^^^^^^^
  File "/home/ubuntu/tmath/.venv/lib/python3.12/site-packages/celery/fixups/django.py", line 103, in on_import_modules
    self.worker_fixup.validate_models()
  File "/home/ubuntu/tmath/.venv/lib/python3.12/site-packages/celery/fixups/django.py", line 154, in validate_models
    run_checks()
  File "/home/ubuntu/tmath/.venv/lib/python3.12/site-packages/django/core/checks/registry.py", line 88, in run_checks
    new_errors = check(app_configs=app_configs, databases=databases)
                 ^^^^^^^^^^^^^^^^^^^^^^^^^^^^^^^^^^^^^^^^^^^^^^^^^^^
  File "/home/ubuntu/tmath/.venv/lib/python3.12/site-packages/django/core/checks/urls.py", line 14, in check_url_config
    return check_resolver(resolver)
           ^^^^^^^^^^^^^^^^^^^^^^^^
  File "/home/ubuntu/tmath/.venv/lib/python3.12/site-packages/django/core/checks/urls.py", line 24, in check_resolver
    return check_method()
           ^^^^^^^^^^^^^^
  File "/home/ubuntu/tmath/.venv/lib/python3.12/site-packages/django/urls/resolvers.py", line 494, in check
    for pattern in self.url_patterns:
                   ^^^^^^^^^^^^^^^^^
  File "/home/ubuntu/tmath/.venv/lib/python3.12/site-packages/django/utils/functional.py", line 57, in __get__
    res = instance.__dict__[self.name] = self.func(instance)
                                         ^^^^^^^^^^^^^^^^^^^
  File "/home/ubuntu/tmath/.venv/lib/python3.12/site-packages/django/urls/resolvers.py", line 715, in url_patterns
    patterns = getattr(self.urlconf_module, "urlpatterns", self.urlconf_module)
                       ^^^^^^^^^^^^^^^^^^^
  File "/home/ubuntu/tmath/.venv/lib/python3.12/site-packages/django/utils/functional.py", line 57, in __get__
    res = instance.__dict__[self.name] = self.func(instance)
                                         ^^^^^^^^^^^^^^^^^^^
  File "/home/ubuntu/tmath/.venv/lib/python3.12/site-packages/django/urls/resolvers.py", line 708, in urlconf_module
    return import_module(self.urlconf_name)
           ^^^^^^^^^^^^^^^^^^^^^^^^^^^^^^^^
  File "/usr/lib/python3.12/importlib/__init__.py", line 90, in import_module
    return _bootstrap._gcd_import(name[level:], package, level)
           ^^^^^^^^^^^^^^^^^^^^^^^^^^^^^^^^^^^^^^^^^^^^^^^^^^^^
  File "<frozen importlib._bootstrap>", line 1387, in _gcd_import
  File "<frozen importlib._bootstrap>", line 1360, in _find_and_load
  File "<frozen importlib._bootstrap>", line 1331, in _find_and_load_unlocked
  File "<frozen importlib._bootstrap>", line 935, in _load_unlocked
  File "<frozen importlib._bootstrap_external>", line 995, in exec_module
  File "<frozen importlib._bootstrap>", line 488, in _call_with_frames_removed
  File "/home/ubuntu/tmath/tmath/urls.py", line 740, in <module>
    path('api/verify-admin/', verify_admin, name='verify_admin'),
                              ^^^^^^^^^^^^
NameError: name 'verify_admin' is not defined
Traceback (most recent call last):
  File "/home/ubuntu/tmath/.venv/bin/celery", line 6, in <module>
    sys.exit(main())
             ^^^^^^
  File "/home/ubuntu/tmath/.venv/lib/python3.12/site-packages/celery/__main__.py", line 15, in main
    sys.exit(_main())
             ^^^^^^^
  File "/home/ubuntu/tmath/.venv/lib/python3.12/site-packages/celery/bin/celery.py", line 227, in main
    return celery(auto_envvar_prefix="CELERY")
           ^^^^^^^^^^^^^^^^^^^^^^^^^^^^^^^^^^^
  File "/home/ubuntu/tmath/.venv/lib/python3.12/site-packages/click/core.py", line 1569, in __call__
    return self.main(*args, **kwargs)
           ^^^^^^^^^^^^^^^^^^^^^^^^^^
  File "/home/ubuntu/tmath/.venv/lib/python3.12/site-packages/click/core.py", line 1490, in main
    rv = self.invoke(ctx)
         ^^^^^^^^^^^^^^^^
  File "/home/ubuntu/tmath/.venv/lib/python3.12/site-packages/click/core.py", line 1970, in invoke
    return _process_result(sub_ctx.command.invoke(sub_ctx))
                           ^^^^^^^^^^^^^^^^^^^^^^^^^^^^^^^
  File "/home/ubuntu/tmath/.venv/lib/python3.12/site-packages/click/core.py", line 1353, in invoke
    return ctx.invoke(self.callback, **ctx.params)
           ^^^^^^^^^^^^^^^^^^^^^^^^^^^^^^^^^^^^^^^
  File "/home/ubuntu/tmath/.venv/lib/python3.12/site-packages/click/core.py", line 907, in invoke
    return callback(*args, **kwargs)
           ^^^^^^^^^^^^^^^^^^^^^^^^^
  File "/home/ubuntu/tmath/.venv/lib/python3.12/site-packages/click/decorators.py", line 34, in new_func
    return f(get_current_context(), *args, **kwargs)
           ^^^^^^^^^^^^^^^^^^^^^^^^^^^^^^^^^^^^^^^^^
  File "/home/ubuntu/tmath/.venv/lib/python3.12/site-packages/celery/bin/base.py", line 158, in caller
    return f(ctx, *args, **kwargs)
           ^^^^^^^^^^^^^^^^^^^^^^^
  File "/home/ubuntu/tmath/.venv/lib/python3.12/site-packages/celery/bin/worker.py", line 359, in worker
    worker = app.Worker(
             ^^^^^^^^^^^
  File "/home/ubuntu/tmath/.venv/lib/python3.12/site-packages/celery/worker/worker.py", line 94, in __init__
    self.app.loader.init_worker()
  File "/home/ubuntu/tmath/.venv/lib/python3.12/site-packages/celery/loaders/base.py", line 110, in init_worker
    self.import_default_modules()
  File "/home/ubuntu/tmath/.venv/lib/python3.12/site-packages/celery/loaders/base.py", line 104, in import_default_modules
    raise response
  File "/home/ubuntu/tmath/.venv/lib/python3.12/site-packages/celery/utils/dispatch/signal.py", line 280, in send
    response = receiver(signal=self, sender=sender, **named)
               ^^^^^^^^^^^^^^^^^^^^^^^^^^^^^^^^^^^^^^^^^^^^^
  File "/home/ubuntu/tmath/.venv/lib/python3.12/site-packages/celery/fixups/django.py", line 103, in on_import_modules
    self.worker_fixup.validate_models()
  File "/home/ubuntu/tmath/.venv/lib/python3.12/site-packages/celery/fixups/django.py", line 154, in validate_models
    run_checks()
  File "/home/ubuntu/tmath/.venv/lib/python3.12/site-packages/django/core/checks/registry.py", line 88, in run_checks
    new_errors = check(app_configs=app_configs, databases=databases)
                 ^^^^^^^^^^^^^^^^^^^^^^^^^^^^^^^^^^^^^^^^^^^^^^^^^^^
  File "/home/ubuntu/tmath/.venv/lib/python3.12/site-packages/django/core/checks/urls.py", line 14, in check_url_config
    return check_resolver(resolver)
           ^^^^^^^^^^^^^^^^^^^^^^^^
  File "/home/ubuntu/tmath/.venv/lib/python3.12/site-packages/django/core/checks/urls.py", line 24, in check_resolver
    return check_method()
           ^^^^^^^^^^^^^^
  File "/home/ubuntu/tmath/.venv/lib/python3.12/site-packages/django/urls/resolvers.py", line 494, in check
    for pattern in self.url_patterns:
                   ^^^^^^^^^^^^^^^^^
  File "/home/ubuntu/tmath/.venv/lib/python3.12/site-packages/django/utils/functional.py", line 57, in __get__
    res = instance.__dict__[self.name] = self.func(instance)
                                         ^^^^^^^^^^^^^^^^^^^
  File "/home/ubuntu/tmath/.venv/lib/python3.12/site-packages/django/urls/resolvers.py", line 715, in url_patterns
    patterns = getattr(self.urlconf_module, "urlpatterns", self.urlconf_module)
                       ^^^^^^^^^^^^^^^^^^^
  File "/home/ubuntu/tmath/.venv/lib/python3.12/site-packages/django/utils/functional.py", line 57, in __get__
    res = instance.__dict__[self.name] = self.func(instance)
                                         ^^^^^^^^^^^^^^^^^^^
  File "/home/ubuntu/tmath/.venv/lib/python3.12/site-packages/django/urls/resolvers.py", line 708, in urlconf_module
    return import_module(self.urlconf_name)
           ^^^^^^^^^^^^^^^^^^^^^^^^^^^^^^^^
  File "/usr/lib/python3.12/importlib/__init__.py", line 90, in import_module
    return _bootstrap._gcd_import(name[level:], package, level)
           ^^^^^^^^^^^^^^^^^^^^^^^^^^^^^^^^^^^^^^^^^^^^^^^^^^^^
  File "<frozen importlib._bootstrap>", line 1387, in _gcd_import
  File "<frozen importlib._bootstrap>", line 1360, in _find_and_load
  File "<frozen importlib._bootstrap>", line 1331, in _find_and_load_unlocked
  File "<frozen importlib._bootstrap>", line 935, in _load_unlocked
  File "<frozen importlib._bootstrap_external>", line 995, in exec_module
  File "<frozen importlib._bootstrap>", line 488, in _call_with_frames_removed
  File "/home/ubuntu/tmath/tmath/urls.py", line 740, in <module>
    path('api/verify-admin/', verify_admin, name='verify_admin'),
                              ^^^^^^^^^^^^
NameError: name 'verify_admin' is not defined
ERROR 2026-09-20 14:55:23,104 signal Signal handler <bound method DjangoFixup.on_import_modules of <celery.fixups.django.DjangoFixup object at 0x71ddeeaf3b60>> raised: NameError("name 'verify_admin' is not defined")
Traceback (most recent call last):
  File "/home/ubuntu/tmath/.venv/lib/python3.12/site-packages/celery/utils/dispatch/signal.py", line 280, in send
    response = receiver(signal=self, sender=sender, **named)
               ^^^^^^^^^^^^^^^^^^^^^^^^^^^^^^^^^^^^^^^^^^^^^
  File "/home/ubuntu/tmath/.venv/lib/python3.12/site-packages/celery/fixups/django.py", line 103, in on_import_modules
    self.worker_fixup.validate_models()
  File "/home/ubuntu/tmath/.venv/lib/python3.12/site-packages/celery/fixups/django.py", line 154, in validate_models
    run_checks()
  File "/home/ubuntu/tmath/.venv/lib/python3.12/site-packages/django/core/checks/registry.py", line 88, in run_checks
    new_errors = check(app_configs=app_configs, databases=databases)
                 ^^^^^^^^^^^^^^^^^^^^^^^^^^^^^^^^^^^^^^^^^^^^^^^^^^^
  File "/home/ubuntu/tmath/.venv/lib/python3.12/site-packages/django/core/checks/urls.py", line 14, in check_url_config
    return check_resolver(resolver)
           ^^^^^^^^^^^^^^^^^^^^^^^^
  File "/home/ubuntu/tmath/.venv/lib/python3.12/site-packages/django/core/checks/urls.py", line 24, in check_resolver
    return check_method()
           ^^^^^^^^^^^^^^
  File "/home/ubuntu/tmath/.venv/lib/python3.12/site-packages/django/urls/resolvers.py", line 494, in check
    for pattern in self.url_patterns:
                   ^^^^^^^^^^^^^^^^^
  File "/home/ubuntu/tmath/.venv/lib/python3.12/site-packages/django/utils/functional.py", line 57, in __get__
    res = instance.__dict__[self.name] = self.func(instance)
                                         ^^^^^^^^^^^^^^^^^^^
  File "/home/ubuntu/tmath/.venv/lib/python3.12/site-packages/django/urls/resolvers.py", line 715, in url_patterns
    patterns = getattr(self.urlconf_module, "urlpatterns", self.urlconf_module)
                       ^^^^^^^^^^^^^^^^^^^
  File "/home/ubuntu/tmath/.venv/lib/python3.12/site-packages/django/utils/functional.py", line 57, in __get__
    res = instance.__dict__[self.name] = self.func(instance)
                                         ^^^^^^^^^^^^^^^^^^^
  File "/home/ubuntu/tmath/.venv/lib/python3.12/site-packages/django/urls/resolvers.py", line 708, in urlconf_module
    return import_module(self.urlconf_name)
           ^^^^^^^^^^^^^^^^^^^^^^^^^^^^^^^^
  File "/usr/lib/python3.12/importlib/__init__.py", line 90, in import_module
    return _bootstrap._gcd_import(name[level:], package, level)
           ^^^^^^^^^^^^^^^^^^^^^^^^^^^^^^^^^^^^^^^^^^^^^^^^^^^^
  File "<frozen importlib._bootstrap>", line 1387, in _gcd_import
  File "<frozen importlib._bootstrap>", line 1360, in _find_and_load
  File "<frozen importlib._bootstrap>", line 1331, in _find_and_load_unlocked
  File "<frozen importlib._bootstrap>", line 935, in _load_unlocked
  File "<frozen importlib._bootstrap_external>", line 995, in exec_module
  File "<frozen importlib._bootstrap>", line 488, in _call_with_frames_removed
  File "/home/ubuntu/tmath/tmath/urls.py", line 740, in <module>
    path('api/verify-admin/', verify_admin, name='verify_admin'),
                              ^^^^^^^^^^^^
NameError: name 'verify_admin' is not defined
Traceback (most recent call last):
  File "/home/ubuntu/tmath/.venv/bin/celery", line 6, in <module>
    sys.exit(main())
             ^^^^^^
  File "/home/ubuntu/tmath/.venv/lib/python3.12/site-packages/celery/__main__.py", line 15, in main
    sys.exit(_main())
             ^^^^^^^
  File "/home/ubuntu/tmath/.venv/lib/python3.12/site-packages/celery/bin/celery.py", line 227, in main
    return celery(auto_envvar_prefix="CELERY")
           ^^^^^^^^^^^^^^^^^^^^^^^^^^^^^^^^^^^
  File "/home/ubuntu/tmath/.venv/lib/python3.12/site-packages/click/core.py", line 1569, in __call__
    return self.main(*args, **kwargs)
           ^^^^^^^^^^^^^^^^^^^^^^^^^^
  File "/home/ubuntu/tmath/.venv/lib/python3.12/site-packages/click/core.py", line 1490, in main
    rv = self.invoke(ctx)
         ^^^^^^^^^^^^^^^^
  File "/home/ubuntu/tmath/.venv/lib/python3.12/site-packages/click/core.py", line 1970, in invoke
    return _process_result(sub_ctx.command.invoke(sub_ctx))
                           ^^^^^^^^^^^^^^^^^^^^^^^^^^^^^^^
  File "/home/ubuntu/tmath/.venv/lib/python3.12/site-packages/click/core.py", line 1353, in invoke
    return ctx.invoke(self.callback, **ctx.params)
           ^^^^^^^^^^^^^^^^^^^^^^^^^^^^^^^^^^^^^^^
  File "/home/ubuntu/tmath/.venv/lib/python3.12/site-packages/click/core.py", line 907, in invoke
    return callback(*args, **kwargs)
           ^^^^^^^^^^^^^^^^^^^^^^^^^
  File "/home/ubuntu/tmath/.venv/lib/python3.12/site-packages/click/decorators.py", line 34, in new_func
    return f(get_current_context(), *args, **kwargs)
           ^^^^^^^^^^^^^^^^^^^^^^^^^^^^^^^^^^^^^^^^^
  File "/home/ubuntu/tmath/.venv/lib/python3.12/site-packages/celery/bin/base.py", line 158, in caller
    return f(ctx, *args, **kwargs)
           ^^^^^^^^^^^^^^^^^^^^^^^
  File "/home/ubuntu/tmath/.venv/lib/python3.12/site-packages/celery/bin/worker.py", line 359, in worker
    worker = app.Worker(
             ^^^^^^^^^^^
  File "/home/ubuntu/tmath/.venv/lib/python3.12/site-packages/celery/worker/worker.py", line 94, in __init__
    self.app.loader.init_worker()
  File "/home/ubuntu/tmath/.venv/lib/python3.12/site-packages/celery/loaders/base.py", line 110, in init_worker
    self.import_default_modules()
  File "/home/ubuntu/tmath/.venv/lib/python3.12/site-packages/celery/loaders/base.py", line 104, in import_default_modules
    raise response
  File "/home/ubuntu/tmath/.venv/lib/python3.12/site-packages/celery/utils/dispatch/signal.py", line 280, in send
    response = receiver(signal=self, sender=sender, **named)
               ^^^^^^^^^^^^^^^^^^^^^^^^^^^^^^^^^^^^^^^^^^^^^
  File "/home/ubuntu/tmath/.venv/lib/python3.12/site-packages/celery/fixups/django.py", line 103, in on_import_modules
    self.worker_fixup.validate_models()
  File "/home/ubuntu/tmath/.venv/lib/python3.12/site-packages/celery/fixups/django.py", line 154, in validate_models
    run_checks()
  File "/home/ubuntu/tmath/.venv/lib/python3.12/site-packages/django/core/checks/registry.py", line 88, in run_checks
    new_errors = check(app_configs=app_configs, databases=databases)
                 ^^^^^^^^^^^^^^^^^^^^^^^^^^^^^^^^^^^^^^^^^^^^^^^^^^^
  File "/home/ubuntu/tmath/.venv/lib/python3.12/site-packages/django/core/checks/urls.py", line 14, in check_url_config
    return check_resolver(resolver)
           ^^^^^^^^^^^^^^^^^^^^^^^^
  File "/home/ubuntu/tmath/.venv/lib/python3.12/site-packages/django/core/checks/urls.py", line 24, in check_resolver
    return check_method()
           ^^^^^^^^^^^^^^
  File "/home/ubuntu/tmath/.venv/lib/python3.12/site-packages/django/urls/resolvers.py", line 494, in check
    for pattern in self.url_patterns:
                   ^^^^^^^^^^^^^^^^^
  File "/home/ubuntu/tmath/.venv/lib/python3.12/site-packages/django/utils/functional.py", line 57, in __get__
    res = instance.__dict__[self.name] = self.func(instance)
                                         ^^^^^^^^^^^^^^^^^^^
  File "/home/ubuntu/tmath/.venv/lib/python3.12/site-packages/django/urls/resolvers.py", line 715, in url_patterns
    patterns = getattr(self.urlconf_module, "urlpatterns", self.urlconf_module)
                       ^^^^^^^^^^^^^^^^^^^
  File "/home/ubuntu/tmath/.venv/lib/python3.12/site-packages/django/utils/functional.py", line 57, in __get__
    res = instance.__dict__[self.name] = self.func(instance)
                                         ^^^^^^^^^^^^^^^^^^^
  File "/home/ubuntu/tmath/.venv/lib/python3.12/site-packages/django/urls/resolvers.py", line 708, in urlconf_module
    return import_module(self.urlconf_name)
           ^^^^^^^^^^^^^^^^^^^^^^^^^^^^^^^^
  File "/usr/lib/python3.12/importlib/__init__.py", line 90, in import_module
    return _bootstrap._gcd_import(name[level:], package, level)
           ^^^^^^^^^^^^^^^^^^^^^^^^^^^^^^^^^^^^^^^^^^^^^^^^^^^^
  File "<frozen importlib._bootstrap>", line 1387, in _gcd_import
  File "<frozen importlib._bootstrap>", line 1360, in _find_and_load
  File "<frozen importlib._bootstrap>", line 1331, in _find_and_load_unlocked
  File "<frozen importlib._bootstrap>", line 935, in _load_unlocked
  File "<frozen importlib._bootstrap_external>", line 995, in exec_module
  File "<frozen importlib._bootstrap>", line 488, in _call_with_frames_removed
  File "/home/ubuntu/tmath/tmath/urls.py", line 740, in <module>
    path('api/verify-admin/', verify_admin, name='verify_admin'),
                              ^^^^^^^^^^^^
NameError: name 'verify_admin' is not defined
ERROR 2026-09-20 14:55:25,421 signal Signal handler <bound method DjangoFixup.on_import_modules of <celery.fixups.django.DjangoFixup object at 0x79e89a449eb0>> raised: NameError("name 'verify_admin' is not defined")
Traceback (most recent call last):
  File "/home/ubuntu/tmath/.venv/lib/python3.12/site-packages/celery/utils/dispatch/signal.py", line 280, in send
    response = receiver(signal=self, sender=sender, **named)
               ^^^^^^^^^^^^^^^^^^^^^^^^^^^^^^^^^^^^^^^^^^^^^
  File "/home/ubuntu/tmath/.venv/lib/python3.12/site-packages/celery/fixups/django.py", line 103, in on_import_modules
    self.worker_fixup.validate_models()
  File "/home/ubuntu/tmath/.venv/lib/python3.12/site-packages/celery/fixups/django.py", line 154, in validate_models
    run_checks()
  File "/home/ubuntu/tmath/.venv/lib/python3.12/site-packages/django/core/checks/registry.py", line 88, in run_checks
    new_errors = check(app_configs=app_configs, databases=databases)
                 ^^^^^^^^^^^^^^^^^^^^^^^^^^^^^^^^^^^^^^^^^^^^^^^^^^^
  File "/home/ubuntu/tmath/.venv/lib/python3.12/site-packages/django/core/checks/urls.py", line 14, in check_url_config
    return check_resolver(resolver)
           ^^^^^^^^^^^^^^^^^^^^^^^^
  File "/home/ubuntu/tmath/.venv/lib/python3.12/site-packages/django/core/checks/urls.py", line 24, in check_resolver
    return check_method()
           ^^^^^^^^^^^^^^
  File "/home/ubuntu/tmath/.venv/lib/python3.12/site-packages/django/urls/resolvers.py", line 494, in check
    for pattern in self.url_patterns:
                   ^^^^^^^^^^^^^^^^^
  File "/home/ubuntu/tmath/.venv/lib/python3.12/site-packages/django/utils/functional.py", line 57, in __get__
    res = instance.__dict__[self.name] = self.func(instance)
                                         ^^^^^^^^^^^^^^^^^^^
  File "/home/ubuntu/tmath/.venv/lib/python3.12/site-packages/django/urls/resolvers.py", line 715, in url_patterns
    patterns = getattr(self.urlconf_module, "urlpatterns", self.urlconf_module)
                       ^^^^^^^^^^^^^^^^^^^
  File "/home/ubuntu/tmath/.venv/lib/python3.12/site-packages/django/utils/functional.py", line 57, in __get__
    res = instance.__dict__[self.name] = self.func(instance)
                                         ^^^^^^^^^^^^^^^^^^^
  File "/home/ubuntu/tmath/.venv/lib/python3.12/site-packages/django/urls/resolvers.py", line 708, in urlconf_module
    return import_module(self.urlconf_name)
           ^^^^^^^^^^^^^^^^^^^^^^^^^^^^^^^^
  File "/usr/lib/python3.12/importlib/__init__.py", line 90, in import_module
    return _bootstrap._gcd_import(name[level:], package, level)
           ^^^^^^^^^^^^^^^^^^^^^^^^^^^^^^^^^^^^^^^^^^^^^^^^^^^^
  File "<frozen importlib._bootstrap>", line 1387, in _gcd_import
  File "<frozen importlib._bootstrap>", line 1360, in _find_and_load
  File "<frozen importlib._bootstrap>", line 1331, in _find_and_load_unlocked
  File "<frozen importlib._bootstrap>", line 935, in _load_unlocked
  File "<frozen importlib._bootstrap_external>", line 995, in exec_module
  File "<frozen importlib._bootstrap>", line 488, in _call_with_frames_removed
  File "/home/ubuntu/tmath/tmath/urls.py", line 740, in <module>
    path('api/verify-admin/', verify_admin, name='verify_admin'),
                              ^^^^^^^^^^^^
NameError: name 'verify_admin' is not defined
Traceback (most recent call last):
  File "/home/ubuntu/tmath/.venv/bin/celery", line 6, in <module>
    sys.exit(main())
             ^^^^^^
  File "/home/ubuntu/tmath/.venv/lib/python3.12/site-packages/celery/__main__.py", line 15, in main
    sys.exit(_main())
             ^^^^^^^
  File "/home/ubuntu/tmath/.venv/lib/python3.12/site-packages/celery/bin/celery.py", line 227, in main
    return celery(auto_envvar_prefix="CELERY")
           ^^^^^^^^^^^^^^^^^^^^^^^^^^^^^^^^^^^
  File "/home/ubuntu/tmath/.venv/lib/python3.12/site-packages/click/core.py", line 1569, in __call__
    return self.main(*args, **kwargs)
           ^^^^^^^^^^^^^^^^^^^^^^^^^^
  File "/home/ubuntu/tmath/.venv/lib/python3.12/site-packages/click/core.py", line 1490, in main
    rv = self.invoke(ctx)
         ^^^^^^^^^^^^^^^^
  File "/home/ubuntu/tmath/.venv/lib/python3.12/site-packages/click/core.py", line 1970, in invoke
    return _process_result(sub_ctx.command.invoke(sub_ctx))
                           ^^^^^^^^^^^^^^^^^^^^^^^^^^^^^^^
  File "/home/ubuntu/tmath/.venv/lib/python3.12/site-packages/click/core.py", line 1353, in invoke
    return ctx.invoke(self.callback, **ctx.params)
           ^^^^^^^^^^^^^^^^^^^^^^^^^^^^^^^^^^^^^^^
  File "/home/ubuntu/tmath/.venv/lib/python3.12/site-packages/click/core.py", line 907, in invoke
    return callback(*args, **kwargs)
           ^^^^^^^^^^^^^^^^^^^^^^^^^
  File "/home/ubuntu/tmath/.venv/lib/python3.12/site-packages/click/decorators.py", line 34, in new_func
    return f(get_current_context(), *args, **kwargs)
           ^^^^^^^^^^^^^^^^^^^^^^^^^^^^^^^^^^^^^^^^^
  File "/home/ubuntu/tmath/.venv/lib/python3.12/site-packages/celery/bin/base.py", line 158, in caller
    return f(ctx, *args, **kwargs)
           ^^^^^^^^^^^^^^^^^^^^^^^
  File "/home/ubuntu/tmath/.venv/lib/python3.12/site-packages/celery/bin/worker.py", line 359, in worker
    worker = app.Worker(
             ^^^^^^^^^^^
  File "/home/ubuntu/tmath/.venv/lib/python3.12/site-packages/celery/worker/worker.py", line 94, in __init__
    self.app.loader.init_worker()
  File "/home/ubuntu/tmath/.venv/lib/python3.12/site-packages/celery/loaders/base.py", line 110, in init_worker
    self.import_default_modules()
  File "/home/ubuntu/tmath/.venv/lib/python3.12/site-packages/celery/loaders/base.py", line 104, in import_default_modules
    raise response
  File "/home/ubuntu/tmath/.venv/lib/python3.12/site-packages/celery/utils/dispatch/signal.py", line 280, in send
    response = receiver(signal=self, sender=sender, **named)
               ^^^^^^^^^^^^^^^^^^^^^^^^^^^^^^^^^^^^^^^^^^^^^
  File "/home/ubuntu/tmath/.venv/lib/python3.12/site-packages/celery/fixups/django.py", line 103, in on_import_modules
    self.worker_fixup.validate_models()
  File "/home/ubuntu/tmath/.venv/lib/python3.12/site-packages/celery/fixups/django.py", line 154, in validate_models
    run_checks()
  File "/home/ubuntu/tmath/.venv/lib/python3.12/site-packages/django/core/checks/registry.py", line 88, in run_checks
    new_errors = check(app_configs=app_configs, databases=databases)
                 ^^^^^^^^^^^^^^^^^^^^^^^^^^^^^^^^^^^^^^^^^^^^^^^^^^^
  File "/home/ubuntu/tmath/.venv/lib/python3.12/site-packages/django/core/checks/urls.py", line 14, in check_url_config
    return check_resolver(resolver)
           ^^^^^^^^^^^^^^^^^^^^^^^^
  File "/home/ubuntu/tmath/.venv/lib/python3.12/site-packages/django/core/checks/urls.py", line 24, in check_resolver
    return check_method()
           ^^^^^^^^^^^^^^
  File "/home/ubuntu/tmath/.venv/lib/python3.12/site-packages/django/urls/resolvers.py", line 494, in check
    for pattern in self.url_patterns:
                   ^^^^^^^^^^^^^^^^^
  File "/home/ubuntu/tmath/.venv/lib/python3.12/site-packages/django/utils/functional.py", line 57, in __get__
    res = instance.__dict__[self.name] = self.func(instance)
                                         ^^^^^^^^^^^^^^^^^^^
  File "/home/ubuntu/tmath/.venv/lib/python3.12/site-packages/django/urls/resolvers.py", line 715, in url_patterns
    patterns = getattr(self.urlconf_module, "urlpatterns", self.urlconf_module)
                       ^^^^^^^^^^^^^^^^^^^
  File "/home/ubuntu/tmath/.venv/lib/python3.12/site-packages/django/utils/functional.py", line 57, in __get__
    res = instance.__dict__[self.name] = self.func(instance)
                                         ^^^^^^^^^^^^^^^^^^^
  File "/home/ubuntu/tmath/.venv/lib/python3.12/site-packages/django/urls/resolvers.py", line 708, in urlconf_module
    return import_module(self.urlconf_name)
           ^^^^^^^^^^^^^^^^^^^^^^^^^^^^^^^^
  File "/usr/lib/python3.12/importlib/__init__.py", line 90, in import_module
    return _bootstrap._gcd_import(name[level:], package, level)
           ^^^^^^^^^^^^^^^^^^^^^^^^^^^^^^^^^^^^^^^^^^^^^^^^^^^^
  File "<frozen importlib._bootstrap>", line 1387, in _gcd_import
  File "<frozen importlib._bootstrap>", line 1360, in _find_and_load
  File "<frozen importlib._bootstrap>", line 1331, in _find_and_load_unlocked
  File "<frozen importlib._bootstrap>", line 935, in _load_unlocked
  File "<frozen importlib._bootstrap_external>", line 995, in exec_module
  File "<frozen importlib._bootstrap>", line 488, in _call_with_frames_removed
  File "/home/ubuntu/tmath/tmath/urls.py", line 740, in <module>
    path('api/verify-admin/', verify_admin, name='verify_admin'),
                              ^^^^^^^^^^^^
NameError: name 'verify_admin' is not defined
ERROR 2026-09-20 14:55:27,702 signal Signal handler <bound method DjangoFixup.on_import_modules of <celery.fixups.django.DjangoFixup object at 0x74c044629ee0>> raised: NameError("name 'verify_admin' is not defined")
Traceback (most recent call last):
  File "/home/ubuntu/tmath/.venv/lib/python3.12/site-packages/celery/utils/dispatch/signal.py", line 280, in send
    response = receiver(signal=self, sender=sender, **named)
               ^^^^^^^^^^^^^^^^^^^^^^^^^^^^^^^^^^^^^^^^^^^^^
  File "/home/ubuntu/tmath/.venv/lib/python3.12/site-packages/celery/fixups/django.py", line 103, in on_import_modules
    self.worker_fixup.validate_models()
  File "/home/ubuntu/tmath/.venv/lib/python3.12/site-packages/celery/fixups/django.py", line 154, in validate_models
    run_checks()
  File "/home/ubuntu/tmath/.venv/lib/python3.12/site-packages/django/core/checks/registry.py", line 88, in run_checks
    new_errors = check(app_configs=app_configs, databases=databases)
                 ^^^^^^^^^^^^^^^^^^^^^^^^^^^^^^^^^^^^^^^^^^^^^^^^^^^
  File "/home/ubuntu/tmath/.venv/lib/python3.12/site-packages/django/core/checks/urls.py", line 14, in check_url_config
    return check_resolver(resolver)
           ^^^^^^^^^^^^^^^^^^^^^^^^
  File "/home/ubuntu/tmath/.venv/lib/python3.12/site-packages/django/core/checks/urls.py", line 24, in check_resolver
    return check_method()
           ^^^^^^^^^^^^^^
  File "/home/ubuntu/tmath/.venv/lib/python3.12/site-packages/django/urls/resolvers.py", line 494, in check
    for pattern in self.url_patterns:
                   ^^^^^^^^^^^^^^^^^
  File "/home/ubuntu/tmath/.venv/lib/python3.12/site-packages/django/utils/functional.py", line 57, in __get__
    res = instance.__dict__[self.name] = self.func(instance)
                                         ^^^^^^^^^^^^^^^^^^^
  File "/home/ubuntu/tmath/.venv/lib/python3.12/site-packages/django/urls/resolvers.py", line 715, in url_patterns
    patterns = getattr(self.urlconf_module, "urlpatterns", self.urlconf_module)
                       ^^^^^^^^^^^^^^^^^^^
  File "/home/ubuntu/tmath/.venv/lib/python3.12/site-packages/django/utils/functional.py", line 57, in __get__
    res = instance.__dict__[self.name] = self.func(instance)
                                         ^^^^^^^^^^^^^^^^^^^
  File "/home/ubuntu/tmath/.venv/lib/python3.12/site-packages/django/urls/resolvers.py", line 708, in urlconf_module
    return import_module(self.urlconf_name)
           ^^^^^^^^^^^^^^^^^^^^^^^^^^^^^^^^
  File "/usr/lib/python3.12/importlib/__init__.py", line 90, in import_module
    return _bootstrap._gcd_import(name[level:], package, level)
           ^^^^^^^^^^^^^^^^^^^^^^^^^^^^^^^^^^^^^^^^^^^^^^^^^^^^
  File "<frozen importlib._bootstrap>", line 1387, in _gcd_import
  File "<frozen importlib._bootstrap>", line 1360, in _find_and_load
  File "<frozen importlib._bootstrap>", line 1331, in _find_and_load_unlocked
  File "<frozen importlib._bootstrap>", line 935, in _load_unlocked
  File "<frozen importlib._bootstrap_external>", line 995, in exec_module
  File "<frozen importlib._bootstrap>", line 488, in _call_with_frames_removed
  File "/home/ubuntu/tmath/tmath/urls.py", line 740, in <module>
    path('api/verify-admin/', verify_admin, name='verify_admin'),
                              ^^^^^^^^^^^^
NameError: name 'verify_admin' is not defined
Traceback (most recent call last):
  File "/home/ubuntu/tmath/.venv/bin/celery", line 6, in <module>
    sys.exit(main())
             ^^^^^^
  File "/home/ubuntu/tmath/.venv/lib/python3.12/site-packages/celery/__main__.py", line 15, in main
    sys.exit(_main())
             ^^^^^^^
  File "/home/ubuntu/tmath/.venv/lib/python3.12/site-packages/celery/bin/celery.py", line 227, in main
    return celery(auto_envvar_prefix="CELERY")
           ^^^^^^^^^^^^^^^^^^^^^^^^^^^^^^^^^^^
  File "/home/ubuntu/tmath/.venv/lib/python3.12/site-packages/click/core.py", line 1569, in __call__
    return self.main(*args, **kwargs)
           ^^^^^^^^^^^^^^^^^^^^^^^^^^
  File "/home/ubuntu/tmath/.venv/lib/python3.12/site-packages/click/core.py", line 1490, in main
    rv = self.invoke(ctx)
         ^^^^^^^^^^^^^^^^
  File "/home/ubuntu/tmath/.venv/lib/python3.12/site-packages/click/core.py", line 1970, in invoke
    return _process_result(sub_ctx.command.invoke(sub_ctx))
                           ^^^^^^^^^^^^^^^^^^^^^^^^^^^^^^^
  File "/home/ubuntu/tmath/.venv/lib/python3.12/site-packages/click/core.py", line 1353, in invoke
    return ctx.invoke(self.callback, **ctx.params)
           ^^^^^^^^^^^^^^^^^^^^^^^^^^^^^^^^^^^^^^^
  File "/home/ubuntu/tmath/.venv/lib/python3.12/site-packages/click/core.py", line 907, in invoke
    return callback(*args, **kwargs)
           ^^^^^^^^^^^^^^^^^^^^^^^^^
  File "/home/ubuntu/tmath/.venv/lib/python3.12/site-packages/click/decorators.py", line 34, in new_func
    return f(get_current_context(), *args, **kwargs)
           ^^^^^^^^^^^^^^^^^^^^^^^^^^^^^^^^^^^^^^^^^
  File "/home/ubuntu/tmath/.venv/lib/python3.12/site-packages/celery/bin/base.py", line 158, in caller
    return f(ctx, *args, **kwargs)
           ^^^^^^^^^^^^^^^^^^^^^^^
  File "/home/ubuntu/tmath/.venv/lib/python3.12/site-packages/celery/bin/worker.py", line 359, in worker
    worker = app.Worker(
             ^^^^^^^^^^^
  File "/home/ubuntu/tmath/.venv/lib/python3.12/site-packages/celery/worker/worker.py", line 94, in __init__
    self.app.loader.init_worker()
  File "/home/ubuntu/tmath/.venv/lib/python3.12/site-packages/celery/loaders/base.py", line 110, in init_worker
    self.import_default_modules()
  File "/home/ubuntu/tmath/.venv/lib/python3.12/site-packages/celery/loaders/base.py", line 104, in import_default_modules
    raise response
  File "/home/ubuntu/tmath/.venv/lib/python3.12/site-packages/celery/utils/dispatch/signal.py", line 280, in send
    response = receiver(signal=self, sender=sender, **named)
               ^^^^^^^^^^^^^^^^^^^^^^^^^^^^^^^^^^^^^^^^^^^^^
  File "/home/ubuntu/tmath/.venv/lib/python3.12/site-packages/celery/fixups/django.py", line 103, in on_import_modules
    self.worker_fixup.validate_models()
  File "/home/ubuntu/tmath/.venv/lib/python3.12/site-packages/celery/fixups/django.py", line 154, in validate_models
    run_checks()
  File "/home/ubuntu/tmath/.venv/lib/python3.12/site-packages/django/core/checks/registry.py", line 88, in run_checks
    new_errors = check(app_configs=app_configs, databases=databases)
                 ^^^^^^^^^^^^^^^^^^^^^^^^^^^^^^^^^^^^^^^^^^^^^^^^^^^
  File "/home/ubuntu/tmath/.venv/lib/python3.12/site-packages/django/core/checks/urls.py", line 14, in check_url_config
    return check_resolver(resolver)
           ^^^^^^^^^^^^^^^^^^^^^^^^
  File "/home/ubuntu/tmath/.venv/lib/python3.12/site-packages/django/core/checks/urls.py", line 24, in check_resolver
    return check_method()
           ^^^^^^^^^^^^^^
  File "/home/ubuntu/tmath/.venv/lib/python3.12/site-packages/django/urls/resolvers.py", line 494, in check
    for pattern in self.url_patterns:
                   ^^^^^^^^^^^^^^^^^
  File "/home/ubuntu/tmath/.venv/lib/python3.12/site-packages/django/utils/functional.py", line 57, in __get__
    res = instance.__dict__[self.name] = self.func(instance)
                                         ^^^^^^^^^^^^^^^^^^^
  File "/home/ubuntu/tmath/.venv/lib/python3.12/site-packages/django/urls/resolvers.py", line 715, in url_patterns
    patterns = getattr(self.urlconf_module, "urlpatterns", self.urlconf_module)
                       ^^^^^^^^^^^^^^^^^^^
  File "/home/ubuntu/tmath/.venv/lib/python3.12/site-packages/django/utils/functional.py", line 57, in __get__
    res = instance.__dict__[self.name] = self.func(instance)
                                         ^^^^^^^^^^^^^^^^^^^
  File "/home/ubuntu/tmath/.venv/lib/python3.12/site-packages/django/urls/resolvers.py", line 708, in urlconf_module
    return import_module(self.urlconf_name)
           ^^^^^^^^^^^^^^^^^^^^^^^^^^^^^^^^
  File "/usr/lib/python3.12/importlib/__init__.py", line 90, in import_module
    return _bootstrap._gcd_import(name[level:], package, level)
           ^^^^^^^^^^^^^^^^^^^^^^^^^^^^^^^^^^^^^^^^^^^^^^^^^^^^
  File "<frozen importlib._bootstrap>", line 1387, in _gcd_import
  File "<frozen importlib._bootstrap>", line 1360, in _find_and_load
  File "<frozen importlib._bootstrap>", line 1331, in _find_and_load_unlocked
  File "<frozen importlib._bootstrap>", line 935, in _load_unlocked
  File "<frozen importlib._bootstrap_external>", line 995, in exec_module
  File "<frozen importlib._bootstrap>", line 488, in _call_with_frames_removed
  File "/home/ubuntu/tmath/tmath/urls.py", line 740, in <module>
    path('api/verify-admin/', verify_admin, name='verify_admin'),
                              ^^^^^^^^^^^^
NameError: name 'verify_admin' is not defined
ERROR 2026-09-20 14:55:30,020 signal Signal handler <bound method DjangoFixup.on_import_modules of <celery.fixups.django.DjangoFixup object at 0x7202c40d2360>> raised: NameError("name 'verify_admin' is not defined")
Traceback (most recent call last):
  File "/home/ubuntu/tmath/.venv/lib/python3.12/site-packages/celery/utils/dispatch/signal.py", line 280, in send
    response = receiver(signal=self, sender=sender, **named)
               ^^^^^^^^^^^^^^^^^^^^^^^^^^^^^^^^^^^^^^^^^^^^^
  File "/home/ubuntu/tmath/.venv/lib/python3.12/site-packages/celery/fixups/django.py", line 103, in on_import_modules
    self.worker_fixup.validate_models()
  File "/home/ubuntu/tmath/.venv/lib/python3.12/site-packages/celery/fixups/django.py", line 154, in validate_models
    run_checks()
  File "/home/ubuntu/tmath/.venv/lib/python3.12/site-packages/django/core/checks/registry.py", line 88, in run_checks
    new_errors = check(app_configs=app_configs, databases=databases)
                 ^^^^^^^^^^^^^^^^^^^^^^^^^^^^^^^^^^^^^^^^^^^^^^^^^^^
  File "/home/ubuntu/tmath/.venv/lib/python3.12/site-packages/django/core/checks/urls.py", line 14, in check_url_config
    return check_resolver(resolver)
           ^^^^^^^^^^^^^^^^^^^^^^^^
  File "/home/ubuntu/tmath/.venv/lib/python3.12/site-packages/django/core/checks/urls.py", line 24, in check_resolver
    return check_method()
           ^^^^^^^^^^^^^^
  File "/home/ubuntu/tmath/.venv/lib/python3.12/site-packages/django/urls/resolvers.py", line 494, in check
    for pattern in self.url_patterns:
                   ^^^^^^^^^^^^^^^^^
  File "/home/ubuntu/tmath/.venv/lib/python3.12/site-packages/django/utils/functional.py", line 57, in __get__
    res = instance.__dict__[self.name] = self.func(instance)
                                         ^^^^^^^^^^^^^^^^^^^
  File "/home/ubuntu/tmath/.venv/lib/python3.12/site-packages/django/urls/resolvers.py", line 715, in url_patterns
    patterns = getattr(self.urlconf_module, "urlpatterns", self.urlconf_module)
                       ^^^^^^^^^^^^^^^^^^^
  File "/home/ubuntu/tmath/.venv/lib/python3.12/site-packages/django/utils/functional.py", line 57, in __get__
    res = instance.__dict__[self.name] = self.func(instance)
                                         ^^^^^^^^^^^^^^^^^^^
  File "/home/ubuntu/tmath/.venv/lib/python3.12/site-packages/django/urls/resolvers.py", line 708, in urlconf_module
    return import_module(self.urlconf_name)
           ^^^^^^^^^^^^^^^^^^^^^^^^^^^^^^^^
  File "/usr/lib/python3.12/importlib/__init__.py", line 90, in import_module
    return _bootstrap._gcd_import(name[level:], package, level)
           ^^^^^^^^^^^^^^^^^^^^^^^^^^^^^^^^^^^^^^^^^^^^^^^^^^^^
  File "<frozen importlib._bootstrap>", line 1387, in _gcd_import
  File "<frozen importlib._bootstrap>", line 1360, in _find_and_load
  File "<frozen importlib._bootstrap>", line 1331, in _find_and_load_unlocked
  File "<frozen importlib._bootstrap>", line 935, in _load_unlocked
  File "<frozen importlib._bootstrap_external>", line 995, in exec_module
  File "<frozen importlib._bootstrap>", line 488, in _call_with_frames_removed
  File "/home/ubuntu/tmath/tmath/urls.py", line 740, in <module>
    path('api/verify-admin/', verify_admin, name='verify_admin'),
                              ^^^^^^^^^^^^
NameError: name 'verify_admin' is not defined
Traceback (most recent call last):
  File "/home/ubuntu/tmath/.venv/bin/celery", line 6, in <module>
    sys.exit(main())
             ^^^^^^
  File "/home/ubuntu/tmath/.venv/lib/python3.12/site-packages/celery/__main__.py", line 15, in main
    sys.exit(_main())
             ^^^^^^^
  File "/home/ubuntu/tmath/.venv/lib/python3.12/site-packages/celery/bin/celery.py", line 227, in main
    return celery(auto_envvar_prefix="CELERY")
           ^^^^^^^^^^^^^^^^^^^^^^^^^^^^^^^^^^^
  File "/home/ubuntu/tmath/.venv/lib/python3.12/site-packages/click/core.py", line 1569, in __call__
    return self.main(*args, **kwargs)
           ^^^^^^^^^^^^^^^^^^^^^^^^^^
  File "/home/ubuntu/tmath/.venv/lib/python3.12/site-packages/click/core.py", line 1490, in main
    rv = self.invoke(ctx)
         ^^^^^^^^^^^^^^^^
  File "/home/ubuntu/tmath/.venv/lib/python3.12/site-packages/click/core.py", line 1970, in invoke
    return _process_result(sub_ctx.command.invoke(sub_ctx))
                           ^^^^^^^^^^^^^^^^^^^^^^^^^^^^^^^
  File "/home/ubuntu/tmath/.venv/lib/python3.12/site-packages/click/core.py", line 1353, in invoke
    return ctx.invoke(self.callback, **ctx.params)
           ^^^^^^^^^^^^^^^^^^^^^^^^^^^^^^^^^^^^^^^
  File "/home/ubuntu/tmath/.venv/lib/python3.12/site-packages/click/core.py", line 907, in invoke
    return callback(*args, **kwargs)
           ^^^^^^^^^^^^^^^^^^^^^^^^^
  File "/home/ubuntu/tmath/.venv/lib/python3.12/site-packages/click/decorators.py", line 34, in new_func
    return f(get_current_context(), *args, **kwargs)
           ^^^^^^^^^^^^^^^^^^^^^^^^^^^^^^^^^^^^^^^^^
  File "/home/ubuntu/tmath/.venv/lib/python3.12/site-packages/celery/bin/base.py", line 158, in caller
    return f(ctx, *args, **kwargs)
           ^^^^^^^^^^^^^^^^^^^^^^^
  File "/home/ubuntu/tmath/.venv/lib/python3.12/site-packages/celery/bin/worker.py", line 359, in worker
    worker = app.Worker(
             ^^^^^^^^^^^
  File "/home/ubuntu/tmath/.venv/lib/python3.12/site-packages/celery/worker/worker.py", line 94, in __init__
    self.app.loader.init_worker()
  File "/home/ubuntu/tmath/.venv/lib/python3.12/site-packages/celery/loaders/base.py", line 110, in init_worker
    self.import_default_modules()
  File "/home/ubuntu/tmath/.venv/lib/python3.12/site-packages/celery/loaders/base.py", line 104, in import_default_modules
    raise response
  File "/home/ubuntu/tmath/.venv/lib/python3.12/site-packages/celery/utils/dispatch/signal.py", line 280, in send
    response = receiver(signal=self, sender=sender, **named)
               ^^^^^^^^^^^^^^^^^^^^^^^^^^^^^^^^^^^^^^^^^^^^^
  File "/home/ubuntu/tmath/.venv/lib/python3.12/site-packages/celery/fixups/django.py", line 103, in on_import_modules
    self.worker_fixup.validate_models()
  File "/home/ubuntu/tmath/.venv/lib/python3.12/site-packages/celery/fixups/django.py", line 154, in validate_models
    run_checks()
  File "/home/ubuntu/tmath/.venv/lib/python3.12/site-packages/django/core/checks/registry.py", line 88, in run_checks
    new_errors = check(app_configs=app_configs, databases=databases)
                 ^^^^^^^^^^^^^^^^^^^^^^^^^^^^^^^^^^^^^^^^^^^^^^^^^^^
  File "/home/ubuntu/tmath/.venv/lib/python3.12/site-packages/django/core/checks/urls.py", line 14, in check_url_config
    return check_resolver(resolver)
           ^^^^^^^^^^^^^^^^^^^^^^^^
  File "/home/ubuntu/tmath/.venv/lib/python3.12/site-packages/django/core/checks/urls.py", line 24, in check_resolver
    return check_method()
           ^^^^^^^^^^^^^^
  File "/home/ubuntu/tmath/.venv/lib/python3.12/site-packages/django/urls/resolvers.py", line 494, in check
    for pattern in self.url_patterns:
                   ^^^^^^^^^^^^^^^^^
  File "/home/ubuntu/tmath/.venv/lib/python3.12/site-packages/django/utils/functional.py", line 57, in __get__
    res = instance.__dict__[self.name] = self.func(instance)
                                         ^^^^^^^^^^^^^^^^^^^
  File "/home/ubuntu/tmath/.venv/lib/python3.12/site-packages/django/urls/resolvers.py", line 715, in url_patterns
    patterns = getattr(self.urlconf_module, "urlpatterns", self.urlconf_module)
                       ^^^^^^^^^^^^^^^^^^^
  File "/home/ubuntu/tmath/.venv/lib/python3.12/site-packages/django/utils/functional.py", line 57, in __get__
    res = instance.__dict__[self.name] = self.func(instance)
                                         ^^^^^^^^^^^^^^^^^^^
  File "/home/ubuntu/tmath/.venv/lib/python3.12/site-packages/django/urls/resolvers.py", line 708, in urlconf_module
    return import_module(self.urlconf_name)
           ^^^^^^^^^^^^^^^^^^^^^^^^^^^^^^^^
  File "/usr/lib/python3.12/importlib/__init__.py", line 90, in import_module
    return _bootstrap._gcd_import(name[level:], package, level)
           ^^^^^^^^^^^^^^^^^^^^^^^^^^^^^^^^^^^^^^^^^^^^^^^^^^^^
  File "<frozen importlib._bootstrap>", line 1387, in _gcd_import
  File "<frozen importlib._bootstrap>", line 1360, in _find_and_load
  File "<frozen importlib._bootstrap>", line 1331, in _find_and_load_unlocked
  File "<frozen importlib._bootstrap>", line 935, in _load_unlocked
  File "<frozen importlib._bootstrap_external>", line 995, in exec_module
  File "<frozen importlib._bootstrap>", line 488, in _call_with_frames_removed
  File "/home/ubuntu/tmath/tmath/urls.py", line 740, in <module>
    path('api/verify-admin/', verify_admin, name='verify_admin'),
                              ^^^^^^^^^^^^
NameError: name 'verify_admin' is not defined
ERROR 2026-09-20 14:55:32,309 signal Signal handler <bound method DjangoFixup.on_import_modules of <celery.fixups.django.DjangoFixup object at 0x7cee6af673b0>> raised: NameError("name 'verify_admin' is not defined")
Traceback (most recent call last):
  File "/home/ubuntu/tmath/.venv/lib/python3.12/site-packages/celery/utils/dispatch/signal.py", line 280, in send
    response = receiver(signal=self, sender=sender, **named)
               ^^^^^^^^^^^^^^^^^^^^^^^^^^^^^^^^^^^^^^^^^^^^^
  File "/home/ubuntu/tmath/.venv/lib/python3.12/site-packages/celery/fixups/django.py", line 103, in on_import_modules
    self.worker_fixup.validate_models()
  File "/home/ubuntu/tmath/.venv/lib/python3.12/site-packages/celery/fixups/django.py", line 154, in validate_models
    run_checks()
  File "/home/ubuntu/tmath/.venv/lib/python3.12/site-packages/django/core/checks/registry.py", line 88, in run_checks
    new_errors = check(app_configs=app_configs, databases=databases)
                 ^^^^^^^^^^^^^^^^^^^^^^^^^^^^^^^^^^^^^^^^^^^^^^^^^^^
  File "/home/ubuntu/tmath/.venv/lib/python3.12/site-packages/django/core/checks/urls.py", line 14, in check_url_config
    return check_resolver(resolver)
           ^^^^^^^^^^^^^^^^^^^^^^^^
  File "/home/ubuntu/tmath/.venv/lib/python3.12/site-packages/django/core/checks/urls.py", line 24, in check_resolver
    return check_method()
           ^^^^^^^^^^^^^^
  File "/home/ubuntu/tmath/.venv/lib/python3.12/site-packages/django/urls/resolvers.py", line 494, in check
    for pattern in self.url_patterns:
                   ^^^^^^^^^^^^^^^^^
  File "/home/ubuntu/tmath/.venv/lib/python3.12/site-packages/django/utils/functional.py", line 57, in __get__
    res = instance.__dict__[self.name] = self.func(instance)
                                         ^^^^^^^^^^^^^^^^^^^
  File "/home/ubuntu/tmath/.venv/lib/python3.12/site-packages/django/urls/resolvers.py", line 715, in url_patterns
    patterns = getattr(self.urlconf_module, "urlpatterns", self.urlconf_module)
                       ^^^^^^^^^^^^^^^^^^^
  File "/home/ubuntu/tmath/.venv/lib/python3.12/site-packages/django/utils/functional.py", line 57, in __get__
    res = instance.__dict__[self.name] = self.func(instance)
                                         ^^^^^^^^^^^^^^^^^^^
  File "/home/ubuntu/tmath/.venv/lib/python3.12/site-packages/django/urls/resolvers.py", line 708, in urlconf_module
    return import_module(self.urlconf_name)
           ^^^^^^^^^^^^^^^^^^^^^^^^^^^^^^^^
  File "/usr/lib/python3.12/importlib/__init__.py", line 90, in import_module
    return _bootstrap._gcd_import(name[level:], package, level)
           ^^^^^^^^^^^^^^^^^^^^^^^^^^^^^^^^^^^^^^^^^^^^^^^^^^^^
  File "<frozen importlib._bootstrap>", line 1387, in _gcd_import
  File "<frozen importlib._bootstrap>", line 1360, in _find_and_load
  File "<frozen importlib._bootstrap>", line 1331, in _find_and_load_unlocked
  File "<frozen importlib._bootstrap>", line 935, in _load_unlocked
  File "<frozen importlib._bootstrap_external>", line 995, in exec_module
  File "<frozen importlib._bootstrap>", line 488, in _call_with_frames_removed
  File "/home/ubuntu/tmath/tmath/urls.py", line 740, in <module>
    path('api/verify-admin/', verify_admin, name='verify_admin'),
                              ^^^^^^^^^^^^
NameError: name 'verify_admin' is not defined
Traceback (most recent call last):
  File "/home/ubuntu/tmath/.venv/bin/celery", line 6, in <module>
    sys.exit(main())
             ^^^^^^
  File "/home/ubuntu/tmath/.venv/lib/python3.12/site-packages/celery/__main__.py", line 15, in main
    sys.exit(_main())
             ^^^^^^^
  File "/home/ubuntu/tmath/.venv/lib/python3.12/site-packages/celery/bin/celery.py", line 227, in main
    return celery(auto_envvar_prefix="CELERY")
           ^^^^^^^^^^^^^^^^^^^^^^^^^^^^^^^^^^^
  File "/home/ubuntu/tmath/.venv/lib/python3.12/site-packages/click/core.py", line 1569, in __call__
    return self.main(*args, **kwargs)
           ^^^^^^^^^^^^^^^^^^^^^^^^^^
  File "/home/ubuntu/tmath/.venv/lib/python3.12/site-packages/click/core.py", line 1490, in main
    rv = self.invoke(ctx)
         ^^^^^^^^^^^^^^^^
  File "/home/ubuntu/tmath/.venv/lib/python3.12/site-packages/click/core.py", line 1970, in invoke
    return _process_result(sub_ctx.command.invoke(sub_ctx))
                           ^^^^^^^^^^^^^^^^^^^^^^^^^^^^^^^
  File "/home/ubuntu/tmath/.venv/lib/python3.12/site-packages/click/core.py", line 1353, in invoke
    return ctx.invoke(self.callback, **ctx.params)
           ^^^^^^^^^^^^^^^^^^^^^^^^^^^^^^^^^^^^^^^
  File "/home/ubuntu/tmath/.venv/lib/python3.12/site-packages/click/core.py", line 907, in invoke
    return callback(*args, **kwargs)
           ^^^^^^^^^^^^^^^^^^^^^^^^^
  File "/home/ubuntu/tmath/.venv/lib/python3.12/site-packages/click/decorators.py", line 34, in new_func
    return f(get_current_context(), *args, **kwargs)
           ^^^^^^^^^^^^^^^^^^^^^^^^^^^^^^^^^^^^^^^^^
  File "/home/ubuntu/tmath/.venv/lib/python3.12/site-packages/celery/bin/base.py", line 158, in caller
    return f(ctx, *args, **kwargs)
           ^^^^^^^^^^^^^^^^^^^^^^^
  File "/home/ubuntu/tmath/.venv/lib/python3.12/site-packages/celery/bin/worker.py", line 359, in worker
    worker = app.Worker(
             ^^^^^^^^^^^
  File "/home/ubuntu/tmath/.venv/lib/python3.12/site-packages/celery/worker/worker.py", line 94, in __init__
    self.app.loader.init_worker()
  File "/home/ubuntu/tmath/.venv/lib/python3.12/site-packages/celery/loaders/base.py", line 110, in init_worker
    self.import_default_modules()
  File "/home/ubuntu/tmath/.venv/lib/python3.12/site-packages/celery/loaders/base.py", line 104, in import_default_modules
    raise response
  File "/home/ubuntu/tmath/.venv/lib/python3.12/site-packages/celery/utils/dispatch/signal.py", line 280, in send
    response = receiver(signal=self, sender=sender, **named)
               ^^^^^^^^^^^^^^^^^^^^^^^^^^^^^^^^^^^^^^^^^^^^^
  File "/home/ubuntu/tmath/.venv/lib/python3.12/site-packages/celery/fixups/django.py", line 103, in on_import_modules
    self.worker_fixup.validate_models()
  File "/home/ubuntu/tmath/.venv/lib/python3.12/site-packages/celery/fixups/django.py", line 154, in validate_models
    run_checks()
  File "/home/ubuntu/tmath/.venv/lib/python3.12/site-packages/django/core/checks/registry.py", line 88, in run_checks
    new_errors = check(app_configs=app_configs, databases=databases)
                 ^^^^^^^^^^^^^^^^^^^^^^^^^^^^^^^^^^^^^^^^^^^^^^^^^^^
  File "/home/ubuntu/tmath/.venv/lib/python3.12/site-packages/django/core/checks/urls.py", line 14, in check_url_config
    return check_resolver(resolver)
           ^^^^^^^^^^^^^^^^^^^^^^^^
  File "/home/ubuntu/tmath/.venv/lib/python3.12/site-packages/django/core/checks/urls.py", line 24, in check_resolver
    return check_method()
           ^^^^^^^^^^^^^^
  File "/home/ubuntu/tmath/.venv/lib/python3.12/site-packages/django/urls/resolvers.py", line 494, in check
    for pattern in self.url_patterns:
                   ^^^^^^^^^^^^^^^^^
  File "/home/ubuntu/tmath/.venv/lib/python3.12/site-packages/django/utils/functional.py", line 57, in __get__
    res = instance.__dict__[self.name] = self.func(instance)
                                         ^^^^^^^^^^^^^^^^^^^
  File "/home/ubuntu/tmath/.venv/lib/python3.12/site-packages/django/urls/resolvers.py", line 715, in url_patterns
    patterns = getattr(self.urlconf_module, "urlpatterns", self.urlconf_module)
                       ^^^^^^^^^^^^^^^^^^^
  File "/home/ubuntu/tmath/.venv/lib/python3.12/site-packages/django/utils/functional.py", line 57, in __get__
    res = instance.__dict__[self.name] = self.func(instance)
                                         ^^^^^^^^^^^^^^^^^^^
  File "/home/ubuntu/tmath/.venv/lib/python3.12/site-packages/django/urls/resolvers.py", line 708, in urlconf_module
    return import_module(self.urlconf_name)
           ^^^^^^^^^^^^^^^^^^^^^^^^^^^^^^^^
  File "/usr/lib/python3.12/importlib/__init__.py", line 90, in import_module
    return _bootstrap._gcd_import(name[level:], package, level)
           ^^^^^^^^^^^^^^^^^^^^^^^^^^^^^^^^^^^^^^^^^^^^^^^^^^^^
  File "<frozen importlib._bootstrap>", line 1387, in _gcd_import
  File "<frozen importlib._bootstrap>", line 1360, in _find_and_load
  File "<frozen importlib._bootstrap>", line 1331, in _find_and_load_unlocked
  File "<frozen importlib._bootstrap>", line 935, in _load_unlocked
  File "<frozen importlib._bootstrap_external>", line 995, in exec_module
  File "<frozen importlib._bootstrap>", line 488, in _call_with_frames_removed
  File "/home/ubuntu/tmath/tmath/urls.py", line 740, in <module>
    path('api/verify-admin/', verify_admin, name='verify_admin'),
                              ^^^^^^^^^^^^
NameError: name 'verify_admin' is not defined
ERROR 2026-09-20 14:55:34,605 signal Signal handler <bound method DjangoFixup.on_import_modules of <celery.fixups.django.DjangoFixup object at 0x715236bcbb30>> raised: NameError("name 'verify_admin' is not defined")
Traceback (most recent call last):
  File "/home/ubuntu/tmath/.venv/lib/python3.12/site-packages/celery/utils/dispatch/signal.py", line 280, in send
    response = receiver(signal=self, sender=sender, **named)
               ^^^^^^^^^^^^^^^^^^^^^^^^^^^^^^^^^^^^^^^^^^^^^
  File "/home/ubuntu/tmath/.venv/lib/python3.12/site-packages/celery/fixups/django.py", line 103, in on_import_modules
    self.worker_fixup.validate_models()
  File "/home/ubuntu/tmath/.venv/lib/python3.12/site-packages/celery/fixups/django.py", line 154, in validate_models
    run_checks()
  File "/home/ubuntu/tmath/.venv/lib/python3.12/site-packages/django/core/checks/registry.py", line 88, in run_checks
    new_errors = check(app_configs=app_configs, databases=databases)
                 ^^^^^^^^^^^^^^^^^^^^^^^^^^^^^^^^^^^^^^^^^^^^^^^^^^^
  File "/home/ubuntu/tmath/.venv/lib/python3.12/site-packages/django/core/checks/urls.py", line 14, in check_url_config
    return check_resolver(resolver)
           ^^^^^^^^^^^^^^^^^^^^^^^^
  File "/home/ubuntu/tmath/.venv/lib/python3.12/site-packages/django/core/checks/urls.py", line 24, in check_resolver
    return check_method()
           ^^^^^^^^^^^^^^
  File "/home/ubuntu/tmath/.venv/lib/python3.12/site-packages/django/urls/resolvers.py", line 494, in check
    for pattern in self.url_patterns:
                   ^^^^^^^^^^^^^^^^^
  File "/home/ubuntu/tmath/.venv/lib/python3.12/site-packages/django/utils/functional.py", line 57, in __get__
    res = instance.__dict__[self.name] = self.func(instance)
                                         ^^^^^^^^^^^^^^^^^^^
  File "/home/ubuntu/tmath/.venv/lib/python3.12/site-packages/django/urls/resolvers.py", line 715, in url_patterns
    patterns = getattr(self.urlconf_module, "urlpatterns", self.urlconf_module)
                       ^^^^^^^^^^^^^^^^^^^
  File "/home/ubuntu/tmath/.venv/lib/python3.12/site-packages/django/utils/functional.py", line 57, in __get__
    res = instance.__dict__[self.name] = self.func(instance)
                                         ^^^^^^^^^^^^^^^^^^^
  File "/home/ubuntu/tmath/.venv/lib/python3.12/site-packages/django/urls/resolvers.py", line 708, in urlconf_module
    return import_module(self.urlconf_name)
           ^^^^^^^^^^^^^^^^^^^^^^^^^^^^^^^^
  File "/usr/lib/python3.12/importlib/__init__.py", line 90, in import_module
    return _bootstrap._gcd_import(name[level:], package, level)
           ^^^^^^^^^^^^^^^^^^^^^^^^^^^^^^^^^^^^^^^^^^^^^^^^^^^^
  File "<frozen importlib._bootstrap>", line 1387, in _gcd_import
  File "<frozen importlib._bootstrap>", line 1360, in _find_and_load
  File "<frozen importlib._bootstrap>", line 1331, in _find_and_load_unlocked
  File "<frozen importlib._bootstrap>", line 935, in _load_unlocked
  File "<frozen importlib._bootstrap_external>", line 995, in exec_module
  File "<frozen importlib._bootstrap>", line 488, in _call_with_frames_removed
  File "/home/ubuntu/tmath/tmath/urls.py", line 740, in <module>
    path('api/verify-admin/', verify_admin, name='verify_admin'),
                              ^^^^^^^^^^^^
NameError: name 'verify_admin' is not defined
Traceback (most recent call last):
  File "/home/ubuntu/tmath/.venv/bin/celery", line 6, in <module>
    sys.exit(main())
             ^^^^^^
  File "/home/ubuntu/tmath/.venv/lib/python3.12/site-packages/celery/__main__.py", line 15, in main
    sys.exit(_main())
             ^^^^^^^
  File "/home/ubuntu/tmath/.venv/lib/python3.12/site-packages/celery/bin/celery.py", line 227, in main
    return celery(auto_envvar_prefix="CELERY")
           ^^^^^^^^^^^^^^^^^^^^^^^^^^^^^^^^^^^
  File "/home/ubuntu/tmath/.venv/lib/python3.12/site-packages/click/core.py", line 1569, in __call__
    return self.main(*args, **kwargs)
           ^^^^^^^^^^^^^^^^^^^^^^^^^^
  File "/home/ubuntu/tmath/.venv/lib/python3.12/site-packages/click/core.py", line 1490, in main
    rv = self.invoke(ctx)
         ^^^^^^^^^^^^^^^^
  File "/home/ubuntu/tmath/.venv/lib/python3.12/site-packages/click/core.py", line 1970, in invoke
    return _process_result(sub_ctx.command.invoke(sub_ctx))
                           ^^^^^^^^^^^^^^^^^^^^^^^^^^^^^^^
  File "/home/ubuntu/tmath/.venv/lib/python3.12/site-packages/click/core.py", line 1353, in invoke
    return ctx.invoke(self.callback, **ctx.params)
           ^^^^^^^^^^^^^^^^^^^^^^^^^^^^^^^^^^^^^^^
  File "/home/ubuntu/tmath/.venv/lib/python3.12/site-packages/click/core.py", line 907, in invoke
    return callback(*args, **kwargs)
           ^^^^^^^^^^^^^^^^^^^^^^^^^
  File "/home/ubuntu/tmath/.venv/lib/python3.12/site-packages/click/decorators.py", line 34, in new_func
    return f(get_current_context(), *args, **kwargs)
           ^^^^^^^^^^^^^^^^^^^^^^^^^^^^^^^^^^^^^^^^^
  File "/home/ubuntu/tmath/.venv/lib/python3.12/site-packages/celery/bin/base.py", line 158, in caller
    return f(ctx, *args, **kwargs)
           ^^^^^^^^^^^^^^^^^^^^^^^
  File "/home/ubuntu/tmath/.venv/lib/python3.12/site-packages/celery/bin/worker.py", line 359, in worker
    worker = app.Worker(
             ^^^^^^^^^^^
  File "/home/ubuntu/tmath/.venv/lib/python3.12/site-packages/celery/worker/worker.py", line 94, in __init__
    self.app.loader.init_worker()
  File "/home/ubuntu/tmath/.venv/lib/python3.12/site-packages/celery/loaders/base.py", line 110, in init_worker
    self.import_default_modules()
  File "/home/ubuntu/tmath/.venv/lib/python3.12/site-packages/celery/loaders/base.py", line 104, in import_default_modules
    raise response
  File "/home/ubuntu/tmath/.venv/lib/python3.12/site-packages/celery/utils/dispatch/signal.py", line 280, in send
    response = receiver(signal=self, sender=sender, **named)
               ^^^^^^^^^^^^^^^^^^^^^^^^^^^^^^^^^^^^^^^^^^^^^
  File "/home/ubuntu/tmath/.venv/lib/python3.12/site-packages/celery/fixups/django.py", line 103, in on_import_modules
    self.worker_fixup.validate_models()
  File "/home/ubuntu/tmath/.venv/lib/python3.12/site-packages/celery/fixups/django.py", line 154, in validate_models
    run_checks()
  File "/home/ubuntu/tmath/.venv/lib/python3.12/site-packages/django/core/checks/registry.py", line 88, in run_checks
    new_errors = check(app_configs=app_configs, databases=databases)
                 ^^^^^^^^^^^^^^^^^^^^^^^^^^^^^^^^^^^^^^^^^^^^^^^^^^^
  File "/home/ubuntu/tmath/.venv/lib/python3.12/site-packages/django/core/checks/urls.py", line 14, in check_url_config
    return check_resolver(resolver)
           ^^^^^^^^^^^^^^^^^^^^^^^^
  File "/home/ubuntu/tmath/.venv/lib/python3.12/site-packages/django/core/checks/urls.py", line 24, in check_resolver
    return check_method()
           ^^^^^^^^^^^^^^
  File "/home/ubuntu/tmath/.venv/lib/python3.12/site-packages/django/urls/resolvers.py", line 494, in check
    for pattern in self.url_patterns:
                   ^^^^^^^^^^^^^^^^^
  File "/home/ubuntu/tmath/.venv/lib/python3.12/site-packages/django/utils/functional.py", line 57, in __get__
    res = instance.__dict__[self.name] = self.func(instance)
                                         ^^^^^^^^^^^^^^^^^^^
  File "/home/ubuntu/tmath/.venv/lib/python3.12/site-packages/django/urls/resolvers.py", line 715, in url_patterns
    patterns = getattr(self.urlconf_module, "urlpatterns", self.urlconf_module)
                       ^^^^^^^^^^^^^^^^^^^
  File "/home/ubuntu/tmath/.venv/lib/python3.12/site-packages/django/utils/functional.py", line 57, in __get__
    res = instance.__dict__[self.name] = self.func(instance)
                                         ^^^^^^^^^^^^^^^^^^^
  File "/home/ubuntu/tmath/.venv/lib/python3.12/site-packages/django/urls/resolvers.py", line 708, in urlconf_module
    return import_module(self.urlconf_name)
           ^^^^^^^^^^^^^^^^^^^^^^^^^^^^^^^^
  File "/usr/lib/python3.12/importlib/__init__.py", line 90, in import_module
    return _bootstrap._gcd_import(name[level:], package, level)
           ^^^^^^^^^^^^^^^^^^^^^^^^^^^^^^^^^^^^^^^^^^^^^^^^^^^^
  File "<frozen importlib._bootstrap>", line 1387, in _gcd_import
  File "<frozen importlib._bootstrap>", line 1360, in _find_and_load
  File "<frozen importlib._bootstrap>", line 1331, in _find_and_load_unlocked
  File "<frozen importlib._bootstrap>", line 935, in _load_unlocked
  File "<frozen importlib._bootstrap_external>", line 995, in exec_module
  File "<frozen importlib._bootstrap>", line 488, in _call_with_frames_removed
  File "/home/ubuntu/tmath/tmath/urls.py", line 740, in <module>
    path('api/verify-admin/', verify_admin, name='verify_admin'),
                              ^^^^^^^^^^^^
NameError: name 'verify_admin' is not defined
ERROR 2026-09-20 14:55:36,972 signal Signal handler <bound method DjangoFixup.on_import_modules of <celery.fixups.django.DjangoFixup object at 0x77ca49713230>> raised: NameError("name 'verify_admin' is not defined")
Traceback (most recent call last):
  File "/home/ubuntu/tmath/.venv/lib/python3.12/site-packages/celery/utils/dispatch/signal.py", line 280, in send
    response = receiver(signal=self, sender=sender, **named)
               ^^^^^^^^^^^^^^^^^^^^^^^^^^^^^^^^^^^^^^^^^^^^^
  File "/home/ubuntu/tmath/.venv/lib/python3.12/site-packages/celery/fixups/django.py", line 103, in on_import_modules
    self.worker_fixup.validate_models()
  File "/home/ubuntu/tmath/.venv/lib/python3.12/site-packages/celery/fixups/django.py", line 154, in validate_models
    run_checks()
  File "/home/ubuntu/tmath/.venv/lib/python3.12/site-packages/django/core/checks/registry.py", line 88, in run_checks
    new_errors = check(app_configs=app_configs, databases=databases)
                 ^^^^^^^^^^^^^^^^^^^^^^^^^^^^^^^^^^^^^^^^^^^^^^^^^^^
  File "/home/ubuntu/tmath/.venv/lib/python3.12/site-packages/django/core/checks/urls.py", line 14, in check_url_config
    return check_resolver(resolver)
           ^^^^^^^^^^^^^^^^^^^^^^^^
  File "/home/ubuntu/tmath/.venv/lib/python3.12/site-packages/django/core/checks/urls.py", line 24, in check_resolver
    return check_method()
           ^^^^^^^^^^^^^^
  File "/home/ubuntu/tmath/.venv/lib/python3.12/site-packages/django/urls/resolvers.py", line 494, in check
    for pattern in self.url_patterns:
                   ^^^^^^^^^^^^^^^^^
  File "/home/ubuntu/tmath/.venv/lib/python3.12/site-packages/django/utils/functional.py", line 57, in __get__
    res = instance.__dict__[self.name] = self.func(instance)
                                         ^^^^^^^^^^^^^^^^^^^
  File "/home/ubuntu/tmath/.venv/lib/python3.12/site-packages/django/urls/resolvers.py", line 715, in url_patterns
    patterns = getattr(self.urlconf_module, "urlpatterns", self.urlconf_module)
                       ^^^^^^^^^^^^^^^^^^^
  File "/home/ubuntu/tmath/.venv/lib/python3.12/site-packages/django/utils/functional.py", line 57, in __get__
    res = instance.__dict__[self.name] = self.func(instance)
                                         ^^^^^^^^^^^^^^^^^^^
  File "/home/ubuntu/tmath/.venv/lib/python3.12/site-packages/django/urls/resolvers.py", line 708, in urlconf_module
    return import_module(self.urlconf_name)
           ^^^^^^^^^^^^^^^^^^^^^^^^^^^^^^^^
  File "/usr/lib/python3.12/importlib/__init__.py", line 90, in import_module
    return _bootstrap._gcd_import(name[level:], package, level)
           ^^^^^^^^^^^^^^^^^^^^^^^^^^^^^^^^^^^^^^^^^^^^^^^^^^^^
  File "<frozen importlib._bootstrap>", line 1387, in _gcd_import
  File "<frozen importlib._bootstrap>", line 1360, in _find_and_load
  File "<frozen importlib._bootstrap>", line 1331, in _find_and_load_unlocked
  File "<frozen importlib._bootstrap>", line 935, in _load_unlocked
  File "<frozen importlib._bootstrap_external>", line 995, in exec_module
  File "<frozen importlib._bootstrap>", line 488, in _call_with_frames_removed
  File "/home/ubuntu/tmath/tmath/urls.py", line 740, in <module>
    path('api/verify-admin/', verify_admin, name='verify_admin'),
                              ^^^^^^^^^^^^
NameError: name 'verify_admin' is not defined
Traceback (most recent call last):
  File "/home/ubuntu/tmath/.venv/bin/celery", line 6, in <module>
    sys.exit(main())
             ^^^^^^
  File "/home/ubuntu/tmath/.venv/lib/python3.12/site-packages/celery/__main__.py", line 15, in main
    sys.exit(_main())
             ^^^^^^^
  File "/home/ubuntu/tmath/.venv/lib/python3.12/site-packages/celery/bin/celery.py", line 227, in main
    return celery(auto_envvar_prefix="CELERY")
           ^^^^^^^^^^^^^^^^^^^^^^^^^^^^^^^^^^^
  File "/home/ubuntu/tmath/.venv/lib/python3.12/site-packages/click/core.py", line 1569, in __call__
    return self.main(*args, **kwargs)
           ^^^^^^^^^^^^^^^^^^^^^^^^^^
  File "/home/ubuntu/tmath/.venv/lib/python3.12/site-packages/click/core.py", line 1490, in main
    rv = self.invoke(ctx)
         ^^^^^^^^^^^^^^^^
  File "/home/ubuntu/tmath/.venv/lib/python3.12/site-packages/click/core.py", line 1970, in invoke
    return _process_result(sub_ctx.command.invoke(sub_ctx))
                           ^^^^^^^^^^^^^^^^^^^^^^^^^^^^^^^
  File "/home/ubuntu/tmath/.venv/lib/python3.12/site-packages/click/core.py", line 1353, in invoke
    return ctx.invoke(self.callback, **ctx.params)
           ^^^^^^^^^^^^^^^^^^^^^^^^^^^^^^^^^^^^^^^
  File "/home/ubuntu/tmath/.venv/lib/python3.12/site-packages/click/core.py", line 907, in invoke
    return callback(*args, **kwargs)
           ^^^^^^^^^^^^^^^^^^^^^^^^^
  File "/home/ubuntu/tmath/.venv/lib/python3.12/site-packages/click/decorators.py", line 34, in new_func
    return f(get_current_context(), *args, **kwargs)
           ^^^^^^^^^^^^^^^^^^^^^^^^^^^^^^^^^^^^^^^^^
  File "/home/ubuntu/tmath/.venv/lib/python3.12/site-packages/celery/bin/base.py", line 158, in caller
    return f(ctx, *args, **kwargs)
           ^^^^^^^^^^^^^^^^^^^^^^^
  File "/home/ubuntu/tmath/.venv/lib/python3.12/site-packages/celery/bin/worker.py", line 359, in worker
    worker = app.Worker(
             ^^^^^^^^^^^
  File "/home/ubuntu/tmath/.venv/lib/python3.12/site-packages/celery/worker/worker.py", line 94, in __init__
    self.app.loader.init_worker()
  File "/home/ubuntu/tmath/.venv/lib/python3.12/site-packages/celery/loaders/base.py", line 110, in init_worker
    self.import_default_modules()
  File "/home/ubuntu/tmath/.venv/lib/python3.12/site-packages/celery/loaders/base.py", line 104, in import_default_modules
    raise response
  File "/home/ubuntu/tmath/.venv/lib/python3.12/site-packages/celery/utils/dispatch/signal.py", line 280, in send
    response = receiver(signal=self, sender=sender, **named)
               ^^^^^^^^^^^^^^^^^^^^^^^^^^^^^^^^^^^^^^^^^^^^^
  File "/home/ubuntu/tmath/.venv/lib/python3.12/site-packages/celery/fixups/django.py", line 103, in on_import_modules
    self.worker_fixup.validate_models()
  File "/home/ubuntu/tmath/.venv/lib/python3.12/site-packages/celery/fixups/django.py", line 154, in validate_models
    run_checks()
  File "/home/ubuntu/tmath/.venv/lib/python3.12/site-packages/django/core/checks/registry.py", line 88, in run_checks
    new_errors = check(app_configs=app_configs, databases=databases)
                 ^^^^^^^^^^^^^^^^^^^^^^^^^^^^^^^^^^^^^^^^^^^^^^^^^^^
  File "/home/ubuntu/tmath/.venv/lib/python3.12/site-packages/django/core/checks/urls.py", line 14, in check_url_config
    return check_resolver(resolver)
           ^^^^^^^^^^^^^^^^^^^^^^^^
  File "/home/ubuntu/tmath/.venv/lib/python3.12/site-packages/django/core/checks/urls.py", line 24, in check_resolver
    return check_method()
           ^^^^^^^^^^^^^^
  File "/home/ubuntu/tmath/.venv/lib/python3.12/site-packages/django/urls/resolvers.py", line 494, in check
    for pattern in self.url_patterns:
                   ^^^^^^^^^^^^^^^^^
  File "/home/ubuntu/tmath/.venv/lib/python3.12/site-packages/django/utils/functional.py", line 57, in __get__
    res = instance.__dict__[self.name] = self.func(instance)
                                         ^^^^^^^^^^^^^^^^^^^
  File "/home/ubuntu/tmath/.venv/lib/python3.12/site-packages/django/urls/resolvers.py", line 715, in url_patterns
    patterns = getattr(self.urlconf_module, "urlpatterns", self.urlconf_module)
                       ^^^^^^^^^^^^^^^^^^^
  File "/home/ubuntu/tmath/.venv/lib/python3.12/site-packages/django/utils/functional.py", line 57, in __get__
    res = instance.__dict__[self.name] = self.func(instance)
                                         ^^^^^^^^^^^^^^^^^^^
  File "/home/ubuntu/tmath/.venv/lib/python3.12/site-packages/django/urls/resolvers.py", line 708, in urlconf_module
    return import_module(self.urlconf_name)
           ^^^^^^^^^^^^^^^^^^^^^^^^^^^^^^^^
  File "/usr/lib/python3.12/importlib/__init__.py", line 90, in import_module
    return _bootstrap._gcd_import(name[level:], package, level)
           ^^^^^^^^^^^^^^^^^^^^^^^^^^^^^^^^^^^^^^^^^^^^^^^^^^^^
  File "<frozen importlib._bootstrap>", line 1387, in _gcd_import
  File "<frozen importlib._bootstrap>", line 1360, in _find_and_load
  File "<frozen importlib._bootstrap>", line 1331, in _find_and_load_unlocked
  File "<frozen importlib._bootstrap>", line 935, in _load_unlocked
  File "<frozen importlib._bootstrap_external>", line 995, in exec_module
  File "<frozen importlib._bootstrap>", line 488, in _call_with_frames_removed
  File "/home/ubuntu/tmath/tmath/urls.py", line 740, in <module>
    path('api/verify-admin/', verify_admin, name='verify_admin'),
                              ^^^^^^^^^^^^
NameError: name 'verify_admin' is not defined
ERROR 2026-09-20 14:55:39,293 signal Signal handler <bound method DjangoFixup.on_import_modules of <celery.fixups.django.DjangoFixup object at 0x70dc6548b2f0>> raised: NameError("name 'verify_admin' is not defined")
Traceback (most recent call last):
  File "/home/ubuntu/tmath/.venv/lib/python3.12/site-packages/celery/utils/dispatch/signal.py", line 280, in send
    response = receiver(signal=self, sender=sender, **named)
               ^^^^^^^^^^^^^^^^^^^^^^^^^^^^^^^^^^^^^^^^^^^^^
  File "/home/ubuntu/tmath/.venv/lib/python3.12/site-packages/celery/fixups/django.py", line 103, in on_import_modules
    self.worker_fixup.validate_models()
  File "/home/ubuntu/tmath/.venv/lib/python3.12/site-packages/celery/fixups/django.py", line 154, in validate_models
    run_checks()
  File "/home/ubuntu/tmath/.venv/lib/python3.12/site-packages/django/core/checks/registry.py", line 88, in run_checks
    new_errors = check(app_configs=app_configs, databases=databases)
                 ^^^^^^^^^^^^^^^^^^^^^^^^^^^^^^^^^^^^^^^^^^^^^^^^^^^
  File "/home/ubuntu/tmath/.venv/lib/python3.12/site-packages/django/core/checks/urls.py", line 14, in check_url_config
    return check_resolver(resolver)
           ^^^^^^^^^^^^^^^^^^^^^^^^
  File "/home/ubuntu/tmath/.venv/lib/python3.12/site-packages/django/core/checks/urls.py", line 24, in check_resolver
    return check_method()
           ^^^^^^^^^^^^^^
  File "/home/ubuntu/tmath/.venv/lib/python3.12/site-packages/django/urls/resolvers.py", line 494, in check
    for pattern in self.url_patterns:
                   ^^^^^^^^^^^^^^^^^
  File "/home/ubuntu/tmath/.venv/lib/python3.12/site-packages/django/utils/functional.py", line 57, in __get__
    res = instance.__dict__[self.name] = self.func(instance)
                                         ^^^^^^^^^^^^^^^^^^^
  File "/home/ubuntu/tmath/.venv/lib/python3.12/site-packages/django/urls/resolvers.py", line 715, in url_patterns
    patterns = getattr(self.urlconf_module, "urlpatterns", self.urlconf_module)
                       ^^^^^^^^^^^^^^^^^^^
  File "/home/ubuntu/tmath/.venv/lib/python3.12/site-packages/django/utils/functional.py", line 57, in __get__
    res = instance.__dict__[self.name] = self.func(instance)
                                         ^^^^^^^^^^^^^^^^^^^
  File "/home/ubuntu/tmath/.venv/lib/python3.12/site-packages/django/urls/resolvers.py", line 708, in urlconf_module
    return import_module(self.urlconf_name)
           ^^^^^^^^^^^^^^^^^^^^^^^^^^^^^^^^
  File "/usr/lib/python3.12/importlib/__init__.py", line 90, in import_module
    return _bootstrap._gcd_import(name[level:], package, level)
           ^^^^^^^^^^^^^^^^^^^^^^^^^^^^^^^^^^^^^^^^^^^^^^^^^^^^
  File "<frozen importlib._bootstrap>", line 1387, in _gcd_import
  File "<frozen importlib._bootstrap>", line 1360, in _find_and_load
  File "<frozen importlib._bootstrap>", line 1331, in _find_and_load_unlocked
  File "<frozen importlib._bootstrap>", line 935, in _load_unlocked
  File "<frozen importlib._bootstrap_external>", line 995, in exec_module
  File "<frozen importlib._bootstrap>", line 488, in _call_with_frames_removed
  File "/home/ubuntu/tmath/tmath/urls.py", line 740, in <module>
    path('api/verify-admin/', verify_admin, name='verify_admin'),
                              ^^^^^^^^^^^^
NameError: name 'verify_admin' is not defined
Traceback (most recent call last):
  File "/home/ubuntu/tmath/.venv/bin/celery", line 6, in <module>
    sys.exit(main())
             ^^^^^^
  File "/home/ubuntu/tmath/.venv/lib/python3.12/site-packages/celery/__main__.py", line 15, in main
    sys.exit(_main())
             ^^^^^^^
  File "/home/ubuntu/tmath/.venv/lib/python3.12/site-packages/celery/bin/celery.py", line 227, in main
    return celery(auto_envvar_prefix="CELERY")
           ^^^^^^^^^^^^^^^^^^^^^^^^^^^^^^^^^^^
  File "/home/ubuntu/tmath/.venv/lib/python3.12/site-packages/click/core.py", line 1569, in __call__
    return self.main(*args, **kwargs)
           ^^^^^^^^^^^^^^^^^^^^^^^^^^
  File "/home/ubuntu/tmath/.venv/lib/python3.12/site-packages/click/core.py", line 1490, in main
    rv = self.invoke(ctx)
         ^^^^^^^^^^^^^^^^
  File "/home/ubuntu/tmath/.venv/lib/python3.12/site-packages/click/core.py", line 1970, in invoke
    return _process_result(sub_ctx.command.invoke(sub_ctx))
                           ^^^^^^^^^^^^^^^^^^^^^^^^^^^^^^^
  File "/home/ubuntu/tmath/.venv/lib/python3.12/site-packages/click/core.py", line 1353, in invoke
    return ctx.invoke(self.callback, **ctx.params)
           ^^^^^^^^^^^^^^^^^^^^^^^^^^^^^^^^^^^^^^^
  File "/home/ubuntu/tmath/.venv/lib/python3.12/site-packages/click/core.py", line 907, in invoke
    return callback(*args, **kwargs)
           ^^^^^^^^^^^^^^^^^^^^^^^^^
  File "/home/ubuntu/tmath/.venv/lib/python3.12/site-packages/click/decorators.py", line 34, in new_func
    return f(get_current_context(), *args, **kwargs)
           ^^^^^^^^^^^^^^^^^^^^^^^^^^^^^^^^^^^^^^^^^
  File "/home/ubuntu/tmath/.venv/lib/python3.12/site-packages/celery/bin/base.py", line 158, in caller
    return f(ctx, *args, **kwargs)
           ^^^^^^^^^^^^^^^^^^^^^^^
  File "/home/ubuntu/tmath/.venv/lib/python3.12/site-packages/celery/bin/worker.py", line 359, in worker
    worker = app.Worker(
             ^^^^^^^^^^^
  File "/home/ubuntu/tmath/.venv/lib/python3.12/site-packages/celery/worker/worker.py", line 94, in __init__
    self.app.loader.init_worker()
  File "/home/ubuntu/tmath/.venv/lib/python3.12/site-packages/celery/loaders/base.py", line 110, in init_worker
    self.import_default_modules()
  File "/home/ubuntu/tmath/.venv/lib/python3.12/site-packages/celery/loaders/base.py", line 104, in import_default_modules
    raise response
  File "/home/ubuntu/tmath/.venv/lib/python3.12/site-packages/celery/utils/dispatch/signal.py", line 280, in send
    response = receiver(signal=self, sender=sender, **named)
               ^^^^^^^^^^^^^^^^^^^^^^^^^^^^^^^^^^^^^^^^^^^^^
  File "/home/ubuntu/tmath/.venv/lib/python3.12/site-packages/celery/fixups/django.py", line 103, in on_import_modules
    self.worker_fixup.validate_models()
  File "/home/ubuntu/tmath/.venv/lib/python3.12/site-packages/celery/fixups/django.py", line 154, in validate_models
    run_checks()
  File "/home/ubuntu/tmath/.venv/lib/python3.12/site-packages/django/core/checks/registry.py", line 88, in run_checks
    new_errors = check(app_configs=app_configs, databases=databases)
                 ^^^^^^^^^^^^^^^^^^^^^^^^^^^^^^^^^^^^^^^^^^^^^^^^^^^
  File "/home/ubuntu/tmath/.venv/lib/python3.12/site-packages/django/core/checks/urls.py", line 14, in check_url_config
    return check_resolver(resolver)
           ^^^^^^^^^^^^^^^^^^^^^^^^
  File "/home/ubuntu/tmath/.venv/lib/python3.12/site-packages/django/core/checks/urls.py", line 24, in check_resolver
    return check_method()
           ^^^^^^^^^^^^^^
  File "/home/ubuntu/tmath/.venv/lib/python3.12/site-packages/django/urls/resolvers.py", line 494, in check
    for pattern in self.url_patterns:
                   ^^^^^^^^^^^^^^^^^
  File "/home/ubuntu/tmath/.venv/lib/python3.12/site-packages/django/utils/functional.py", line 57, in __get__
    res = instance.__dict__[self.name] = self.func(instance)
                                         ^^^^^^^^^^^^^^^^^^^
  File "/home/ubuntu/tmath/.venv/lib/python3.12/site-packages/django/urls/resolvers.py", line 715, in url_patterns
    patterns = getattr(self.urlconf_module, "urlpatterns", self.urlconf_module)
                       ^^^^^^^^^^^^^^^^^^^
  File "/home/ubuntu/tmath/.venv/lib/python3.12/site-packages/django/utils/functional.py", line 57, in __get__
    res = instance.__dict__[self.name] = self.func(instance)
                                         ^^^^^^^^^^^^^^^^^^^
  File "/home/ubuntu/tmath/.venv/lib/python3.12/site-packages/django/urls/resolvers.py", line 708, in urlconf_module
    return import_module(self.urlconf_name)
           ^^^^^^^^^^^^^^^^^^^^^^^^^^^^^^^^
  File "/usr/lib/python3.12/importlib/__init__.py", line 90, in import_module
    return _bootstrap._gcd_import(name[level:], package, level)
           ^^^^^^^^^^^^^^^^^^^^^^^^^^^^^^^^^^^^^^^^^^^^^^^^^^^^
  File "<frozen importlib._bootstrap>", line 1387, in _gcd_import
  File "<frozen importlib._bootstrap>", line 1360, in _find_and_load
  File "<frozen importlib._bootstrap>", line 1331, in _find_and_load_unlocked
  File "<frozen importlib._bootstrap>", line 935, in _load_unlocked
  File "<frozen importlib._bootstrap_external>", line 995, in exec_module
  File "<frozen importlib._bootstrap>", line 488, in _call_with_frames_removed
  File "/home/ubuntu/tmath/tmath/urls.py", line 740, in <module>
    path('api/verify-admin/', verify_admin, name='verify_admin'),
                              ^^^^^^^^^^^^
NameError: name 'verify_admin' is not defined
ERROR 2026-09-20 14:55:41,552 signal Signal handler <bound method DjangoFixup.on_import_modules of <celery.fixups.django.DjangoFixup object at 0x715d05e41160>> raised: NameError("name 'verify_admin' is not defined")
Traceback (most recent call last):
  File "/home/ubuntu/tmath/.venv/lib/python3.12/site-packages/celery/utils/dispatch/signal.py", line 280, in send
    response = receiver(signal=self, sender=sender, **named)
               ^^^^^^^^^^^^^^^^^^^^^^^^^^^^^^^^^^^^^^^^^^^^^
  File "/home/ubuntu/tmath/.venv/lib/python3.12/site-packages/celery/fixups/django.py", line 103, in on_import_modules
    self.worker_fixup.validate_models()
  File "/home/ubuntu/tmath/.venv/lib/python3.12/site-packages/celery/fixups/django.py", line 154, in validate_models
    run_checks()
  File "/home/ubuntu/tmath/.venv/lib/python3.12/site-packages/django/core/checks/registry.py", line 88, in run_checks
    new_errors = check(app_configs=app_configs, databases=databases)
                 ^^^^^^^^^^^^^^^^^^^^^^^^^^^^^^^^^^^^^^^^^^^^^^^^^^^
  File "/home/ubuntu/tmath/.venv/lib/python3.12/site-packages/django/core/checks/urls.py", line 14, in check_url_config
    return check_resolver(resolver)
           ^^^^^^^^^^^^^^^^^^^^^^^^
  File "/home/ubuntu/tmath/.venv/lib/python3.12/site-packages/django/core/checks/urls.py", line 24, in check_resolver
    return check_method()
           ^^^^^^^^^^^^^^
  File "/home/ubuntu/tmath/.venv/lib/python3.12/site-packages/django/urls/resolvers.py", line 494, in check
    for pattern in self.url_patterns:
                   ^^^^^^^^^^^^^^^^^
  File "/home/ubuntu/tmath/.venv/lib/python3.12/site-packages/django/utils/functional.py", line 57, in __get__
    res = instance.__dict__[self.name] = self.func(instance)
                                         ^^^^^^^^^^^^^^^^^^^
  File "/home/ubuntu/tmath/.venv/lib/python3.12/site-packages/django/urls/resolvers.py", line 715, in url_patterns
    patterns = getattr(self.urlconf_module, "urlpatterns", self.urlconf_module)
                       ^^^^^^^^^^^^^^^^^^^
  File "/home/ubuntu/tmath/.venv/lib/python3.12/site-packages/django/utils/functional.py", line 57, in __get__
    res = instance.__dict__[self.name] = self.func(instance)
                                         ^^^^^^^^^^^^^^^^^^^
  File "/home/ubuntu/tmath/.venv/lib/python3.12/site-packages/django/urls/resolvers.py", line 708, in urlconf_module
    return import_module(self.urlconf_name)
           ^^^^^^^^^^^^^^^^^^^^^^^^^^^^^^^^
  File "/usr/lib/python3.12/importlib/__init__.py", line 90, in import_module
    return _bootstrap._gcd_import(name[level:], package, level)
           ^^^^^^^^^^^^^^^^^^^^^^^^^^^^^^^^^^^^^^^^^^^^^^^^^^^^
  File "<frozen importlib._bootstrap>", line 1387, in _gcd_import
  File "<frozen importlib._bootstrap>", line 1360, in _find_and_load
  File "<frozen importlib._bootstrap>", line 1331, in _find_and_load_unlocked
  File "<frozen importlib._bootstrap>", line 935, in _load_unlocked
  File "<frozen importlib._bootstrap_external>", line 995, in exec_module
  File "<frozen importlib._bootstrap>", line 488, in _call_with_frames_removed
  File "/home/ubuntu/tmath/tmath/urls.py", line 740, in <module>
    path('api/verify-admin/', verify_admin, name='verify_admin'),
                              ^^^^^^^^^^^^
NameError: name 'verify_admin' is not defined
Traceback (most recent call last):
  File "/home/ubuntu/tmath/.venv/bin/celery", line 6, in <module>
    sys.exit(main())
             ^^^^^^
  File "/home/ubuntu/tmath/.venv/lib/python3.12/site-packages/celery/__main__.py", line 15, in main
    sys.exit(_main())
             ^^^^^^^
  File "/home/ubuntu/tmath/.venv/lib/python3.12/site-packages/celery/bin/celery.py", line 227, in main
    return celery(auto_envvar_prefix="CELERY")
           ^^^^^^^^^^^^^^^^^^^^^^^^^^^^^^^^^^^
  File "/home/ubuntu/tmath/.venv/lib/python3.12/site-packages/click/core.py", line 1569, in __call__
    return self.main(*args, **kwargs)
           ^^^^^^^^^^^^^^^^^^^^^^^^^^
  File "/home/ubuntu/tmath/.venv/lib/python3.12/site-packages/click/core.py", line 1490, in main
    rv = self.invoke(ctx)
         ^^^^^^^^^^^^^^^^
  File "/home/ubuntu/tmath/.venv/lib/python3.12/site-packages/click/core.py", line 1970, in invoke
    return _process_result(sub_ctx.command.invoke(sub_ctx))
                           ^^^^^^^^^^^^^^^^^^^^^^^^^^^^^^^
  File "/home/ubuntu/tmath/.venv/lib/python3.12/site-packages/click/core.py", line 1353, in invoke
    return ctx.invoke(self.callback, **ctx.params)
           ^^^^^^^^^^^^^^^^^^^^^^^^^^^^^^^^^^^^^^^
  File "/home/ubuntu/tmath/.venv/lib/python3.12/site-packages/click/core.py", line 907, in invoke
    return callback(*args, **kwargs)
           ^^^^^^^^^^^^^^^^^^^^^^^^^
  File "/home/ubuntu/tmath/.venv/lib/python3.12/site-packages/click/decorators.py", line 34, in new_func
    return f(get_current_context(), *args, **kwargs)
           ^^^^^^^^^^^^^^^^^^^^^^^^^^^^^^^^^^^^^^^^^
  File "/home/ubuntu/tmath/.venv/lib/python3.12/site-packages/celery/bin/base.py", line 158, in caller
    return f(ctx, *args, **kwargs)
           ^^^^^^^^^^^^^^^^^^^^^^^
  File "/home/ubuntu/tmath/.venv/lib/python3.12/site-packages/celery/bin/worker.py", line 359, in worker
    worker = app.Worker(
             ^^^^^^^^^^^
  File "/home/ubuntu/tmath/.venv/lib/python3.12/site-packages/celery/worker/worker.py", line 94, in __init__
    self.app.loader.init_worker()
  File "/home/ubuntu/tmath/.venv/lib/python3.12/site-packages/celery/loaders/base.py", line 110, in init_worker
    self.import_default_modules()
  File "/home/ubuntu/tmath/.venv/lib/python3.12/site-packages/celery/loaders/base.py", line 104, in import_default_modules
    raise response
  File "/home/ubuntu/tmath/.venv/lib/python3.12/site-packages/celery/utils/dispatch/signal.py", line 280, in send
    response = receiver(signal=self, sender=sender, **named)
               ^^^^^^^^^^^^^^^^^^^^^^^^^^^^^^^^^^^^^^^^^^^^^
  File "/home/ubuntu/tmath/.venv/lib/python3.12/site-packages/celery/fixups/django.py", line 103, in on_import_modules
    self.worker_fixup.validate_models()
  File "/home/ubuntu/tmath/.venv/lib/python3.12/site-packages/celery/fixups/django.py", line 154, in validate_models
    run_checks()
  File "/home/ubuntu/tmath/.venv/lib/python3.12/site-packages/django/core/checks/registry.py", line 88, in run_checks
    new_errors = check(app_configs=app_configs, databases=databases)
                 ^^^^^^^^^^^^^^^^^^^^^^^^^^^^^^^^^^^^^^^^^^^^^^^^^^^
  File "/home/ubuntu/tmath/.venv/lib/python3.12/site-packages/django/core/checks/urls.py", line 14, in check_url_config
    return check_resolver(resolver)
           ^^^^^^^^^^^^^^^^^^^^^^^^
  File "/home/ubuntu/tmath/.venv/lib/python3.12/site-packages/django/core/checks/urls.py", line 24, in check_resolver
    return check_method()
           ^^^^^^^^^^^^^^
  File "/home/ubuntu/tmath/.venv/lib/python3.12/site-packages/django/urls/resolvers.py", line 494, in check
    for pattern in self.url_patterns:
                   ^^^^^^^^^^^^^^^^^
  File "/home/ubuntu/tmath/.venv/lib/python3.12/site-packages/django/utils/functional.py", line 57, in __get__
    res = instance.__dict__[self.name] = self.func(instance)
                                         ^^^^^^^^^^^^^^^^^^^
  File "/home/ubuntu/tmath/.venv/lib/python3.12/site-packages/django/urls/resolvers.py", line 715, in url_patterns
    patterns = getattr(self.urlconf_module, "urlpatterns", self.urlconf_module)
                       ^^^^^^^^^^^^^^^^^^^
  File "/home/ubuntu/tmath/.venv/lib/python3.12/site-packages/django/utils/functional.py", line 57, in __get__
    res = instance.__dict__[self.name] = self.func(instance)
                                         ^^^^^^^^^^^^^^^^^^^
  File "/home/ubuntu/tmath/.venv/lib/python3.12/site-packages/django/urls/resolvers.py", line 708, in urlconf_module
    return import_module(self.urlconf_name)
           ^^^^^^^^^^^^^^^^^^^^^^^^^^^^^^^^
  File "/usr/lib/python3.12/importlib/__init__.py", line 90, in import_module
    return _bootstrap._gcd_import(name[level:], package, level)
           ^^^^^^^^^^^^^^^^^^^^^^^^^^^^^^^^^^^^^^^^^^^^^^^^^^^^
  File "<frozen importlib._bootstrap>", line 1387, in _gcd_import
  File "<frozen importlib._bootstrap>", line 1360, in _find_and_load
  File "<frozen importlib._bootstrap>", line 1331, in _find_and_load_unlocked
  File "<frozen importlib._bootstrap>", line 935, in _load_unlocked
  File "<frozen importlib._bootstrap_external>", line 995, in exec_module
  File "<frozen importlib._bootstrap>", line 488, in _call_with_frames_removed
  File "/home/ubuntu/tmath/tmath/urls.py", line 740, in <module>
    path('api/verify-admin/', verify_admin, name='verify_admin'),
                              ^^^^^^^^^^^^
NameError: name 'verify_admin' is not defined
ERROR 2026-09-20 14:55:43,817 signal Signal handler <bound method DjangoFixup.on_import_modules of <celery.fixups.django.DjangoFixup object at 0x7a13cee81e20>> raised: NameError("name 'verify_admin' is not defined")
Traceback (most recent call last):
  File "/home/ubuntu/tmath/.venv/lib/python3.12/site-packages/celery/utils/dispatch/signal.py", line 280, in send
    response = receiver(signal=self, sender=sender, **named)
               ^^^^^^^^^^^^^^^^^^^^^^^^^^^^^^^^^^^^^^^^^^^^^
  File "/home/ubuntu/tmath/.venv/lib/python3.12/site-packages/celery/fixups/django.py", line 103, in on_import_modules
    self.worker_fixup.validate_models()
  File "/home/ubuntu/tmath/.venv/lib/python3.12/site-packages/celery/fixups/django.py", line 154, in validate_models
    run_checks()
  File "/home/ubuntu/tmath/.venv/lib/python3.12/site-packages/django/core/checks/registry.py", line 88, in run_checks
    new_errors = check(app_configs=app_configs, databases=databases)
                 ^^^^^^^^^^^^^^^^^^^^^^^^^^^^^^^^^^^^^^^^^^^^^^^^^^^
  File "/home/ubuntu/tmath/.venv/lib/python3.12/site-packages/django/core/checks/urls.py", line 14, in check_url_config
    return check_resolver(resolver)
           ^^^^^^^^^^^^^^^^^^^^^^^^
  File "/home/ubuntu/tmath/.venv/lib/python3.12/site-packages/django/core/checks/urls.py", line 24, in check_resolver
    return check_method()
           ^^^^^^^^^^^^^^
  File "/home/ubuntu/tmath/.venv/lib/python3.12/site-packages/django/urls/resolvers.py", line 494, in check
    for pattern in self.url_patterns:
                   ^^^^^^^^^^^^^^^^^
  File "/home/ubuntu/tmath/.venv/lib/python3.12/site-packages/django/utils/functional.py", line 57, in __get__
    res = instance.__dict__[self.name] = self.func(instance)
                                         ^^^^^^^^^^^^^^^^^^^
  File "/home/ubuntu/tmath/.venv/lib/python3.12/site-packages/django/urls/resolvers.py", line 715, in url_patterns
    patterns = getattr(self.urlconf_module, "urlpatterns", self.urlconf_module)
                       ^^^^^^^^^^^^^^^^^^^
  File "/home/ubuntu/tmath/.venv/lib/python3.12/site-packages/django/utils/functional.py", line 57, in __get__
    res = instance.__dict__[self.name] = self.func(instance)
                                         ^^^^^^^^^^^^^^^^^^^
  File "/home/ubuntu/tmath/.venv/lib/python3.12/site-packages/django/urls/resolvers.py", line 708, in urlconf_module
    return import_module(self.urlconf_name)
           ^^^^^^^^^^^^^^^^^^^^^^^^^^^^^^^^
  File "/usr/lib/python3.12/importlib/__init__.py", line 90, in import_module
    return _bootstrap._gcd_import(name[level:], package, level)
           ^^^^^^^^^^^^^^^^^^^^^^^^^^^^^^^^^^^^^^^^^^^^^^^^^^^^
  File "<frozen importlib._bootstrap>", line 1387, in _gcd_import
  File "<frozen importlib._bootstrap>", line 1360, in _find_and_load
  File "<frozen importlib._bootstrap>", line 1331, in _find_and_load_unlocked
  File "<frozen importlib._bootstrap>", line 935, in _load_unlocked
  File "<frozen importlib._bootstrap_external>", line 995, in exec_module
  File "<frozen importlib._bootstrap>", line 488, in _call_with_frames_removed
  File "/home/ubuntu/tmath/tmath/urls.py", line 740, in <module>
    path('api/verify-admin/', verify_admin, name='verify_admin'),
                              ^^^^^^^^^^^^
NameError: name 'verify_admin' is not defined
Traceback (most recent call last):
  File "/home/ubuntu/tmath/.venv/bin/celery", line 6, in <module>
    sys.exit(main())
             ^^^^^^
  File "/home/ubuntu/tmath/.venv/lib/python3.12/site-packages/celery/__main__.py", line 15, in main
    sys.exit(_main())
             ^^^^^^^
  File "/home/ubuntu/tmath/.venv/lib/python3.12/site-packages/celery/bin/celery.py", line 227, in main
    return celery(auto_envvar_prefix="CELERY")
           ^^^^^^^^^^^^^^^^^^^^^^^^^^^^^^^^^^^
  File "/home/ubuntu/tmath/.venv/lib/python3.12/site-packages/click/core.py", line 1569, in __call__
    return self.main(*args, **kwargs)
           ^^^^^^^^^^^^^^^^^^^^^^^^^^
  File "/home/ubuntu/tmath/.venv/lib/python3.12/site-packages/click/core.py", line 1490, in main
    rv = self.invoke(ctx)
         ^^^^^^^^^^^^^^^^
  File "/home/ubuntu/tmath/.venv/lib/python3.12/site-packages/click/core.py", line 1970, in invoke
    return _process_result(sub_ctx.command.invoke(sub_ctx))
                           ^^^^^^^^^^^^^^^^^^^^^^^^^^^^^^^
  File "/home/ubuntu/tmath/.venv/lib/python3.12/site-packages/click/core.py", line 1353, in invoke
    return ctx.invoke(self.callback, **ctx.params)
           ^^^^^^^^^^^^^^^^^^^^^^^^^^^^^^^^^^^^^^^
  File "/home/ubuntu/tmath/.venv/lib/python3.12/site-packages/click/core.py", line 907, in invoke
    return callback(*args, **kwargs)
           ^^^^^^^^^^^^^^^^^^^^^^^^^
  File "/home/ubuntu/tmath/.venv/lib/python3.12/site-packages/click/decorators.py", line 34, in new_func
    return f(get_current_context(), *args, **kwargs)
           ^^^^^^^^^^^^^^^^^^^^^^^^^^^^^^^^^^^^^^^^^
  File "/home/ubuntu/tmath/.venv/lib/python3.12/site-packages/celery/bin/base.py", line 158, in caller
    return f(ctx, *args, **kwargs)
           ^^^^^^^^^^^^^^^^^^^^^^^
  File "/home/ubuntu/tmath/.venv/lib/python3.12/site-packages/celery/bin/worker.py", line 359, in worker
    worker = app.Worker(
             ^^^^^^^^^^^
  File "/home/ubuntu/tmath/.venv/lib/python3.12/site-packages/celery/worker/worker.py", line 94, in __init__
    self.app.loader.init_worker()
  File "/home/ubuntu/tmath/.venv/lib/python3.12/site-packages/celery/loaders/base.py", line 110, in init_worker
    self.import_default_modules()
  File "/home/ubuntu/tmath/.venv/lib/python3.12/site-packages/celery/loaders/base.py", line 104, in import_default_modules
    raise response
  File "/home/ubuntu/tmath/.venv/lib/python3.12/site-packages/celery/utils/dispatch/signal.py", line 280, in send
    response = receiver(signal=self, sender=sender, **named)
               ^^^^^^^^^^^^^^^^^^^^^^^^^^^^^^^^^^^^^^^^^^^^^
  File "/home/ubuntu/tmath/.venv/lib/python3.12/site-packages/celery/fixups/django.py", line 103, in on_import_modules
    self.worker_fixup.validate_models()
  File "/home/ubuntu/tmath/.venv/lib/python3.12/site-packages/celery/fixups/django.py", line 154, in validate_models
    run_checks()
  File "/home/ubuntu/tmath/.venv/lib/python3.12/site-packages/django/core/checks/registry.py", line 88, in run_checks
    new_errors = check(app_configs=app_configs, databases=databases)
                 ^^^^^^^^^^^^^^^^^^^^^^^^^^^^^^^^^^^^^^^^^^^^^^^^^^^
  File "/home/ubuntu/tmath/.venv/lib/python3.12/site-packages/django/core/checks/urls.py", line 14, in check_url_config
    return check_resolver(resolver)
           ^^^^^^^^^^^^^^^^^^^^^^^^
  File "/home/ubuntu/tmath/.venv/lib/python3.12/site-packages/django/core/checks/urls.py", line 24, in check_resolver
    return check_method()
           ^^^^^^^^^^^^^^
  File "/home/ubuntu/tmath/.venv/lib/python3.12/site-packages/django/urls/resolvers.py", line 494, in check
    for pattern in self.url_patterns:
                   ^^^^^^^^^^^^^^^^^
  File "/home/ubuntu/tmath/.venv/lib/python3.12/site-packages/django/utils/functional.py", line 57, in __get__
    res = instance.__dict__[self.name] = self.func(instance)
                                         ^^^^^^^^^^^^^^^^^^^
  File "/home/ubuntu/tmath/.venv/lib/python3.12/site-packages/django/urls/resolvers.py", line 715, in url_patterns
    patterns = getattr(self.urlconf_module, "urlpatterns", self.urlconf_module)
                       ^^^^^^^^^^^^^^^^^^^
  File "/home/ubuntu/tmath/.venv/lib/python3.12/site-packages/django/utils/functional.py", line 57, in __get__
    res = instance.__dict__[self.name] = self.func(instance)
                                         ^^^^^^^^^^^^^^^^^^^
  File "/home/ubuntu/tmath/.venv/lib/python3.12/site-packages/django/urls/resolvers.py", line 708, in urlconf_module
    return import_module(self.urlconf_name)
           ^^^^^^^^^^^^^^^^^^^^^^^^^^^^^^^^
  File "/usr/lib/python3.12/importlib/__init__.py", line 90, in import_module
    return _bootstrap._gcd_import(name[level:], package, level)
           ^^^^^^^^^^^^^^^^^^^^^^^^^^^^^^^^^^^^^^^^^^^^^^^^^^^^
  File "<frozen importlib._bootstrap>", line 1387, in _gcd_import
  File "<frozen importlib._bootstrap>", line 1360, in _find_and_load
  File "<frozen importlib._bootstrap>", line 1331, in _find_and_load_unlocked
  File "<frozen importlib._bootstrap>", line 935, in _load_unlocked
  File "<frozen importlib._bootstrap_external>", line 995, in exec_module
  File "<frozen importlib._bootstrap>", line 488, in _call_with_frames_removed
  File "/home/ubuntu/tmath/tmath/urls.py", line 740, in <module>
    path('api/verify-admin/', verify_admin, name='verify_admin'),
                              ^^^^^^^^^^^^
NameError: name 'verify_admin' is not defined
ERROR 2026-09-20 14:55:46,110 signal Signal handler <bound method DjangoFixup.on_import_modules of <celery.fixups.django.DjangoFixup object at 0x79971ba4de20>> raised: NameError("name 'verify_admin' is not defined")
Traceback (most recent call last):
  File "/home/ubuntu/tmath/.venv/lib/python3.12/site-packages/celery/utils/dispatch/signal.py", line 280, in send
    response = receiver(signal=self, sender=sender, **named)
               ^^^^^^^^^^^^^^^^^^^^^^^^^^^^^^^^^^^^^^^^^^^^^
  File "/home/ubuntu/tmath/.venv/lib/python3.12/site-packages/celery/fixups/django.py", line 103, in on_import_modules
    self.worker_fixup.validate_models()
  File "/home/ubuntu/tmath/.venv/lib/python3.12/site-packages/celery/fixups/django.py", line 154, in validate_models
    run_checks()
  File "/home/ubuntu/tmath/.venv/lib/python3.12/site-packages/django/core/checks/registry.py", line 88, in run_checks
    new_errors = check(app_configs=app_configs, databases=databases)
                 ^^^^^^^^^^^^^^^^^^^^^^^^^^^^^^^^^^^^^^^^^^^^^^^^^^^
  File "/home/ubuntu/tmath/.venv/lib/python3.12/site-packages/django/core/checks/urls.py", line 14, in check_url_config
    return check_resolver(resolver)
           ^^^^^^^^^^^^^^^^^^^^^^^^
  File "/home/ubuntu/tmath/.venv/lib/python3.12/site-packages/django/core/checks/urls.py", line 24, in check_resolver
    return check_method()
           ^^^^^^^^^^^^^^
  File "/home/ubuntu/tmath/.venv/lib/python3.12/site-packages/django/urls/resolvers.py", line 494, in check
    for pattern in self.url_patterns:
                   ^^^^^^^^^^^^^^^^^
  File "/home/ubuntu/tmath/.venv/lib/python3.12/site-packages/django/utils/functional.py", line 57, in __get__
    res = instance.__dict__[self.name] = self.func(instance)
                                         ^^^^^^^^^^^^^^^^^^^
  File "/home/ubuntu/tmath/.venv/lib/python3.12/site-packages/django/urls/resolvers.py", line 715, in url_patterns
    patterns = getattr(self.urlconf_module, "urlpatterns", self.urlconf_module)
                       ^^^^^^^^^^^^^^^^^^^
  File "/home/ubuntu/tmath/.venv/lib/python3.12/site-packages/django/utils/functional.py", line 57, in __get__
    res = instance.__dict__[self.name] = self.func(instance)
                                         ^^^^^^^^^^^^^^^^^^^
  File "/home/ubuntu/tmath/.venv/lib/python3.12/site-packages/django/urls/resolvers.py", line 708, in urlconf_module
    return import_module(self.urlconf_name)
           ^^^^^^^^^^^^^^^^^^^^^^^^^^^^^^^^
  File "/usr/lib/python3.12/importlib/__init__.py", line 90, in import_module
    return _bootstrap._gcd_import(name[level:], package, level)
           ^^^^^^^^^^^^^^^^^^^^^^^^^^^^^^^^^^^^^^^^^^^^^^^^^^^^
  File "<frozen importlib._bootstrap>", line 1387, in _gcd_import
  File "<frozen importlib._bootstrap>", line 1360, in _find_and_load
  File "<frozen importlib._bootstrap>", line 1331, in _find_and_load_unlocked
  File "<frozen importlib._bootstrap>", line 935, in _load_unlocked
  File "<frozen importlib._bootstrap_external>", line 995, in exec_module
  File "<frozen importlib._bootstrap>", line 488, in _call_with_frames_removed
  File "/home/ubuntu/tmath/tmath/urls.py", line 740, in <module>
    path('api/verify-admin/', verify_admin, name='verify_admin'),
                              ^^^^^^^^^^^^
NameError: name 'verify_admin' is not defined
Traceback (most recent call last):
  File "/home/ubuntu/tmath/.venv/bin/celery", line 6, in <module>
    sys.exit(main())
             ^^^^^^
  File "/home/ubuntu/tmath/.venv/lib/python3.12/site-packages/celery/__main__.py", line 15, in main
    sys.exit(_main())
             ^^^^^^^
  File "/home/ubuntu/tmath/.venv/lib/python3.12/site-packages/celery/bin/celery.py", line 227, in main
    return celery(auto_envvar_prefix="CELERY")
           ^^^^^^^^^^^^^^^^^^^^^^^^^^^^^^^^^^^
  File "/home/ubuntu/tmath/.venv/lib/python3.12/site-packages/click/core.py", line 1569, in __call__
    return self.main(*args, **kwargs)
           ^^^^^^^^^^^^^^^^^^^^^^^^^^
  File "/home/ubuntu/tmath/.venv/lib/python3.12/site-packages/click/core.py", line 1490, in main
    rv = self.invoke(ctx)
         ^^^^^^^^^^^^^^^^
  File "/home/ubuntu/tmath/.venv/lib/python3.12/site-packages/click/core.py", line 1970, in invoke
    return _process_result(sub_ctx.command.invoke(sub_ctx))
                           ^^^^^^^^^^^^^^^^^^^^^^^^^^^^^^^
  File "/home/ubuntu/tmath/.venv/lib/python3.12/site-packages/click/core.py", line 1353, in invoke
    return ctx.invoke(self.callback, **ctx.params)
           ^^^^^^^^^^^^^^^^^^^^^^^^^^^^^^^^^^^^^^^
  File "/home/ubuntu/tmath/.venv/lib/python3.12/site-packages/click/core.py", line 907, in invoke
    return callback(*args, **kwargs)
           ^^^^^^^^^^^^^^^^^^^^^^^^^
  File "/home/ubuntu/tmath/.venv/lib/python3.12/site-packages/click/decorators.py", line 34, in new_func
    return f(get_current_context(), *args, **kwargs)
           ^^^^^^^^^^^^^^^^^^^^^^^^^^^^^^^^^^^^^^^^^
  File "/home/ubuntu/tmath/.venv/lib/python3.12/site-packages/celery/bin/base.py", line 158, in caller
    return f(ctx, *args, **kwargs)
           ^^^^^^^^^^^^^^^^^^^^^^^
  File "/home/ubuntu/tmath/.venv/lib/python3.12/site-packages/celery/bin/worker.py", line 359, in worker
    worker = app.Worker(
             ^^^^^^^^^^^
  File "/home/ubuntu/tmath/.venv/lib/python3.12/site-packages/celery/worker/worker.py", line 94, in __init__
    self.app.loader.init_worker()
  File "/home/ubuntu/tmath/.venv/lib/python3.12/site-packages/celery/loaders/base.py", line 110, in init_worker
    self.import_default_modules()
  File "/home/ubuntu/tmath/.venv/lib/python3.12/site-packages/celery/loaders/base.py", line 104, in import_default_modules
    raise response
  File "/home/ubuntu/tmath/.venv/lib/python3.12/site-packages/celery/utils/dispatch/signal.py", line 280, in send
    response = receiver(signal=self, sender=sender, **named)
               ^^^^^^^^^^^^^^^^^^^^^^^^^^^^^^^^^^^^^^^^^^^^^
  File "/home/ubuntu/tmath/.venv/lib/python3.12/site-packages/celery/fixups/django.py", line 103, in on_import_modules
    self.worker_fixup.validate_models()
  File "/home/ubuntu/tmath/.venv/lib/python3.12/site-packages/celery/fixups/django.py", line 154, in validate_models
    run_checks()
  File "/home/ubuntu/tmath/.venv/lib/python3.12/site-packages/django/core/checks/registry.py", line 88, in run_checks
    new_errors = check(app_configs=app_configs, databases=databases)
                 ^^^^^^^^^^^^^^^^^^^^^^^^^^^^^^^^^^^^^^^^^^^^^^^^^^^
  File "/home/ubuntu/tmath/.venv/lib/python3.12/site-packages/django/core/checks/urls.py", line 14, in check_url_config
    return check_resolver(resolver)
           ^^^^^^^^^^^^^^^^^^^^^^^^
  File "/home/ubuntu/tmath/.venv/lib/python3.12/site-packages/django/core/checks/urls.py", line 24, in check_resolver
    return check_method()
           ^^^^^^^^^^^^^^
  File "/home/ubuntu/tmath/.venv/lib/python3.12/site-packages/django/urls/resolvers.py", line 494, in check
    for pattern in self.url_patterns:
                   ^^^^^^^^^^^^^^^^^
  File "/home/ubuntu/tmath/.venv/lib/python3.12/site-packages/django/utils/functional.py", line 57, in __get__
    res = instance.__dict__[self.name] = self.func(instance)
                                         ^^^^^^^^^^^^^^^^^^^
  File "/home/ubuntu/tmath/.venv/lib/python3.12/site-packages/django/urls/resolvers.py", line 715, in url_patterns
    patterns = getattr(self.urlconf_module, "urlpatterns", self.urlconf_module)
                       ^^^^^^^^^^^^^^^^^^^
  File "/home/ubuntu/tmath/.venv/lib/python3.12/site-packages/django/utils/functional.py", line 57, in __get__
    res = instance.__dict__[self.name] = self.func(instance)
                                         ^^^^^^^^^^^^^^^^^^^
  File "/home/ubuntu/tmath/.venv/lib/python3.12/site-packages/django/urls/resolvers.py", line 708, in urlconf_module
    return import_module(self.urlconf_name)
           ^^^^^^^^^^^^^^^^^^^^^^^^^^^^^^^^
  File "/usr/lib/python3.12/importlib/__init__.py", line 90, in import_module
    return _bootstrap._gcd_import(name[level:], package, level)
           ^^^^^^^^^^^^^^^^^^^^^^^^^^^^^^^^^^^^^^^^^^^^^^^^^^^^
  File "<frozen importlib._bootstrap>", line 1387, in _gcd_import
  File "<frozen importlib._bootstrap>", line 1360, in _find_and_load
  File "<frozen importlib._bootstrap>", line 1331, in _find_and_load_unlocked
  File "<frozen importlib._bootstrap>", line 935, in _load_unlocked
  File "<frozen importlib._bootstrap_external>", line 995, in exec_module
  File "<frozen importlib._bootstrap>", line 488, in _call_with_frames_removed
  File "/home/ubuntu/tmath/tmath/urls.py", line 740, in <module>
    path('api/verify-admin/', verify_admin, name='verify_admin'),
                              ^^^^^^^^^^^^
NameError: name 'verify_admin' is not defined
ERROR 2026-09-20 14:55:48,409 signal Signal handler <bound method DjangoFixup.on_import_modules of <celery.fixups.django.DjangoFixup object at 0x754216702360>> raised: NameError("name 'verify_admin' is not defined")
Traceback (most recent call last):
  File "/home/ubuntu/tmath/.venv/lib/python3.12/site-packages/celery/utils/dispatch/signal.py", line 280, in send
    response = receiver(signal=self, sender=sender, **named)
               ^^^^^^^^^^^^^^^^^^^^^^^^^^^^^^^^^^^^^^^^^^^^^
  File "/home/ubuntu/tmath/.venv/lib/python3.12/site-packages/celery/fixups/django.py", line 103, in on_import_modules
    self.worker_fixup.validate_models()
  File "/home/ubuntu/tmath/.venv/lib/python3.12/site-packages/celery/fixups/django.py", line 154, in validate_models
    run_checks()
  File "/home/ubuntu/tmath/.venv/lib/python3.12/site-packages/django/core/checks/registry.py", line 88, in run_checks
    new_errors = check(app_configs=app_configs, databases=databases)
                 ^^^^^^^^^^^^^^^^^^^^^^^^^^^^^^^^^^^^^^^^^^^^^^^^^^^
  File "/home/ubuntu/tmath/.venv/lib/python3.12/site-packages/django/core/checks/urls.py", line 14, in check_url_config
    return check_resolver(resolver)
           ^^^^^^^^^^^^^^^^^^^^^^^^
  File "/home/ubuntu/tmath/.venv/lib/python3.12/site-packages/django/core/checks/urls.py", line 24, in check_resolver
    return check_method()
           ^^^^^^^^^^^^^^
  File "/home/ubuntu/tmath/.venv/lib/python3.12/site-packages/django/urls/resolvers.py", line 494, in check
    for pattern in self.url_patterns:
                   ^^^^^^^^^^^^^^^^^
  File "/home/ubuntu/tmath/.venv/lib/python3.12/site-packages/django/utils/functional.py", line 57, in __get__
    res = instance.__dict__[self.name] = self.func(instance)
                                         ^^^^^^^^^^^^^^^^^^^
  File "/home/ubuntu/tmath/.venv/lib/python3.12/site-packages/django/urls/resolvers.py", line 715, in url_patterns
    patterns = getattr(self.urlconf_module, "urlpatterns", self.urlconf_module)
                       ^^^^^^^^^^^^^^^^^^^
  File "/home/ubuntu/tmath/.venv/lib/python3.12/site-packages/django/utils/functional.py", line 57, in __get__
    res = instance.__dict__[self.name] = self.func(instance)
                                         ^^^^^^^^^^^^^^^^^^^
  File "/home/ubuntu/tmath/.venv/lib/python3.12/site-packages/django/urls/resolvers.py", line 708, in urlconf_module
    return import_module(self.urlconf_name)
           ^^^^^^^^^^^^^^^^^^^^^^^^^^^^^^^^
  File "/usr/lib/python3.12/importlib/__init__.py", line 90, in import_module
    return _bootstrap._gcd_import(name[level:], package, level)
           ^^^^^^^^^^^^^^^^^^^^^^^^^^^^^^^^^^^^^^^^^^^^^^^^^^^^
  File "<frozen importlib._bootstrap>", line 1387, in _gcd_import
  File "<frozen importlib._bootstrap>", line 1360, in _find_and_load
  File "<frozen importlib._bootstrap>", line 1331, in _find_and_load_unlocked
  File "<frozen importlib._bootstrap>", line 935, in _load_unlocked
  File "<frozen importlib._bootstrap_external>", line 995, in exec_module
  File "<frozen importlib._bootstrap>", line 488, in _call_with_frames_removed
  File "/home/ubuntu/tmath/tmath/urls.py", line 740, in <module>
    path('api/verify-admin/', verify_admin, name='verify_admin'),
                              ^^^^^^^^^^^^
NameError: name 'verify_admin' is not defined
Traceback (most recent call last):
  File "/home/ubuntu/tmath/.venv/bin/celery", line 6, in <module>
    sys.exit(main())
             ^^^^^^
  File "/home/ubuntu/tmath/.venv/lib/python3.12/site-packages/celery/__main__.py", line 15, in main
    sys.exit(_main())
             ^^^^^^^
  File "/home/ubuntu/tmath/.venv/lib/python3.12/site-packages/celery/bin/celery.py", line 227, in main
    return celery(auto_envvar_prefix="CELERY")
           ^^^^^^^^^^^^^^^^^^^^^^^^^^^^^^^^^^^
  File "/home/ubuntu/tmath/.venv/lib/python3.12/site-packages/click/core.py", line 1569, in __call__
    return self.main(*args, **kwargs)
           ^^^^^^^^^^^^^^^^^^^^^^^^^^
  File "/home/ubuntu/tmath/.venv/lib/python3.12/site-packages/click/core.py", line 1490, in main
    rv = self.invoke(ctx)
         ^^^^^^^^^^^^^^^^
  File "/home/ubuntu/tmath/.venv/lib/python3.12/site-packages/click/core.py", line 1970, in invoke
    return _process_result(sub_ctx.command.invoke(sub_ctx))
                           ^^^^^^^^^^^^^^^^^^^^^^^^^^^^^^^
  File "/home/ubuntu/tmath/.venv/lib/python3.12/site-packages/click/core.py", line 1353, in invoke
    return ctx.invoke(self.callback, **ctx.params)
           ^^^^^^^^^^^^^^^^^^^^^^^^^^^^^^^^^^^^^^^
  File "/home/ubuntu/tmath/.venv/lib/python3.12/site-packages/click/core.py", line 907, in invoke
    return callback(*args, **kwargs)
           ^^^^^^^^^^^^^^^^^^^^^^^^^
  File "/home/ubuntu/tmath/.venv/lib/python3.12/site-packages/click/decorators.py", line 34, in new_func
    return f(get_current_context(), *args, **kwargs)
           ^^^^^^^^^^^^^^^^^^^^^^^^^^^^^^^^^^^^^^^^^
  File "/home/ubuntu/tmath/.venv/lib/python3.12/site-packages/celery/bin/base.py", line 158, in caller
    return f(ctx, *args, **kwargs)
           ^^^^^^^^^^^^^^^^^^^^^^^
  File "/home/ubuntu/tmath/.venv/lib/python3.12/site-packages/celery/bin/worker.py", line 359, in worker
    worker = app.Worker(
             ^^^^^^^^^^^
  File "/home/ubuntu/tmath/.venv/lib/python3.12/site-packages/celery/worker/worker.py", line 94, in __init__
    self.app.loader.init_worker()
  File "/home/ubuntu/tmath/.venv/lib/python3.12/site-packages/celery/loaders/base.py", line 110, in init_worker
    self.import_default_modules()
  File "/home/ubuntu/tmath/.venv/lib/python3.12/site-packages/celery/loaders/base.py", line 104, in import_default_modules
    raise response
  File "/home/ubuntu/tmath/.venv/lib/python3.12/site-packages/celery/utils/dispatch/signal.py", line 280, in send
    response = receiver(signal=self, sender=sender, **named)
               ^^^^^^^^^^^^^^^^^^^^^^^^^^^^^^^^^^^^^^^^^^^^^
  File "/home/ubuntu/tmath/.venv/lib/python3.12/site-packages/celery/fixups/django.py", line 103, in on_import_modules
    self.worker_fixup.validate_models()
  File "/home/ubuntu/tmath/.venv/lib/python3.12/site-packages/celery/fixups/django.py", line 154, in validate_models
    run_checks()
  File "/home/ubuntu/tmath/.venv/lib/python3.12/site-packages/django/core/checks/registry.py", line 88, in run_checks
    new_errors = check(app_configs=app_configs, databases=databases)
                 ^^^^^^^^^^^^^^^^^^^^^^^^^^^^^^^^^^^^^^^^^^^^^^^^^^^
  File "/home/ubuntu/tmath/.venv/lib/python3.12/site-packages/django/core/checks/urls.py", line 14, in check_url_config
    return check_resolver(resolver)
           ^^^^^^^^^^^^^^^^^^^^^^^^
  File "/home/ubuntu/tmath/.venv/lib/python3.12/site-packages/django/core/checks/urls.py", line 24, in check_resolver
    return check_method()
           ^^^^^^^^^^^^^^
  File "/home/ubuntu/tmath/.venv/lib/python3.12/site-packages/django/urls/resolvers.py", line 494, in check
    for pattern in self.url_patterns:
                   ^^^^^^^^^^^^^^^^^
  File "/home/ubuntu/tmath/.venv/lib/python3.12/site-packages/django/utils/functional.py", line 57, in __get__
    res = instance.__dict__[self.name] = self.func(instance)
                                         ^^^^^^^^^^^^^^^^^^^
  File "/home/ubuntu/tmath/.venv/lib/python3.12/site-packages/django/urls/resolvers.py", line 715, in url_patterns
    patterns = getattr(self.urlconf_module, "urlpatterns", self.urlconf_module)
                       ^^^^^^^^^^^^^^^^^^^
  File "/home/ubuntu/tmath/.venv/lib/python3.12/site-packages/django/utils/functional.py", line 57, in __get__
    res = instance.__dict__[self.name] = self.func(instance)
                                         ^^^^^^^^^^^^^^^^^^^
  File "/home/ubuntu/tmath/.venv/lib/python3.12/site-packages/django/urls/resolvers.py", line 708, in urlconf_module
    return import_module(self.urlconf_name)
           ^^^^^^^^^^^^^^^^^^^^^^^^^^^^^^^^
  File "/usr/lib/python3.12/importlib/__init__.py", line 90, in import_module
    return _bootstrap._gcd_import(name[level:], package, level)
           ^^^^^^^^^^^^^^^^^^^^^^^^^^^^^^^^^^^^^^^^^^^^^^^^^^^^
  File "<frozen importlib._bootstrap>", line 1387, in _gcd_import
  File "<frozen importlib._bootstrap>", line 1360, in _find_and_load
  File "<frozen importlib._bootstrap>", line 1331, in _find_and_load_unlocked
  File "<frozen importlib._bootstrap>", line 935, in _load_unlocked
  File "<frozen importlib._bootstrap_external>", line 995, in exec_module
  File "<frozen importlib._bootstrap>", line 488, in _call_with_frames_removed
  File "/home/ubuntu/tmath/tmath/urls.py", line 740, in <module>
    path('api/verify-admin/', verify_admin, name='verify_admin'),
                              ^^^^^^^^^^^^
NameError: name 'verify_admin' is not defined
ERROR 2026-09-20 14:55:50,898 signal Signal handler <bound method DjangoFixup.on_import_modules of <celery.fixups.django.DjangoFixup object at 0x7ac2f3681850>> raised: NameError("name 'verify_admin' is not defined")
Traceback (most recent call last):
  File "/home/ubuntu/tmath/.venv/lib/python3.12/site-packages/celery/utils/dispatch/signal.py", line 280, in send
    response = receiver(signal=self, sender=sender, **named)
               ^^^^^^^^^^^^^^^^^^^^^^^^^^^^^^^^^^^^^^^^^^^^^
  File "/home/ubuntu/tmath/.venv/lib/python3.12/site-packages/celery/fixups/django.py", line 103, in on_import_modules
    self.worker_fixup.validate_models()
  File "/home/ubuntu/tmath/.venv/lib/python3.12/site-packages/celery/fixups/django.py", line 154, in validate_models
    run_checks()
  File "/home/ubuntu/tmath/.venv/lib/python3.12/site-packages/django/core/checks/registry.py", line 88, in run_checks
    new_errors = check(app_configs=app_configs, databases=databases)
                 ^^^^^^^^^^^^^^^^^^^^^^^^^^^^^^^^^^^^^^^^^^^^^^^^^^^
  File "/home/ubuntu/tmath/.venv/lib/python3.12/site-packages/django/core/checks/urls.py", line 14, in check_url_config
    return check_resolver(resolver)
           ^^^^^^^^^^^^^^^^^^^^^^^^
  File "/home/ubuntu/tmath/.venv/lib/python3.12/site-packages/django/core/checks/urls.py", line 24, in check_resolver
    return check_method()
           ^^^^^^^^^^^^^^
  File "/home/ubuntu/tmath/.venv/lib/python3.12/site-packages/django/urls/resolvers.py", line 494, in check
    for pattern in self.url_patterns:
                   ^^^^^^^^^^^^^^^^^
  File "/home/ubuntu/tmath/.venv/lib/python3.12/site-packages/django/utils/functional.py", line 57, in __get__
    res = instance.__dict__[self.name] = self.func(instance)
                                         ^^^^^^^^^^^^^^^^^^^
  File "/home/ubuntu/tmath/.venv/lib/python3.12/site-packages/django/urls/resolvers.py", line 715, in url_patterns
    patterns = getattr(self.urlconf_module, "urlpatterns", self.urlconf_module)
                       ^^^^^^^^^^^^^^^^^^^
  File "/home/ubuntu/tmath/.venv/lib/python3.12/site-packages/django/utils/functional.py", line 57, in __get__
    res = instance.__dict__[self.name] = self.func(instance)
                                         ^^^^^^^^^^^^^^^^^^^
  File "/home/ubuntu/tmath/.venv/lib/python3.12/site-packages/django/urls/resolvers.py", line 708, in urlconf_module
    return import_module(self.urlconf_name)
           ^^^^^^^^^^^^^^^^^^^^^^^^^^^^^^^^
  File "/usr/lib/python3.12/importlib/__init__.py", line 90, in import_module
    return _bootstrap._gcd_import(name[level:], package, level)
           ^^^^^^^^^^^^^^^^^^^^^^^^^^^^^^^^^^^^^^^^^^^^^^^^^^^^
  File "<frozen importlib._bootstrap>", line 1387, in _gcd_import
  File "<frozen importlib._bootstrap>", line 1360, in _find_and_load
  File "<frozen importlib._bootstrap>", line 1331, in _find_and_load_unlocked
  File "<frozen importlib._bootstrap>", line 935, in _load_unlocked
  File "<frozen importlib._bootstrap_external>", line 995, in exec_module
  File "<frozen importlib._bootstrap>", line 488, in _call_with_frames_removed
  File "/home/ubuntu/tmath/tmath/urls.py", line 740, in <module>
    path('api/verify-admin/', verify_admin, name='verify_admin'),
                              ^^^^^^^^^^^^
NameError: name 'verify_admin' is not defined
Traceback (most recent call last):
  File "/home/ubuntu/tmath/.venv/bin/celery", line 6, in <module>
    sys.exit(main())
             ^^^^^^
  File "/home/ubuntu/tmath/.venv/lib/python3.12/site-packages/celery/__main__.py", line 15, in main
    sys.exit(_main())
             ^^^^^^^
  File "/home/ubuntu/tmath/.venv/lib/python3.12/site-packages/celery/bin/celery.py", line 227, in main
    return celery(auto_envvar_prefix="CELERY")
           ^^^^^^^^^^^^^^^^^^^^^^^^^^^^^^^^^^^
  File "/home/ubuntu/tmath/.venv/lib/python3.12/site-packages/click/core.py", line 1569, in __call__
    return self.main(*args, **kwargs)
           ^^^^^^^^^^^^^^^^^^^^^^^^^^
  File "/home/ubuntu/tmath/.venv/lib/python3.12/site-packages/click/core.py", line 1490, in main
    rv = self.invoke(ctx)
         ^^^^^^^^^^^^^^^^
  File "/home/ubuntu/tmath/.venv/lib/python3.12/site-packages/click/core.py", line 1970, in invoke
    return _process_result(sub_ctx.command.invoke(sub_ctx))
                           ^^^^^^^^^^^^^^^^^^^^^^^^^^^^^^^
  File "/home/ubuntu/tmath/.venv/lib/python3.12/site-packages/click/core.py", line 1353, in invoke
    return ctx.invoke(self.callback, **ctx.params)
           ^^^^^^^^^^^^^^^^^^^^^^^^^^^^^^^^^^^^^^^
  File "/home/ubuntu/tmath/.venv/lib/python3.12/site-packages/click/core.py", line 907, in invoke
    return callback(*args, **kwargs)
           ^^^^^^^^^^^^^^^^^^^^^^^^^
  File "/home/ubuntu/tmath/.venv/lib/python3.12/site-packages/click/decorators.py", line 34, in new_func
    return f(get_current_context(), *args, **kwargs)
           ^^^^^^^^^^^^^^^^^^^^^^^^^^^^^^^^^^^^^^^^^
  File "/home/ubuntu/tmath/.venv/lib/python3.12/site-packages/celery/bin/base.py", line 158, in caller
    return f(ctx, *args, **kwargs)
           ^^^^^^^^^^^^^^^^^^^^^^^
  File "/home/ubuntu/tmath/.venv/lib/python3.12/site-packages/celery/bin/worker.py", line 359, in worker
    worker = app.Worker(
             ^^^^^^^^^^^
  File "/home/ubuntu/tmath/.venv/lib/python3.12/site-packages/celery/worker/worker.py", line 94, in __init__
    self.app.loader.init_worker()
  File "/home/ubuntu/tmath/.venv/lib/python3.12/site-packages/celery/loaders/base.py", line 110, in init_worker
    self.import_default_modules()
  File "/home/ubuntu/tmath/.venv/lib/python3.12/site-packages/celery/loaders/base.py", line 104, in import_default_modules
    raise response
  File "/home/ubuntu/tmath/.venv/lib/python3.12/site-packages/celery/utils/dispatch/signal.py", line 280, in send
    response = receiver(signal=self, sender=sender, **named)
               ^^^^^^^^^^^^^^^^^^^^^^^^^^^^^^^^^^^^^^^^^^^^^
  File "/home/ubuntu/tmath/.venv/lib/python3.12/site-packages/celery/fixups/django.py", line 103, in on_import_modules
    self.worker_fixup.validate_models()
  File "/home/ubuntu/tmath/.venv/lib/python3.12/site-packages/celery/fixups/django.py", line 154, in validate_models
    run_checks()
  File "/home/ubuntu/tmath/.venv/lib/python3.12/site-packages/django/core/checks/registry.py", line 88, in run_checks
    new_errors = check(app_configs=app_configs, databases=databases)
                 ^^^^^^^^^^^^^^^^^^^^^^^^^^^^^^^^^^^^^^^^^^^^^^^^^^^
  File "/home/ubuntu/tmath/.venv/lib/python3.12/site-packages/django/core/checks/urls.py", line 14, in check_url_config
    return check_resolver(resolver)
           ^^^^^^^^^^^^^^^^^^^^^^^^
  File "/home/ubuntu/tmath/.venv/lib/python3.12/site-packages/django/core/checks/urls.py", line 24, in check_resolver
    return check_method()
           ^^^^^^^^^^^^^^
  File "/home/ubuntu/tmath/.venv/lib/python3.12/site-packages/django/urls/resolvers.py", line 494, in check
    for pattern in self.url_patterns:
                   ^^^^^^^^^^^^^^^^^
  File "/home/ubuntu/tmath/.venv/lib/python3.12/site-packages/django/utils/functional.py", line 57, in __get__
    res = instance.__dict__[self.name] = self.func(instance)
                                         ^^^^^^^^^^^^^^^^^^^
  File "/home/ubuntu/tmath/.venv/lib/python3.12/site-packages/django/urls/resolvers.py", line 715, in url_patterns
    patterns = getattr(self.urlconf_module, "urlpatterns", self.urlconf_module)
                       ^^^^^^^^^^^^^^^^^^^
  File "/home/ubuntu/tmath/.venv/lib/python3.12/site-packages/django/utils/functional.py", line 57, in __get__
    res = instance.__dict__[self.name] = self.func(instance)
                                         ^^^^^^^^^^^^^^^^^^^
  File "/home/ubuntu/tmath/.venv/lib/python3.12/site-packages/django/urls/resolvers.py", line 708, in urlconf_module
    return import_module(self.urlconf_name)
           ^^^^^^^^^^^^^^^^^^^^^^^^^^^^^^^^
  File "/usr/lib/python3.12/importlib/__init__.py", line 90, in import_module
    return _bootstrap._gcd_import(name[level:], package, level)
           ^^^^^^^^^^^^^^^^^^^^^^^^^^^^^^^^^^^^^^^^^^^^^^^^^^^^
  File "<frozen importlib._bootstrap>", line 1387, in _gcd_import
  File "<frozen importlib._bootstrap>", line 1360, in _find_and_load
  File "<frozen importlib._bootstrap>", line 1331, in _find_and_load_unlocked
  File "<frozen importlib._bootstrap>", line 935, in _load_unlocked
  File "<frozen importlib._bootstrap_external>", line 995, in exec_module
  File "<frozen importlib._bootstrap>", line 488, in _call_with_frames_removed
  File "/home/ubuntu/tmath/tmath/urls.py", line 740, in <module>
    path('api/verify-admin/', verify_admin, name='verify_admin'),
                              ^^^^^^^^^^^^
NameError: name 'verify_admin' is not defined
ERROR 2026-09-20 14:55:53,822 signal Signal handler <bound method DjangoFixup.on_import_modules of <celery.fixups.django.DjangoFixup object at 0x7f7232181d90>> raised: NameError("name 'verify_admin' is not defined")
Traceback (most recent call last):
  File "/home/ubuntu/tmath/.venv/lib/python3.12/site-packages/celery/utils/dispatch/signal.py", line 280, in send
    response = receiver(signal=self, sender=sender, **named)
               ^^^^^^^^^^^^^^^^^^^^^^^^^^^^^^^^^^^^^^^^^^^^^
  File "/home/ubuntu/tmath/.venv/lib/python3.12/site-packages/celery/fixups/django.py", line 103, in on_import_modules
    self.worker_fixup.validate_models()
  File "/home/ubuntu/tmath/.venv/lib/python3.12/site-packages/celery/fixups/django.py", line 154, in validate_models
    run_checks()
  File "/home/ubuntu/tmath/.venv/lib/python3.12/site-packages/django/core/checks/registry.py", line 88, in run_checks
    new_errors = check(app_configs=app_configs, databases=databases)
                 ^^^^^^^^^^^^^^^^^^^^^^^^^^^^^^^^^^^^^^^^^^^^^^^^^^^
  File "/home/ubuntu/tmath/.venv/lib/python3.12/site-packages/django/core/checks/urls.py", line 14, in check_url_config
    return check_resolver(resolver)
           ^^^^^^^^^^^^^^^^^^^^^^^^
  File "/home/ubuntu/tmath/.venv/lib/python3.12/site-packages/django/core/checks/urls.py", line 24, in check_resolver
    return check_method()
           ^^^^^^^^^^^^^^
  File "/home/ubuntu/tmath/.venv/lib/python3.12/site-packages/django/urls/resolvers.py", line 494, in check
    for pattern in self.url_patterns:
                   ^^^^^^^^^^^^^^^^^
  File "/home/ubuntu/tmath/.venv/lib/python3.12/site-packages/django/utils/functional.py", line 57, in __get__
    res = instance.__dict__[self.name] = self.func(instance)
                                         ^^^^^^^^^^^^^^^^^^^
  File "/home/ubuntu/tmath/.venv/lib/python3.12/site-packages/django/urls/resolvers.py", line 715, in url_patterns
    patterns = getattr(self.urlconf_module, "urlpatterns", self.urlconf_module)
                       ^^^^^^^^^^^^^^^^^^^
  File "/home/ubuntu/tmath/.venv/lib/python3.12/site-packages/django/utils/functional.py", line 57, in __get__
    res = instance.__dict__[self.name] = self.func(instance)
                                         ^^^^^^^^^^^^^^^^^^^
  File "/home/ubuntu/tmath/.venv/lib/python3.12/site-packages/django/urls/resolvers.py", line 708, in urlconf_module
    return import_module(self.urlconf_name)
           ^^^^^^^^^^^^^^^^^^^^^^^^^^^^^^^^
  File "/usr/lib/python3.12/importlib/__init__.py", line 90, in import_module
    return _bootstrap._gcd_import(name[level:], package, level)
           ^^^^^^^^^^^^^^^^^^^^^^^^^^^^^^^^^^^^^^^^^^^^^^^^^^^^
  File "<frozen importlib._bootstrap>", line 1387, in _gcd_import
  File "<frozen importlib._bootstrap>", line 1360, in _find_and_load
  File "<frozen importlib._bootstrap>", line 1331, in _find_and_load_unlocked
  File "<frozen importlib._bootstrap>", line 935, in _load_unlocked
  File "<frozen importlib._bootstrap_external>", line 995, in exec_module
  File "<frozen importlib._bootstrap>", line 488, in _call_with_frames_removed
  File "/home/ubuntu/tmath/tmath/urls.py", line 740, in <module>
    path('api/verify-admin/', verify_admin, name='verify_admin'),
                              ^^^^^^^^^^^^
NameError: name 'verify_admin' is not defined
Traceback (most recent call last):
  File "/home/ubuntu/tmath/.venv/bin/celery", line 6, in <module>
    sys.exit(main())
             ^^^^^^
  File "/home/ubuntu/tmath/.venv/lib/python3.12/site-packages/celery/__main__.py", line 15, in main
    sys.exit(_main())
             ^^^^^^^
  File "/home/ubuntu/tmath/.venv/lib/python3.12/site-packages/celery/bin/celery.py", line 227, in main
    return celery(auto_envvar_prefix="CELERY")
           ^^^^^^^^^^^^^^^^^^^^^^^^^^^^^^^^^^^
  File "/home/ubuntu/tmath/.venv/lib/python3.12/site-packages/click/core.py", line 1569, in __call__
    return self.main(*args, **kwargs)
           ^^^^^^^^^^^^^^^^^^^^^^^^^^
  File "/home/ubuntu/tmath/.venv/lib/python3.12/site-packages/click/core.py", line 1490, in main
    rv = self.invoke(ctx)
         ^^^^^^^^^^^^^^^^
  File "/home/ubuntu/tmath/.venv/lib/python3.12/site-packages/click/core.py", line 1970, in invoke
    return _process_result(sub_ctx.command.invoke(sub_ctx))
                           ^^^^^^^^^^^^^^^^^^^^^^^^^^^^^^^
  File "/home/ubuntu/tmath/.venv/lib/python3.12/site-packages/click/core.py", line 1353, in invoke
    return ctx.invoke(self.callback, **ctx.params)
           ^^^^^^^^^^^^^^^^^^^^^^^^^^^^^^^^^^^^^^^
  File "/home/ubuntu/tmath/.venv/lib/python3.12/site-packages/click/core.py", line 907, in invoke
    return callback(*args, **kwargs)
           ^^^^^^^^^^^^^^^^^^^^^^^^^
  File "/home/ubuntu/tmath/.venv/lib/python3.12/site-packages/click/decorators.py", line 34, in new_func
    return f(get_current_context(), *args, **kwargs)
           ^^^^^^^^^^^^^^^^^^^^^^^^^^^^^^^^^^^^^^^^^
  File "/home/ubuntu/tmath/.venv/lib/python3.12/site-packages/celery/bin/base.py", line 158, in caller
    return f(ctx, *args, **kwargs)
           ^^^^^^^^^^^^^^^^^^^^^^^
  File "/home/ubuntu/tmath/.venv/lib/python3.12/site-packages/celery/bin/worker.py", line 359, in worker
    worker = app.Worker(
             ^^^^^^^^^^^
  File "/home/ubuntu/tmath/.venv/lib/python3.12/site-packages/celery/worker/worker.py", line 94, in __init__
    self.app.loader.init_worker()
  File "/home/ubuntu/tmath/.venv/lib/python3.12/site-packages/celery/loaders/base.py", line 110, in init_worker
    self.import_default_modules()
  File "/home/ubuntu/tmath/.venv/lib/python3.12/site-packages/celery/loaders/base.py", line 104, in import_default_modules
    raise response
  File "/home/ubuntu/tmath/.venv/lib/python3.12/site-packages/celery/utils/dispatch/signal.py", line 280, in send
    response = receiver(signal=self, sender=sender, **named)
               ^^^^^^^^^^^^^^^^^^^^^^^^^^^^^^^^^^^^^^^^^^^^^
  File "/home/ubuntu/tmath/.venv/lib/python3.12/site-packages/celery/fixups/django.py", line 103, in on_import_modules
    self.worker_fixup.validate_models()
  File "/home/ubuntu/tmath/.venv/lib/python3.12/site-packages/celery/fixups/django.py", line 154, in validate_models
    run_checks()
  File "/home/ubuntu/tmath/.venv/lib/python3.12/site-packages/django/core/checks/registry.py", line 88, in run_checks
    new_errors = check(app_configs=app_configs, databases=databases)
                 ^^^^^^^^^^^^^^^^^^^^^^^^^^^^^^^^^^^^^^^^^^^^^^^^^^^
  File "/home/ubuntu/tmath/.venv/lib/python3.12/site-packages/django/core/checks/urls.py", line 14, in check_url_config
    return check_resolver(resolver)
           ^^^^^^^^^^^^^^^^^^^^^^^^
  File "/home/ubuntu/tmath/.venv/lib/python3.12/site-packages/django/core/checks/urls.py", line 24, in check_resolver
    return check_method()
           ^^^^^^^^^^^^^^
  File "/home/ubuntu/tmath/.venv/lib/python3.12/site-packages/django/urls/resolvers.py", line 494, in check
    for pattern in self.url_patterns:
                   ^^^^^^^^^^^^^^^^^
  File "/home/ubuntu/tmath/.venv/lib/python3.12/site-packages/django/utils/functional.py", line 57, in __get__
    res = instance.__dict__[self.name] = self.func(instance)
                                         ^^^^^^^^^^^^^^^^^^^
  File "/home/ubuntu/tmath/.venv/lib/python3.12/site-packages/django/urls/resolvers.py", line 715, in url_patterns
    patterns = getattr(self.urlconf_module, "urlpatterns", self.urlconf_module)
                       ^^^^^^^^^^^^^^^^^^^
  File "/home/ubuntu/tmath/.venv/lib/python3.12/site-packages/django/utils/functional.py", line 57, in __get__
    res = instance.__dict__[self.name] = self.func(instance)
                                         ^^^^^^^^^^^^^^^^^^^
  File "/home/ubuntu/tmath/.venv/lib/python3.12/site-packages/django/urls/resolvers.py", line 708, in urlconf_module
    return import_module(self.urlconf_name)
           ^^^^^^^^^^^^^^^^^^^^^^^^^^^^^^^^
  File "/usr/lib/python3.12/importlib/__init__.py", line 90, in import_module
    return _bootstrap._gcd_import(name[level:], package, level)
           ^^^^^^^^^^^^^^^^^^^^^^^^^^^^^^^^^^^^^^^^^^^^^^^^^^^^
  File "<frozen importlib._bootstrap>", line 1387, in _gcd_import
  File "<frozen importlib._bootstrap>", line 1360, in _find_and_load
  File "<frozen importlib._bootstrap>", line 1331, in _find_and_load_unlocked
  File "<frozen importlib._bootstrap>", line 935, in _load_unlocked
  File "<frozen importlib._bootstrap_external>", line 995, in exec_module
  File "<frozen importlib._bootstrap>", line 488, in _call_with_frames_removed
  File "/home/ubuntu/tmath/tmath/urls.py", line 740, in <module>
    path('api/verify-admin/', verify_admin, name='verify_admin'),
                              ^^^^^^^^^^^^
NameError: name 'verify_admin' is not defined
ERROR 2026-09-20 14:55:55,742 signal Signal handler <bound method DjangoFixup.on_import_modules of <celery.fixups.django.DjangoFixup object at 0x7ce8d6919be0>> raised: NameError("name 'verify_admin' is not defined")
Traceback (most recent call last):
  File "/home/ubuntu/tmath/.venv/lib/python3.12/site-packages/celery/utils/dispatch/signal.py", line 280, in send
    response = receiver(signal=self, sender=sender, **named)
               ^^^^^^^^^^^^^^^^^^^^^^^^^^^^^^^^^^^^^^^^^^^^^
  File "/home/ubuntu/tmath/.venv/lib/python3.12/site-packages/celery/fixups/django.py", line 103, in on_import_modules
    self.worker_fixup.validate_models()
  File "/home/ubuntu/tmath/.venv/lib/python3.12/site-packages/celery/fixups/django.py", line 154, in validate_models
    run_checks()
  File "/home/ubuntu/tmath/.venv/lib/python3.12/site-packages/django/core/checks/registry.py", line 88, in run_checks
    new_errors = check(app_configs=app_configs, databases=databases)
                 ^^^^^^^^^^^^^^^^^^^^^^^^^^^^^^^^^^^^^^^^^^^^^^^^^^^
  File "/home/ubuntu/tmath/.venv/lib/python3.12/site-packages/django/core/checks/urls.py", line 14, in check_url_config
    return check_resolver(resolver)
           ^^^^^^^^^^^^^^^^^^^^^^^^
  File "/home/ubuntu/tmath/.venv/lib/python3.12/site-packages/django/core/checks/urls.py", line 24, in check_resolver
    return check_method()
           ^^^^^^^^^^^^^^
  File "/home/ubuntu/tmath/.venv/lib/python3.12/site-packages/django/urls/resolvers.py", line 494, in check
    for pattern in self.url_patterns:
                   ^^^^^^^^^^^^^^^^^
  File "/home/ubuntu/tmath/.venv/lib/python3.12/site-packages/django/utils/functional.py", line 57, in __get__
    res = instance.__dict__[self.name] = self.func(instance)
                                         ^^^^^^^^^^^^^^^^^^^
  File "/home/ubuntu/tmath/.venv/lib/python3.12/site-packages/django/urls/resolvers.py", line 715, in url_patterns
    patterns = getattr(self.urlconf_module, "urlpatterns", self.urlconf_module)
                       ^^^^^^^^^^^^^^^^^^^
  File "/home/ubuntu/tmath/.venv/lib/python3.12/site-packages/django/utils/functional.py", line 57, in __get__
    res = instance.__dict__[self.name] = self.func(instance)
                                         ^^^^^^^^^^^^^^^^^^^
  File "/home/ubuntu/tmath/.venv/lib/python3.12/site-packages/django/urls/resolvers.py", line 708, in urlconf_module
    return import_module(self.urlconf_name)
           ^^^^^^^^^^^^^^^^^^^^^^^^^^^^^^^^
  File "/usr/lib/python3.12/importlib/__init__.py", line 90, in import_module
    return _bootstrap._gcd_import(name[level:], package, level)
           ^^^^^^^^^^^^^^^^^^^^^^^^^^^^^^^^^^^^^^^^^^^^^^^^^^^^
  File "<frozen importlib._bootstrap>", line 1387, in _gcd_import
  File "<frozen importlib._bootstrap>", line 1360, in _find_and_load
  File "<frozen importlib._bootstrap>", line 1331, in _find_and_load_unlocked
  File "<frozen importlib._bootstrap>", line 935, in _load_unlocked
  File "<frozen importlib._bootstrap_external>", line 995, in exec_module
  File "<frozen importlib._bootstrap>", line 488, in _call_with_frames_removed
  File "/home/ubuntu/tmath/tmath/urls.py", line 740, in <module>
    path('api/verify-admin/', verify_admin, name='verify_admin'),
                              ^^^^^^^^^^^^
NameError: name 'verify_admin' is not defined
Traceback (most recent call last):
  File "/home/ubuntu/tmath/.venv/bin/celery", line 6, in <module>
    sys.exit(main())
             ^^^^^^
  File "/home/ubuntu/tmath/.venv/lib/python3.12/site-packages/celery/__main__.py", line 15, in main
    sys.exit(_main())
             ^^^^^^^
  File "/home/ubuntu/tmath/.venv/lib/python3.12/site-packages/celery/bin/celery.py", line 227, in main
    return celery(auto_envvar_prefix="CELERY")
           ^^^^^^^^^^^^^^^^^^^^^^^^^^^^^^^^^^^
  File "/home/ubuntu/tmath/.venv/lib/python3.12/site-packages/click/core.py", line 1569, in __call__
    return self.main(*args, **kwargs)
           ^^^^^^^^^^^^^^^^^^^^^^^^^^
  File "/home/ubuntu/tmath/.venv/lib/python3.12/site-packages/click/core.py", line 1490, in main
    rv = self.invoke(ctx)
         ^^^^^^^^^^^^^^^^
  File "/home/ubuntu/tmath/.venv/lib/python3.12/site-packages/click/core.py", line 1970, in invoke
    return _process_result(sub_ctx.command.invoke(sub_ctx))
                           ^^^^^^^^^^^^^^^^^^^^^^^^^^^^^^^
  File "/home/ubuntu/tmath/.venv/lib/python3.12/site-packages/click/core.py", line 1353, in invoke
    return ctx.invoke(self.callback, **ctx.params)
           ^^^^^^^^^^^^^^^^^^^^^^^^^^^^^^^^^^^^^^^
  File "/home/ubuntu/tmath/.venv/lib/python3.12/site-packages/click/core.py", line 907, in invoke
    return callback(*args, **kwargs)
           ^^^^^^^^^^^^^^^^^^^^^^^^^
  File "/home/ubuntu/tmath/.venv/lib/python3.12/site-packages/click/decorators.py", line 34, in new_func
    return f(get_current_context(), *args, **kwargs)
           ^^^^^^^^^^^^^^^^^^^^^^^^^^^^^^^^^^^^^^^^^
  File "/home/ubuntu/tmath/.venv/lib/python3.12/site-packages/celery/bin/base.py", line 158, in caller
    return f(ctx, *args, **kwargs)
           ^^^^^^^^^^^^^^^^^^^^^^^
  File "/home/ubuntu/tmath/.venv/lib/python3.12/site-packages/celery/bin/worker.py", line 359, in worker
    worker = app.Worker(
             ^^^^^^^^^^^
  File "/home/ubuntu/tmath/.venv/lib/python3.12/site-packages/celery/worker/worker.py", line 94, in __init__
    self.app.loader.init_worker()
  File "/home/ubuntu/tmath/.venv/lib/python3.12/site-packages/celery/loaders/base.py", line 110, in init_worker
    self.import_default_modules()
  File "/home/ubuntu/tmath/.venv/lib/python3.12/site-packages/celery/loaders/base.py", line 104, in import_default_modules
    raise response
  File "/home/ubuntu/tmath/.venv/lib/python3.12/site-packages/celery/utils/dispatch/signal.py", line 280, in send
    response = receiver(signal=self, sender=sender, **named)
               ^^^^^^^^^^^^^^^^^^^^^^^^^^^^^^^^^^^^^^^^^^^^^
  File "/home/ubuntu/tmath/.venv/lib/python3.12/site-packages/celery/fixups/django.py", line 103, in on_import_modules
    self.worker_fixup.validate_models()
  File "/home/ubuntu/tmath/.venv/lib/python3.12/site-packages/celery/fixups/django.py", line 154, in validate_models
    run_checks()
  File "/home/ubuntu/tmath/.venv/lib/python3.12/site-packages/django/core/checks/registry.py", line 88, in run_checks
    new_errors = check(app_configs=app_configs, databases=databases)
                 ^^^^^^^^^^^^^^^^^^^^^^^^^^^^^^^^^^^^^^^^^^^^^^^^^^^
  File "/home/ubuntu/tmath/.venv/lib/python3.12/site-packages/django/core/checks/urls.py", line 14, in check_url_config
    return check_resolver(resolver)
           ^^^^^^^^^^^^^^^^^^^^^^^^
  File "/home/ubuntu/tmath/.venv/lib/python3.12/site-packages/django/core/checks/urls.py", line 24, in check_resolver
    return check_method()
           ^^^^^^^^^^^^^^
  File "/home/ubuntu/tmath/.venv/lib/python3.12/site-packages/django/urls/resolvers.py", line 494, in check
    for pattern in self.url_patterns:
                   ^^^^^^^^^^^^^^^^^
  File "/home/ubuntu/tmath/.venv/lib/python3.12/site-packages/django/utils/functional.py", line 57, in __get__
    res = instance.__dict__[self.name] = self.func(instance)
                                         ^^^^^^^^^^^^^^^^^^^
  File "/home/ubuntu/tmath/.venv/lib/python3.12/site-packages/django/urls/resolvers.py", line 715, in url_patterns
    patterns = getattr(self.urlconf_module, "urlpatterns", self.urlconf_module)
                       ^^^^^^^^^^^^^^^^^^^
  File "/home/ubuntu/tmath/.venv/lib/python3.12/site-packages/django/utils/functional.py", line 57, in __get__
    res = instance.__dict__[self.name] = self.func(instance)
                                         ^^^^^^^^^^^^^^^^^^^
  File "/home/ubuntu/tmath/.venv/lib/python3.12/site-packages/django/urls/resolvers.py", line 708, in urlconf_module
    return import_module(self.urlconf_name)
           ^^^^^^^^^^^^^^^^^^^^^^^^^^^^^^^^
  File "/usr/lib/python3.12/importlib/__init__.py", line 90, in import_module
    return _bootstrap._gcd_import(name[level:], package, level)
           ^^^^^^^^^^^^^^^^^^^^^^^^^^^^^^^^^^^^^^^^^^^^^^^^^^^^
  File "<frozen importlib._bootstrap>", line 1387, in _gcd_import
  File "<frozen importlib._bootstrap>", line 1360, in _find_and_load
  File "<frozen importlib._bootstrap>", line 1331, in _find_and_load_unlocked
  File "<frozen importlib._bootstrap>", line 935, in _load_unlocked
  File "<frozen importlib._bootstrap_external>", line 995, in exec_module
  File "<frozen importlib._bootstrap>", line 488, in _call_with_frames_removed
  File "/home/ubuntu/tmath/tmath/urls.py", line 740, in <module>
    path('api/verify-admin/', verify_admin, name='verify_admin'),
                              ^^^^^^^^^^^^
NameError: name 'verify_admin' is not defined
ERROR 2026-09-20 14:55:57,924 signal Signal handler <bound method DjangoFixup.on_import_modules of <celery.fixups.django.DjangoFixup object at 0x7cd978025e50>> raised: NameError("name 'verify_admin' is not defined")
Traceback (most recent call last):
  File "/home/ubuntu/tmath/.venv/lib/python3.12/site-packages/celery/utils/dispatch/signal.py", line 280, in send
    response = receiver(signal=self, sender=sender, **named)
               ^^^^^^^^^^^^^^^^^^^^^^^^^^^^^^^^^^^^^^^^^^^^^
  File "/home/ubuntu/tmath/.venv/lib/python3.12/site-packages/celery/fixups/django.py", line 103, in on_import_modules
    self.worker_fixup.validate_models()
  File "/home/ubuntu/tmath/.venv/lib/python3.12/site-packages/celery/fixups/django.py", line 154, in validate_models
    run_checks()
  File "/home/ubuntu/tmath/.venv/lib/python3.12/site-packages/django/core/checks/registry.py", line 88, in run_checks
    new_errors = check(app_configs=app_configs, databases=databases)
                 ^^^^^^^^^^^^^^^^^^^^^^^^^^^^^^^^^^^^^^^^^^^^^^^^^^^
  File "/home/ubuntu/tmath/.venv/lib/python3.12/site-packages/django/core/checks/urls.py", line 14, in check_url_config
    return check_resolver(resolver)
           ^^^^^^^^^^^^^^^^^^^^^^^^
  File "/home/ubuntu/tmath/.venv/lib/python3.12/site-packages/django/core/checks/urls.py", line 24, in check_resolver
    return check_method()
           ^^^^^^^^^^^^^^
  File "/home/ubuntu/tmath/.venv/lib/python3.12/site-packages/django/urls/resolvers.py", line 494, in check
    for pattern in self.url_patterns:
                   ^^^^^^^^^^^^^^^^^
  File "/home/ubuntu/tmath/.venv/lib/python3.12/site-packages/django/utils/functional.py", line 57, in __get__
    res = instance.__dict__[self.name] = self.func(instance)
                                         ^^^^^^^^^^^^^^^^^^^
  File "/home/ubuntu/tmath/.venv/lib/python3.12/site-packages/django/urls/resolvers.py", line 715, in url_patterns
    patterns = getattr(self.urlconf_module, "urlpatterns", self.urlconf_module)
                       ^^^^^^^^^^^^^^^^^^^
  File "/home/ubuntu/tmath/.venv/lib/python3.12/site-packages/django/utils/functional.py", line 57, in __get__
    res = instance.__dict__[self.name] = self.func(instance)
                                         ^^^^^^^^^^^^^^^^^^^
  File "/home/ubuntu/tmath/.venv/lib/python3.12/site-packages/django/urls/resolvers.py", line 708, in urlconf_module
    return import_module(self.urlconf_name)
           ^^^^^^^^^^^^^^^^^^^^^^^^^^^^^^^^
  File "/usr/lib/python3.12/importlib/__init__.py", line 90, in import_module
    return _bootstrap._gcd_import(name[level:], package, level)
           ^^^^^^^^^^^^^^^^^^^^^^^^^^^^^^^^^^^^^^^^^^^^^^^^^^^^
  File "<frozen importlib._bootstrap>", line 1387, in _gcd_import
  File "<frozen importlib._bootstrap>", line 1360, in _find_and_load
  File "<frozen importlib._bootstrap>", line 1331, in _find_and_load_unlocked
  File "<frozen importlib._bootstrap>", line 935, in _load_unlocked
  File "<frozen importlib._bootstrap_external>", line 995, in exec_module
  File "<frozen importlib._bootstrap>", line 488, in _call_with_frames_removed
  File "/home/ubuntu/tmath/tmath/urls.py", line 740, in <module>
    path('api/verify-admin/', verify_admin, name='verify_admin'),
                              ^^^^^^^^^^^^
NameError: name 'verify_admin' is not defined
Traceback (most recent call last):
  File "/home/ubuntu/tmath/.venv/bin/celery", line 6, in <module>
    sys.exit(main())
             ^^^^^^
  File "/home/ubuntu/tmath/.venv/lib/python3.12/site-packages/celery/__main__.py", line 15, in main
    sys.exit(_main())
             ^^^^^^^
  File "/home/ubuntu/tmath/.venv/lib/python3.12/site-packages/celery/bin/celery.py", line 227, in main
    return celery(auto_envvar_prefix="CELERY")
           ^^^^^^^^^^^^^^^^^^^^^^^^^^^^^^^^^^^
  File "/home/ubuntu/tmath/.venv/lib/python3.12/site-packages/click/core.py", line 1569, in __call__
    return self.main(*args, **kwargs)
           ^^^^^^^^^^^^^^^^^^^^^^^^^^
  File "/home/ubuntu/tmath/.venv/lib/python3.12/site-packages/click/core.py", line 1490, in main
    rv = self.invoke(ctx)
         ^^^^^^^^^^^^^^^^
  File "/home/ubuntu/tmath/.venv/lib/python3.12/site-packages/click/core.py", line 1970, in invoke
    return _process_result(sub_ctx.command.invoke(sub_ctx))
                           ^^^^^^^^^^^^^^^^^^^^^^^^^^^^^^^
  File "/home/ubuntu/tmath/.venv/lib/python3.12/site-packages/click/core.py", line 1353, in invoke
    return ctx.invoke(self.callback, **ctx.params)
           ^^^^^^^^^^^^^^^^^^^^^^^^^^^^^^^^^^^^^^^
  File "/home/ubuntu/tmath/.venv/lib/python3.12/site-packages/click/core.py", line 907, in invoke
    return callback(*args, **kwargs)
           ^^^^^^^^^^^^^^^^^^^^^^^^^
  File "/home/ubuntu/tmath/.venv/lib/python3.12/site-packages/click/decorators.py", line 34, in new_func
    return f(get_current_context(), *args, **kwargs)
           ^^^^^^^^^^^^^^^^^^^^^^^^^^^^^^^^^^^^^^^^^
  File "/home/ubuntu/tmath/.venv/lib/python3.12/site-packages/celery/bin/base.py", line 158, in caller
    return f(ctx, *args, **kwargs)
           ^^^^^^^^^^^^^^^^^^^^^^^
  File "/home/ubuntu/tmath/.venv/lib/python3.12/site-packages/celery/bin/worker.py", line 359, in worker
    worker = app.Worker(
             ^^^^^^^^^^^
  File "/home/ubuntu/tmath/.venv/lib/python3.12/site-packages/celery/worker/worker.py", line 94, in __init__
    self.app.loader.init_worker()
  File "/home/ubuntu/tmath/.venv/lib/python3.12/site-packages/celery/loaders/base.py", line 110, in init_worker
    self.import_default_modules()
  File "/home/ubuntu/tmath/.venv/lib/python3.12/site-packages/celery/loaders/base.py", line 104, in import_default_modules
    raise response
  File "/home/ubuntu/tmath/.venv/lib/python3.12/site-packages/celery/utils/dispatch/signal.py", line 280, in send
    response = receiver(signal=self, sender=sender, **named)
               ^^^^^^^^^^^^^^^^^^^^^^^^^^^^^^^^^^^^^^^^^^^^^
  File "/home/ubuntu/tmath/.venv/lib/python3.12/site-packages/celery/fixups/django.py", line 103, in on_import_modules
    self.worker_fixup.validate_models()
  File "/home/ubuntu/tmath/.venv/lib/python3.12/site-packages/celery/fixups/django.py", line 154, in validate_models
    run_checks()
  File "/home/ubuntu/tmath/.venv/lib/python3.12/site-packages/django/core/checks/registry.py", line 88, in run_checks
    new_errors = check(app_configs=app_configs, databases=databases)
                 ^^^^^^^^^^^^^^^^^^^^^^^^^^^^^^^^^^^^^^^^^^^^^^^^^^^
  File "/home/ubuntu/tmath/.venv/lib/python3.12/site-packages/django/core/checks/urls.py", line 14, in check_url_config
    return check_resolver(resolver)
           ^^^^^^^^^^^^^^^^^^^^^^^^
  File "/home/ubuntu/tmath/.venv/lib/python3.12/site-packages/django/core/checks/urls.py", line 24, in check_resolver
    return check_method()
           ^^^^^^^^^^^^^^
  File "/home/ubuntu/tmath/.venv/lib/python3.12/site-packages/django/urls/resolvers.py", line 494, in check
    for pattern in self.url_patterns:
                   ^^^^^^^^^^^^^^^^^
  File "/home/ubuntu/tmath/.venv/lib/python3.12/site-packages/django/utils/functional.py", line 57, in __get__
    res = instance.__dict__[self.name] = self.func(instance)
                                         ^^^^^^^^^^^^^^^^^^^
  File "/home/ubuntu/tmath/.venv/lib/python3.12/site-packages/django/urls/resolvers.py", line 715, in url_patterns
    patterns = getattr(self.urlconf_module, "urlpatterns", self.urlconf_module)
                       ^^^^^^^^^^^^^^^^^^^
  File "/home/ubuntu/tmath/.venv/lib/python3.12/site-packages/django/utils/functional.py", line 57, in __get__
    res = instance.__dict__[self.name] = self.func(instance)
                                         ^^^^^^^^^^^^^^^^^^^
  File "/home/ubuntu/tmath/.venv/lib/python3.12/site-packages/django/urls/resolvers.py", line 708, in urlconf_module
    return import_module(self.urlconf_name)
           ^^^^^^^^^^^^^^^^^^^^^^^^^^^^^^^^
  File "/usr/lib/python3.12/importlib/__init__.py", line 90, in import_module
    return _bootstrap._gcd_import(name[level:], package, level)
           ^^^^^^^^^^^^^^^^^^^^^^^^^^^^^^^^^^^^^^^^^^^^^^^^^^^^
  File "<frozen importlib._bootstrap>", line 1387, in _gcd_import
  File "<frozen importlib._bootstrap>", line 1360, in _find_and_load
  File "<frozen importlib._bootstrap>", line 1331, in _find_and_load_unlocked
  File "<frozen importlib._bootstrap>", line 935, in _load_unlocked
  File "<frozen importlib._bootstrap_external>", line 995, in exec_module
  File "<frozen importlib._bootstrap>", line 488, in _call_with_frames_removed
  File "/home/ubuntu/tmath/tmath/urls.py", line 740, in <module>
    path('api/verify-admin/', verify_admin, name='verify_admin'),
                              ^^^^^^^^^^^^
NameError: name 'verify_admin' is not defined
ERROR 2026-09-20 14:56:00,274 signal Signal handler <bound method DjangoFixup.on_import_modules of <celery.fixups.django.DjangoFixup object at 0x78a2694861e0>> raised: NameError("name 'verify_admin' is not defined")
Traceback (most recent call last):
  File "/home/ubuntu/tmath/.venv/lib/python3.12/site-packages/celery/utils/dispatch/signal.py", line 280, in send
    response = receiver(signal=self, sender=sender, **named)
               ^^^^^^^^^^^^^^^^^^^^^^^^^^^^^^^^^^^^^^^^^^^^^
  File "/home/ubuntu/tmath/.venv/lib/python3.12/site-packages/celery/fixups/django.py", line 103, in on_import_modules
    self.worker_fixup.validate_models()
  File "/home/ubuntu/tmath/.venv/lib/python3.12/site-packages/celery/fixups/django.py", line 154, in validate_models
    run_checks()
  File "/home/ubuntu/tmath/.venv/lib/python3.12/site-packages/django/core/checks/registry.py", line 88, in run_checks
    new_errors = check(app_configs=app_configs, databases=databases)
                 ^^^^^^^^^^^^^^^^^^^^^^^^^^^^^^^^^^^^^^^^^^^^^^^^^^^
  File "/home/ubuntu/tmath/.venv/lib/python3.12/site-packages/django/core/checks/urls.py", line 14, in check_url_config
    return check_resolver(resolver)
           ^^^^^^^^^^^^^^^^^^^^^^^^
  File "/home/ubuntu/tmath/.venv/lib/python3.12/site-packages/django/core/checks/urls.py", line 24, in check_resolver
    return check_method()
           ^^^^^^^^^^^^^^
  File "/home/ubuntu/tmath/.venv/lib/python3.12/site-packages/django/urls/resolvers.py", line 494, in check
    for pattern in self.url_patterns:
                   ^^^^^^^^^^^^^^^^^
  File "/home/ubuntu/tmath/.venv/lib/python3.12/site-packages/django/utils/functional.py", line 57, in __get__
    res = instance.__dict__[self.name] = self.func(instance)
                                         ^^^^^^^^^^^^^^^^^^^
  File "/home/ubuntu/tmath/.venv/lib/python3.12/site-packages/django/urls/resolvers.py", line 715, in url_patterns
    patterns = getattr(self.urlconf_module, "urlpatterns", self.urlconf_module)
                       ^^^^^^^^^^^^^^^^^^^
  File "/home/ubuntu/tmath/.venv/lib/python3.12/site-packages/django/utils/functional.py", line 57, in __get__
    res = instance.__dict__[self.name] = self.func(instance)
                                         ^^^^^^^^^^^^^^^^^^^
  File "/home/ubuntu/tmath/.venv/lib/python3.12/site-packages/django/urls/resolvers.py", line 708, in urlconf_module
    return import_module(self.urlconf_name)
           ^^^^^^^^^^^^^^^^^^^^^^^^^^^^^^^^
  File "/usr/lib/python3.12/importlib/__init__.py", line 90, in import_module
    return _bootstrap._gcd_import(name[level:], package, level)
           ^^^^^^^^^^^^^^^^^^^^^^^^^^^^^^^^^^^^^^^^^^^^^^^^^^^^
  File "<frozen importlib._bootstrap>", line 1387, in _gcd_import
  File "<frozen importlib._bootstrap>", line 1360, in _find_and_load
  File "<frozen importlib._bootstrap>", line 1331, in _find_and_load_unlocked
  File "<frozen importlib._bootstrap>", line 935, in _load_unlocked
  File "<frozen importlib._bootstrap_external>", line 995, in exec_module
  File "<frozen importlib._bootstrap>", line 488, in _call_with_frames_removed
  File "/home/ubuntu/tmath/tmath/urls.py", line 740, in <module>
    path('api/verify-admin/', verify_admin, name='verify_admin'),
                              ^^^^^^^^^^^^
NameError: name 'verify_admin' is not defined
Traceback (most recent call last):
  File "/home/ubuntu/tmath/.venv/bin/celery", line 6, in <module>
    sys.exit(main())
             ^^^^^^
  File "/home/ubuntu/tmath/.venv/lib/python3.12/site-packages/celery/__main__.py", line 15, in main
    sys.exit(_main())
             ^^^^^^^
  File "/home/ubuntu/tmath/.venv/lib/python3.12/site-packages/celery/bin/celery.py", line 227, in main
    return celery(auto_envvar_prefix="CELERY")
           ^^^^^^^^^^^^^^^^^^^^^^^^^^^^^^^^^^^
  File "/home/ubuntu/tmath/.venv/lib/python3.12/site-packages/click/core.py", line 1569, in __call__
    return self.main(*args, **kwargs)
           ^^^^^^^^^^^^^^^^^^^^^^^^^^
  File "/home/ubuntu/tmath/.venv/lib/python3.12/site-packages/click/core.py", line 1490, in main
    rv = self.invoke(ctx)
         ^^^^^^^^^^^^^^^^
  File "/home/ubuntu/tmath/.venv/lib/python3.12/site-packages/click/core.py", line 1970, in invoke
    return _process_result(sub_ctx.command.invoke(sub_ctx))
                           ^^^^^^^^^^^^^^^^^^^^^^^^^^^^^^^
  File "/home/ubuntu/tmath/.venv/lib/python3.12/site-packages/click/core.py", line 1353, in invoke
    return ctx.invoke(self.callback, **ctx.params)
           ^^^^^^^^^^^^^^^^^^^^^^^^^^^^^^^^^^^^^^^
  File "/home/ubuntu/tmath/.venv/lib/python3.12/site-packages/click/core.py", line 907, in invoke
    return callback(*args, **kwargs)
           ^^^^^^^^^^^^^^^^^^^^^^^^^
  File "/home/ubuntu/tmath/.venv/lib/python3.12/site-packages/click/decorators.py", line 34, in new_func
    return f(get_current_context(), *args, **kwargs)
           ^^^^^^^^^^^^^^^^^^^^^^^^^^^^^^^^^^^^^^^^^
  File "/home/ubuntu/tmath/.venv/lib/python3.12/site-packages/celery/bin/base.py", line 158, in caller
    return f(ctx, *args, **kwargs)
           ^^^^^^^^^^^^^^^^^^^^^^^
  File "/home/ubuntu/tmath/.venv/lib/python3.12/site-packages/celery/bin/worker.py", line 359, in worker
    worker = app.Worker(
             ^^^^^^^^^^^
  File "/home/ubuntu/tmath/.venv/lib/python3.12/site-packages/celery/worker/worker.py", line 94, in __init__
    self.app.loader.init_worker()
  File "/home/ubuntu/tmath/.venv/lib/python3.12/site-packages/celery/loaders/base.py", line 110, in init_worker
    self.import_default_modules()
  File "/home/ubuntu/tmath/.venv/lib/python3.12/site-packages/celery/loaders/base.py", line 104, in import_default_modules
    raise response
  File "/home/ubuntu/tmath/.venv/lib/python3.12/site-packages/celery/utils/dispatch/signal.py", line 280, in send
    response = receiver(signal=self, sender=sender, **named)
               ^^^^^^^^^^^^^^^^^^^^^^^^^^^^^^^^^^^^^^^^^^^^^
  File "/home/ubuntu/tmath/.venv/lib/python3.12/site-packages/celery/fixups/django.py", line 103, in on_import_modules
    self.worker_fixup.validate_models()
  File "/home/ubuntu/tmath/.venv/lib/python3.12/site-packages/celery/fixups/django.py", line 154, in validate_models
    run_checks()
  File "/home/ubuntu/tmath/.venv/lib/python3.12/site-packages/django/core/checks/registry.py", line 88, in run_checks
    new_errors = check(app_configs=app_configs, databases=databases)
                 ^^^^^^^^^^^^^^^^^^^^^^^^^^^^^^^^^^^^^^^^^^^^^^^^^^^
  File "/home/ubuntu/tmath/.venv/lib/python3.12/site-packages/django/core/checks/urls.py", line 14, in check_url_config
    return check_resolver(resolver)
           ^^^^^^^^^^^^^^^^^^^^^^^^
  File "/home/ubuntu/tmath/.venv/lib/python3.12/site-packages/django/core/checks/urls.py", line 24, in check_resolver
    return check_method()
           ^^^^^^^^^^^^^^
  File "/home/ubuntu/tmath/.venv/lib/python3.12/site-packages/django/urls/resolvers.py", line 494, in check
    for pattern in self.url_patterns:
                   ^^^^^^^^^^^^^^^^^
  File "/home/ubuntu/tmath/.venv/lib/python3.12/site-packages/django/utils/functional.py", line 57, in __get__
    res = instance.__dict__[self.name] = self.func(instance)
                                         ^^^^^^^^^^^^^^^^^^^
  File "/home/ubuntu/tmath/.venv/lib/python3.12/site-packages/django/urls/resolvers.py", line 715, in url_patterns
    patterns = getattr(self.urlconf_module, "urlpatterns", self.urlconf_module)
                       ^^^^^^^^^^^^^^^^^^^
  File "/home/ubuntu/tmath/.venv/lib/python3.12/site-packages/django/utils/functional.py", line 57, in __get__
    res = instance.__dict__[self.name] = self.func(instance)
                                         ^^^^^^^^^^^^^^^^^^^
  File "/home/ubuntu/tmath/.venv/lib/python3.12/site-packages/django/urls/resolvers.py", line 708, in urlconf_module
    return import_module(self.urlconf_name)
           ^^^^^^^^^^^^^^^^^^^^^^^^^^^^^^^^
  File "/usr/lib/python3.12/importlib/__init__.py", line 90, in import_module
    return _bootstrap._gcd_import(name[level:], package, level)
           ^^^^^^^^^^^^^^^^^^^^^^^^^^^^^^^^^^^^^^^^^^^^^^^^^^^^
  File "<frozen importlib._bootstrap>", line 1387, in _gcd_import
  File "<frozen importlib._bootstrap>", line 1360, in _find_and_load
  File "<frozen importlib._bootstrap>", line 1331, in _find_and_load_unlocked
  File "<frozen importlib._bootstrap>", line 935, in _load_unlocked
  File "<frozen importlib._bootstrap_external>", line 995, in exec_module
  File "<frozen importlib._bootstrap>", line 488, in _call_with_frames_removed
  File "/home/ubuntu/tmath/tmath/urls.py", line 740, in <module>
    path('api/verify-admin/', verify_admin, name='verify_admin'),
                              ^^^^^^^^^^^^
NameError: name 'verify_admin' is not defined
ERROR 2026-09-20 14:56:02,596 signal Signal handler <bound method DjangoFixup.on_import_modules of <celery.fixups.django.DjangoFixup object at 0x788682319460>> raised: NameError("name 'verify_admin' is not defined")
Traceback (most recent call last):
  File "/home/ubuntu/tmath/.venv/lib/python3.12/site-packages/celery/utils/dispatch/signal.py", line 280, in send
    response = receiver(signal=self, sender=sender, **named)
               ^^^^^^^^^^^^^^^^^^^^^^^^^^^^^^^^^^^^^^^^^^^^^
  File "/home/ubuntu/tmath/.venv/lib/python3.12/site-packages/celery/fixups/django.py", line 103, in on_import_modules
    self.worker_fixup.validate_models()
  File "/home/ubuntu/tmath/.venv/lib/python3.12/site-packages/celery/fixups/django.py", line 154, in validate_models
    run_checks()
  File "/home/ubuntu/tmath/.venv/lib/python3.12/site-packages/django/core/checks/registry.py", line 88, in run_checks
    new_errors = check(app_configs=app_configs, databases=databases)
                 ^^^^^^^^^^^^^^^^^^^^^^^^^^^^^^^^^^^^^^^^^^^^^^^^^^^
  File "/home/ubuntu/tmath/.venv/lib/python3.12/site-packages/django/core/checks/urls.py", line 14, in check_url_config
    return check_resolver(resolver)
           ^^^^^^^^^^^^^^^^^^^^^^^^
  File "/home/ubuntu/tmath/.venv/lib/python3.12/site-packages/django/core/checks/urls.py", line 24, in check_resolver
    return check_method()
           ^^^^^^^^^^^^^^
  File "/home/ubuntu/tmath/.venv/lib/python3.12/site-packages/django/urls/resolvers.py", line 494, in check
    for pattern in self.url_patterns:
                   ^^^^^^^^^^^^^^^^^
  File "/home/ubuntu/tmath/.venv/lib/python3.12/site-packages/django/utils/functional.py", line 57, in __get__
    res = instance.__dict__[self.name] = self.func(instance)
                                         ^^^^^^^^^^^^^^^^^^^
  File "/home/ubuntu/tmath/.venv/lib/python3.12/site-packages/django/urls/resolvers.py", line 715, in url_patterns
    patterns = getattr(self.urlconf_module, "urlpatterns", self.urlconf_module)
                       ^^^^^^^^^^^^^^^^^^^
  File "/home/ubuntu/tmath/.venv/lib/python3.12/site-packages/django/utils/functional.py", line 57, in __get__
    res = instance.__dict__[self.name] = self.func(instance)
                                         ^^^^^^^^^^^^^^^^^^^
  File "/home/ubuntu/tmath/.venv/lib/python3.12/site-packages/django/urls/resolvers.py", line 708, in urlconf_module
    return import_module(self.urlconf_name)
           ^^^^^^^^^^^^^^^^^^^^^^^^^^^^^^^^
  File "/usr/lib/python3.12/importlib/__init__.py", line 90, in import_module
    return _bootstrap._gcd_import(name[level:], package, level)
           ^^^^^^^^^^^^^^^^^^^^^^^^^^^^^^^^^^^^^^^^^^^^^^^^^^^^
  File "<frozen importlib._bootstrap>", line 1387, in _gcd_import
  File "<frozen importlib._bootstrap>", line 1360, in _find_and_load
  File "<frozen importlib._bootstrap>", line 1331, in _find_and_load_unlocked
  File "<frozen importlib._bootstrap>", line 935, in _load_unlocked
  File "<frozen importlib._bootstrap_external>", line 995, in exec_module
  File "<frozen importlib._bootstrap>", line 488, in _call_with_frames_removed
  File "/home/ubuntu/tmath/tmath/urls.py", line 740, in <module>
    path('api/verify-admin/', verify_admin, name='verify_admin'),
                              ^^^^^^^^^^^^
NameError: name 'verify_admin' is not defined
Traceback (most recent call last):
  File "/home/ubuntu/tmath/.venv/bin/celery", line 6, in <module>
    sys.exit(main())
             ^^^^^^
  File "/home/ubuntu/tmath/.venv/lib/python3.12/site-packages/celery/__main__.py", line 15, in main
    sys.exit(_main())
             ^^^^^^^
  File "/home/ubuntu/tmath/.venv/lib/python3.12/site-packages/celery/bin/celery.py", line 227, in main
    return celery(auto_envvar_prefix="CELERY")
           ^^^^^^^^^^^^^^^^^^^^^^^^^^^^^^^^^^^
  File "/home/ubuntu/tmath/.venv/lib/python3.12/site-packages/click/core.py", line 1569, in __call__
    return self.main(*args, **kwargs)
           ^^^^^^^^^^^^^^^^^^^^^^^^^^
  File "/home/ubuntu/tmath/.venv/lib/python3.12/site-packages/click/core.py", line 1490, in main
    rv = self.invoke(ctx)
         ^^^^^^^^^^^^^^^^
  File "/home/ubuntu/tmath/.venv/lib/python3.12/site-packages/click/core.py", line 1970, in invoke
    return _process_result(sub_ctx.command.invoke(sub_ctx))
                           ^^^^^^^^^^^^^^^^^^^^^^^^^^^^^^^
  File "/home/ubuntu/tmath/.venv/lib/python3.12/site-packages/click/core.py", line 1353, in invoke
    return ctx.invoke(self.callback, **ctx.params)
           ^^^^^^^^^^^^^^^^^^^^^^^^^^^^^^^^^^^^^^^
  File "/home/ubuntu/tmath/.venv/lib/python3.12/site-packages/click/core.py", line 907, in invoke
    return callback(*args, **kwargs)
           ^^^^^^^^^^^^^^^^^^^^^^^^^
  File "/home/ubuntu/tmath/.venv/lib/python3.12/site-packages/click/decorators.py", line 34, in new_func
    return f(get_current_context(), *args, **kwargs)
           ^^^^^^^^^^^^^^^^^^^^^^^^^^^^^^^^^^^^^^^^^
  File "/home/ubuntu/tmath/.venv/lib/python3.12/site-packages/celery/bin/base.py", line 158, in caller
    return f(ctx, *args, **kwargs)
           ^^^^^^^^^^^^^^^^^^^^^^^
  File "/home/ubuntu/tmath/.venv/lib/python3.12/site-packages/celery/bin/worker.py", line 359, in worker
    worker = app.Worker(
             ^^^^^^^^^^^
  File "/home/ubuntu/tmath/.venv/lib/python3.12/site-packages/celery/worker/worker.py", line 94, in __init__
    self.app.loader.init_worker()
  File "/home/ubuntu/tmath/.venv/lib/python3.12/site-packages/celery/loaders/base.py", line 110, in init_worker
    self.import_default_modules()
  File "/home/ubuntu/tmath/.venv/lib/python3.12/site-packages/celery/loaders/base.py", line 104, in import_default_modules
    raise response
  File "/home/ubuntu/tmath/.venv/lib/python3.12/site-packages/celery/utils/dispatch/signal.py", line 280, in send
    response = receiver(signal=self, sender=sender, **named)
               ^^^^^^^^^^^^^^^^^^^^^^^^^^^^^^^^^^^^^^^^^^^^^
  File "/home/ubuntu/tmath/.venv/lib/python3.12/site-packages/celery/fixups/django.py", line 103, in on_import_modules
    self.worker_fixup.validate_models()
  File "/home/ubuntu/tmath/.venv/lib/python3.12/site-packages/celery/fixups/django.py", line 154, in validate_models
    run_checks()
  File "/home/ubuntu/tmath/.venv/lib/python3.12/site-packages/django/core/checks/registry.py", line 88, in run_checks
    new_errors = check(app_configs=app_configs, databases=databases)
                 ^^^^^^^^^^^^^^^^^^^^^^^^^^^^^^^^^^^^^^^^^^^^^^^^^^^
  File "/home/ubuntu/tmath/.venv/lib/python3.12/site-packages/django/core/checks/urls.py", line 14, in check_url_config
    return check_resolver(resolver)
           ^^^^^^^^^^^^^^^^^^^^^^^^
  File "/home/ubuntu/tmath/.venv/lib/python3.12/site-packages/django/core/checks/urls.py", line 24, in check_resolver
    return check_method()
           ^^^^^^^^^^^^^^
  File "/home/ubuntu/tmath/.venv/lib/python3.12/site-packages/django/urls/resolvers.py", line 494, in check
    for pattern in self.url_patterns:
                   ^^^^^^^^^^^^^^^^^
  File "/home/ubuntu/tmath/.venv/lib/python3.12/site-packages/django/utils/functional.py", line 57, in __get__
    res = instance.__dict__[self.name] = self.func(instance)
                                         ^^^^^^^^^^^^^^^^^^^
  File "/home/ubuntu/tmath/.venv/lib/python3.12/site-packages/django/urls/resolvers.py", line 715, in url_patterns
    patterns = getattr(self.urlconf_module, "urlpatterns", self.urlconf_module)
                       ^^^^^^^^^^^^^^^^^^^
  File "/home/ubuntu/tmath/.venv/lib/python3.12/site-packages/django/utils/functional.py", line 57, in __get__
    res = instance.__dict__[self.name] = self.func(instance)
                                         ^^^^^^^^^^^^^^^^^^^
  File "/home/ubuntu/tmath/.venv/lib/python3.12/site-packages/django/urls/resolvers.py", line 708, in urlconf_module
    return import_module(self.urlconf_name)
           ^^^^^^^^^^^^^^^^^^^^^^^^^^^^^^^^
  File "/usr/lib/python3.12/importlib/__init__.py", line 90, in import_module
    return _bootstrap._gcd_import(name[level:], package, level)
           ^^^^^^^^^^^^^^^^^^^^^^^^^^^^^^^^^^^^^^^^^^^^^^^^^^^^
  File "<frozen importlib._bootstrap>", line 1387, in _gcd_import
  File "<frozen importlib._bootstrap>", line 1360, in _find_and_load
  File "<frozen importlib._bootstrap>", line 1331, in _find_and_load_unlocked
  File "<frozen importlib._bootstrap>", line 935, in _load_unlocked
  File "<frozen importlib._bootstrap_external>", line 995, in exec_module
  File "<frozen importlib._bootstrap>", line 488, in _call_with_frames_removed
  File "/home/ubuntu/tmath/tmath/urls.py", line 740, in <module>
    path('api/verify-admin/', verify_admin, name='verify_admin'),
                              ^^^^^^^^^^^^
NameError: name 'verify_admin' is not defined
ERROR 2026-09-20 14:56:04,863 signal Signal handler <bound method DjangoFixup.on_import_modules of <celery.fixups.django.DjangoFixup object at 0x7ca302241160>> raised: NameError("name 'verify_admin' is not defined")
Traceback (most recent call last):
  File "/home/ubuntu/tmath/.venv/lib/python3.12/site-packages/celery/utils/dispatch/signal.py", line 280, in send
    response = receiver(signal=self, sender=sender, **named)
               ^^^^^^^^^^^^^^^^^^^^^^^^^^^^^^^^^^^^^^^^^^^^^
  File "/home/ubuntu/tmath/.venv/lib/python3.12/site-packages/celery/fixups/django.py", line 103, in on_import_modules
    self.worker_fixup.validate_models()
  File "/home/ubuntu/tmath/.venv/lib/python3.12/site-packages/celery/fixups/django.py", line 154, in validate_models
    run_checks()
  File "/home/ubuntu/tmath/.venv/lib/python3.12/site-packages/django/core/checks/registry.py", line 88, in run_checks
    new_errors = check(app_configs=app_configs, databases=databases)
                 ^^^^^^^^^^^^^^^^^^^^^^^^^^^^^^^^^^^^^^^^^^^^^^^^^^^
  File "/home/ubuntu/tmath/.venv/lib/python3.12/site-packages/django/core/checks/urls.py", line 14, in check_url_config
    return check_resolver(resolver)
           ^^^^^^^^^^^^^^^^^^^^^^^^
  File "/home/ubuntu/tmath/.venv/lib/python3.12/site-packages/django/core/checks/urls.py", line 24, in check_resolver
    return check_method()
           ^^^^^^^^^^^^^^
  File "/home/ubuntu/tmath/.venv/lib/python3.12/site-packages/django/urls/resolvers.py", line 494, in check
    for pattern in self.url_patterns:
                   ^^^^^^^^^^^^^^^^^
  File "/home/ubuntu/tmath/.venv/lib/python3.12/site-packages/django/utils/functional.py", line 57, in __get__
    res = instance.__dict__[self.name] = self.func(instance)
                                         ^^^^^^^^^^^^^^^^^^^
  File "/home/ubuntu/tmath/.venv/lib/python3.12/site-packages/django/urls/resolvers.py", line 715, in url_patterns
    patterns = getattr(self.urlconf_module, "urlpatterns", self.urlconf_module)
                       ^^^^^^^^^^^^^^^^^^^
  File "/home/ubuntu/tmath/.venv/lib/python3.12/site-packages/django/utils/functional.py", line 57, in __get__
    res = instance.__dict__[self.name] = self.func(instance)
                                         ^^^^^^^^^^^^^^^^^^^
  File "/home/ubuntu/tmath/.venv/lib/python3.12/site-packages/django/urls/resolvers.py", line 708, in urlconf_module
    return import_module(self.urlconf_name)
           ^^^^^^^^^^^^^^^^^^^^^^^^^^^^^^^^
  File "/usr/lib/python3.12/importlib/__init__.py", line 90, in import_module
    return _bootstrap._gcd_import(name[level:], package, level)
           ^^^^^^^^^^^^^^^^^^^^^^^^^^^^^^^^^^^^^^^^^^^^^^^^^^^^
  File "<frozen importlib._bootstrap>", line 1387, in _gcd_import
  File "<frozen importlib._bootstrap>", line 1360, in _find_and_load
  File "<frozen importlib._bootstrap>", line 1331, in _find_and_load_unlocked
  File "<frozen importlib._bootstrap>", line 935, in _load_unlocked
  File "<frozen importlib._bootstrap_external>", line 995, in exec_module
  File "<frozen importlib._bootstrap>", line 488, in _call_with_frames_removed
  File "/home/ubuntu/tmath/tmath/urls.py", line 740, in <module>
    path('api/verify-admin/', verify_admin, name='verify_admin'),
                              ^^^^^^^^^^^^
NameError: name 'verify_admin' is not defined
Traceback (most recent call last):
  File "/home/ubuntu/tmath/.venv/bin/celery", line 6, in <module>
    sys.exit(main())
             ^^^^^^
  File "/home/ubuntu/tmath/.venv/lib/python3.12/site-packages/celery/__main__.py", line 15, in main
    sys.exit(_main())
             ^^^^^^^
  File "/home/ubuntu/tmath/.venv/lib/python3.12/site-packages/celery/bin/celery.py", line 227, in main
    return celery(auto_envvar_prefix="CELERY")
           ^^^^^^^^^^^^^^^^^^^^^^^^^^^^^^^^^^^
  File "/home/ubuntu/tmath/.venv/lib/python3.12/site-packages/click/core.py", line 1569, in __call__
    return self.main(*args, **kwargs)
           ^^^^^^^^^^^^^^^^^^^^^^^^^^
  File "/home/ubuntu/tmath/.venv/lib/python3.12/site-packages/click/core.py", line 1490, in main
    rv = self.invoke(ctx)
         ^^^^^^^^^^^^^^^^
  File "/home/ubuntu/tmath/.venv/lib/python3.12/site-packages/click/core.py", line 1970, in invoke
    return _process_result(sub_ctx.command.invoke(sub_ctx))
                           ^^^^^^^^^^^^^^^^^^^^^^^^^^^^^^^
  File "/home/ubuntu/tmath/.venv/lib/python3.12/site-packages/click/core.py", line 1353, in invoke
    return ctx.invoke(self.callback, **ctx.params)
           ^^^^^^^^^^^^^^^^^^^^^^^^^^^^^^^^^^^^^^^
  File "/home/ubuntu/tmath/.venv/lib/python3.12/site-packages/click/core.py", line 907, in invoke
    return callback(*args, **kwargs)
           ^^^^^^^^^^^^^^^^^^^^^^^^^
  File "/home/ubuntu/tmath/.venv/lib/python3.12/site-packages/click/decorators.py", line 34, in new_func
    return f(get_current_context(), *args, **kwargs)
           ^^^^^^^^^^^^^^^^^^^^^^^^^^^^^^^^^^^^^^^^^
  File "/home/ubuntu/tmath/.venv/lib/python3.12/site-packages/celery/bin/base.py", line 158, in caller
    return f(ctx, *args, **kwargs)
           ^^^^^^^^^^^^^^^^^^^^^^^
  File "/home/ubuntu/tmath/.venv/lib/python3.12/site-packages/celery/bin/worker.py", line 359, in worker
    worker = app.Worker(
             ^^^^^^^^^^^
  File "/home/ubuntu/tmath/.venv/lib/python3.12/site-packages/celery/worker/worker.py", line 94, in __init__
    self.app.loader.init_worker()
  File "/home/ubuntu/tmath/.venv/lib/python3.12/site-packages/celery/loaders/base.py", line 110, in init_worker
    self.import_default_modules()
  File "/home/ubuntu/tmath/.venv/lib/python3.12/site-packages/celery/loaders/base.py", line 104, in import_default_modules
    raise response
  File "/home/ubuntu/tmath/.venv/lib/python3.12/site-packages/celery/utils/dispatch/signal.py", line 280, in send
    response = receiver(signal=self, sender=sender, **named)
               ^^^^^^^^^^^^^^^^^^^^^^^^^^^^^^^^^^^^^^^^^^^^^
  File "/home/ubuntu/tmath/.venv/lib/python3.12/site-packages/celery/fixups/django.py", line 103, in on_import_modules
    self.worker_fixup.validate_models()
  File "/home/ubuntu/tmath/.venv/lib/python3.12/site-packages/celery/fixups/django.py", line 154, in validate_models
    run_checks()
  File "/home/ubuntu/tmath/.venv/lib/python3.12/site-packages/django/core/checks/registry.py", line 88, in run_checks
    new_errors = check(app_configs=app_configs, databases=databases)
                 ^^^^^^^^^^^^^^^^^^^^^^^^^^^^^^^^^^^^^^^^^^^^^^^^^^^
  File "/home/ubuntu/tmath/.venv/lib/python3.12/site-packages/django/core/checks/urls.py", line 14, in check_url_config
    return check_resolver(resolver)
           ^^^^^^^^^^^^^^^^^^^^^^^^
  File "/home/ubuntu/tmath/.venv/lib/python3.12/site-packages/django/core/checks/urls.py", line 24, in check_resolver
    return check_method()
           ^^^^^^^^^^^^^^
  File "/home/ubuntu/tmath/.venv/lib/python3.12/site-packages/django/urls/resolvers.py", line 494, in check
    for pattern in self.url_patterns:
                   ^^^^^^^^^^^^^^^^^
  File "/home/ubuntu/tmath/.venv/lib/python3.12/site-packages/django/utils/functional.py", line 57, in __get__
    res = instance.__dict__[self.name] = self.func(instance)
                                         ^^^^^^^^^^^^^^^^^^^
  File "/home/ubuntu/tmath/.venv/lib/python3.12/site-packages/django/urls/resolvers.py", line 715, in url_patterns
    patterns = getattr(self.urlconf_module, "urlpatterns", self.urlconf_module)
                       ^^^^^^^^^^^^^^^^^^^
  File "/home/ubuntu/tmath/.venv/lib/python3.12/site-packages/django/utils/functional.py", line 57, in __get__
    res = instance.__dict__[self.name] = self.func(instance)
                                         ^^^^^^^^^^^^^^^^^^^
  File "/home/ubuntu/tmath/.venv/lib/python3.12/site-packages/django/urls/resolvers.py", line 708, in urlconf_module
    return import_module(self.urlconf_name)
           ^^^^^^^^^^^^^^^^^^^^^^^^^^^^^^^^
  File "/usr/lib/python3.12/importlib/__init__.py", line 90, in import_module
    return _bootstrap._gcd_import(name[level:], package, level)
           ^^^^^^^^^^^^^^^^^^^^^^^^^^^^^^^^^^^^^^^^^^^^^^^^^^^^
  File "<frozen importlib._bootstrap>", line 1387, in _gcd_import
  File "<frozen importlib._bootstrap>", line 1360, in _find_and_load
  File "<frozen importlib._bootstrap>", line 1331, in _find_and_load_unlocked
  File "<frozen importlib._bootstrap>", line 935, in _load_unlocked
  File "<frozen importlib._bootstrap_external>", line 995, in exec_module
  File "<frozen importlib._bootstrap>", line 488, in _call_with_frames_removed
  File "/home/ubuntu/tmath/tmath/urls.py", line 740, in <module>
    path('api/verify-admin/', verify_admin, name='verify_admin'),
                              ^^^^^^^^^^^^
NameError: name 'verify_admin' is not defined
ERROR 2026-09-20 14:56:07,051 signal Signal handler <bound method DjangoFixup.on_import_modules of <celery.fixups.django.DjangoFixup object at 0x7e9abc0abb60>> raised: NameError("name 'verify_admin' is not defined")
Traceback (most recent call last):
  File "/home/ubuntu/tmath/.venv/lib/python3.12/site-packages/celery/utils/dispatch/signal.py", line 280, in send
    response = receiver(signal=self, sender=sender, **named)
               ^^^^^^^^^^^^^^^^^^^^^^^^^^^^^^^^^^^^^^^^^^^^^
  File "/home/ubuntu/tmath/.venv/lib/python3.12/site-packages/celery/fixups/django.py", line 103, in on_import_modules
    self.worker_fixup.validate_models()
  File "/home/ubuntu/tmath/.venv/lib/python3.12/site-packages/celery/fixups/django.py", line 154, in validate_models
    run_checks()
  File "/home/ubuntu/tmath/.venv/lib/python3.12/site-packages/django/core/checks/registry.py", line 88, in run_checks
    new_errors = check(app_configs=app_configs, databases=databases)
                 ^^^^^^^^^^^^^^^^^^^^^^^^^^^^^^^^^^^^^^^^^^^^^^^^^^^
  File "/home/ubuntu/tmath/.venv/lib/python3.12/site-packages/django/core/checks/urls.py", line 14, in check_url_config
    return check_resolver(resolver)
           ^^^^^^^^^^^^^^^^^^^^^^^^
  File "/home/ubuntu/tmath/.venv/lib/python3.12/site-packages/django/core/checks/urls.py", line 24, in check_resolver
    return check_method()
           ^^^^^^^^^^^^^^
  File "/home/ubuntu/tmath/.venv/lib/python3.12/site-packages/django/urls/resolvers.py", line 494, in check
    for pattern in self.url_patterns:
                   ^^^^^^^^^^^^^^^^^
  File "/home/ubuntu/tmath/.venv/lib/python3.12/site-packages/django/utils/functional.py", line 57, in __get__
    res = instance.__dict__[self.name] = self.func(instance)
                                         ^^^^^^^^^^^^^^^^^^^
  File "/home/ubuntu/tmath/.venv/lib/python3.12/site-packages/django/urls/resolvers.py", line 715, in url_patterns
    patterns = getattr(self.urlconf_module, "urlpatterns", self.urlconf_module)
                       ^^^^^^^^^^^^^^^^^^^
  File "/home/ubuntu/tmath/.venv/lib/python3.12/site-packages/django/utils/functional.py", line 57, in __get__
    res = instance.__dict__[self.name] = self.func(instance)
                                         ^^^^^^^^^^^^^^^^^^^
  File "/home/ubuntu/tmath/.venv/lib/python3.12/site-packages/django/urls/resolvers.py", line 708, in urlconf_module
    return import_module(self.urlconf_name)
           ^^^^^^^^^^^^^^^^^^^^^^^^^^^^^^^^
  File "/usr/lib/python3.12/importlib/__init__.py", line 90, in import_module
    return _bootstrap._gcd_import(name[level:], package, level)
           ^^^^^^^^^^^^^^^^^^^^^^^^^^^^^^^^^^^^^^^^^^^^^^^^^^^^
  File "<frozen importlib._bootstrap>", line 1387, in _gcd_import
  File "<frozen importlib._bootstrap>", line 1360, in _find_and_load
  File "<frozen importlib._bootstrap>", line 1331, in _find_and_load_unlocked
  File "<frozen importlib._bootstrap>", line 935, in _load_unlocked
  File "<frozen importlib._bootstrap_external>", line 995, in exec_module
  File "<frozen importlib._bootstrap>", line 488, in _call_with_frames_removed
  File "/home/ubuntu/tmath/tmath/urls.py", line 740, in <module>
    path('api/verify-admin/', verify_admin, name='verify_admin'),
                              ^^^^^^^^^^^^
NameError: name 'verify_admin' is not defined
Traceback (most recent call last):
  File "/home/ubuntu/tmath/.venv/bin/celery", line 6, in <module>
    sys.exit(main())
             ^^^^^^
  File "/home/ubuntu/tmath/.venv/lib/python3.12/site-packages/celery/__main__.py", line 15, in main
    sys.exit(_main())
             ^^^^^^^
  File "/home/ubuntu/tmath/.venv/lib/python3.12/site-packages/celery/bin/celery.py", line 227, in main
    return celery(auto_envvar_prefix="CELERY")
           ^^^^^^^^^^^^^^^^^^^^^^^^^^^^^^^^^^^
  File "/home/ubuntu/tmath/.venv/lib/python3.12/site-packages/click/core.py", line 1569, in __call__
    return self.main(*args, **kwargs)
           ^^^^^^^^^^^^^^^^^^^^^^^^^^
  File "/home/ubuntu/tmath/.venv/lib/python3.12/site-packages/click/core.py", line 1490, in main
    rv = self.invoke(ctx)
         ^^^^^^^^^^^^^^^^
  File "/home/ubuntu/tmath/.venv/lib/python3.12/site-packages/click/core.py", line 1970, in invoke
    return _process_result(sub_ctx.command.invoke(sub_ctx))
                           ^^^^^^^^^^^^^^^^^^^^^^^^^^^^^^^
  File "/home/ubuntu/tmath/.venv/lib/python3.12/site-packages/click/core.py", line 1353, in invoke
    return ctx.invoke(self.callback, **ctx.params)
           ^^^^^^^^^^^^^^^^^^^^^^^^^^^^^^^^^^^^^^^
  File "/home/ubuntu/tmath/.venv/lib/python3.12/site-packages/click/core.py", line 907, in invoke
    return callback(*args, **kwargs)
           ^^^^^^^^^^^^^^^^^^^^^^^^^
  File "/home/ubuntu/tmath/.venv/lib/python3.12/site-packages/click/decorators.py", line 34, in new_func
    return f(get_current_context(), *args, **kwargs)
           ^^^^^^^^^^^^^^^^^^^^^^^^^^^^^^^^^^^^^^^^^
  File "/home/ubuntu/tmath/.venv/lib/python3.12/site-packages/celery/bin/base.py", line 158, in caller
    return f(ctx, *args, **kwargs)
           ^^^^^^^^^^^^^^^^^^^^^^^
  File "/home/ubuntu/tmath/.venv/lib/python3.12/site-packages/celery/bin/worker.py", line 359, in worker
    worker = app.Worker(
             ^^^^^^^^^^^
  File "/home/ubuntu/tmath/.venv/lib/python3.12/site-packages/celery/worker/worker.py", line 94, in __init__
    self.app.loader.init_worker()
  File "/home/ubuntu/tmath/.venv/lib/python3.12/site-packages/celery/loaders/base.py", line 110, in init_worker
    self.import_default_modules()
  File "/home/ubuntu/tmath/.venv/lib/python3.12/site-packages/celery/loaders/base.py", line 104, in import_default_modules
    raise response
  File "/home/ubuntu/tmath/.venv/lib/python3.12/site-packages/celery/utils/dispatch/signal.py", line 280, in send
    response = receiver(signal=self, sender=sender, **named)
               ^^^^^^^^^^^^^^^^^^^^^^^^^^^^^^^^^^^^^^^^^^^^^
  File "/home/ubuntu/tmath/.venv/lib/python3.12/site-packages/celery/fixups/django.py", line 103, in on_import_modules
    self.worker_fixup.validate_models()
  File "/home/ubuntu/tmath/.venv/lib/python3.12/site-packages/celery/fixups/django.py", line 154, in validate_models
    run_checks()
  File "/home/ubuntu/tmath/.venv/lib/python3.12/site-packages/django/core/checks/registry.py", line 88, in run_checks
    new_errors = check(app_configs=app_configs, databases=databases)
                 ^^^^^^^^^^^^^^^^^^^^^^^^^^^^^^^^^^^^^^^^^^^^^^^^^^^
  File "/home/ubuntu/tmath/.venv/lib/python3.12/site-packages/django/core/checks/urls.py", line 14, in check_url_config
    return check_resolver(resolver)
           ^^^^^^^^^^^^^^^^^^^^^^^^
  File "/home/ubuntu/tmath/.venv/lib/python3.12/site-packages/django/core/checks/urls.py", line 24, in check_resolver
    return check_method()
           ^^^^^^^^^^^^^^
  File "/home/ubuntu/tmath/.venv/lib/python3.12/site-packages/django/urls/resolvers.py", line 494, in check
    for pattern in self.url_patterns:
                   ^^^^^^^^^^^^^^^^^
  File "/home/ubuntu/tmath/.venv/lib/python3.12/site-packages/django/utils/functional.py", line 57, in __get__
    res = instance.__dict__[self.name] = self.func(instance)
                                         ^^^^^^^^^^^^^^^^^^^
  File "/home/ubuntu/tmath/.venv/lib/python3.12/site-packages/django/urls/resolvers.py", line 715, in url_patterns
    patterns = getattr(self.urlconf_module, "urlpatterns", self.urlconf_module)
                       ^^^^^^^^^^^^^^^^^^^
  File "/home/ubuntu/tmath/.venv/lib/python3.12/site-packages/django/utils/functional.py", line 57, in __get__
    res = instance.__dict__[self.name] = self.func(instance)
                                         ^^^^^^^^^^^^^^^^^^^
  File "/home/ubuntu/tmath/.venv/lib/python3.12/site-packages/django/urls/resolvers.py", line 708, in urlconf_module
    return import_module(self.urlconf_name)
           ^^^^^^^^^^^^^^^^^^^^^^^^^^^^^^^^
  File "/usr/lib/python3.12/importlib/__init__.py", line 90, in import_module
    return _bootstrap._gcd_import(name[level:], package, level)
           ^^^^^^^^^^^^^^^^^^^^^^^^^^^^^^^^^^^^^^^^^^^^^^^^^^^^
  File "<frozen importlib._bootstrap>", line 1387, in _gcd_import
  File "<frozen importlib._bootstrap>", line 1360, in _find_and_load
  File "<frozen importlib._bootstrap>", line 1331, in _find_and_load_unlocked
  File "<frozen importlib._bootstrap>", line 935, in _load_unlocked
  File "<frozen importlib._bootstrap_external>", line 995, in exec_module
  File "<frozen importlib._bootstrap>", line 488, in _call_with_frames_removed
  File "/home/ubuntu/tmath/tmath/urls.py", line 740, in <module>
    path('api/verify-admin/', verify_admin, name='verify_admin'),
                              ^^^^^^^^^^^^
NameError: name 'verify_admin' is not defined
ERROR 2026-09-20 14:56:09,355 signal Signal handler <bound method DjangoFixup.on_import_modules of <celery.fixups.django.DjangoFixup object at 0x7faafa9899a0>> raised: NameError("name 'verify_admin' is not defined")
Traceback (most recent call last):
  File "/home/ubuntu/tmath/.venv/lib/python3.12/site-packages/celery/utils/dispatch/signal.py", line 280, in send
    response = receiver(signal=self, sender=sender, **named)
               ^^^^^^^^^^^^^^^^^^^^^^^^^^^^^^^^^^^^^^^^^^^^^
  File "/home/ubuntu/tmath/.venv/lib/python3.12/site-packages/celery/fixups/django.py", line 103, in on_import_modules
    self.worker_fixup.validate_models()
  File "/home/ubuntu/tmath/.venv/lib/python3.12/site-packages/celery/fixups/django.py", line 154, in validate_models
    run_checks()
  File "/home/ubuntu/tmath/.venv/lib/python3.12/site-packages/django/core/checks/registry.py", line 88, in run_checks
    new_errors = check(app_configs=app_configs, databases=databases)
                 ^^^^^^^^^^^^^^^^^^^^^^^^^^^^^^^^^^^^^^^^^^^^^^^^^^^
  File "/home/ubuntu/tmath/.venv/lib/python3.12/site-packages/django/core/checks/urls.py", line 14, in check_url_config
    return check_resolver(resolver)
           ^^^^^^^^^^^^^^^^^^^^^^^^
  File "/home/ubuntu/tmath/.venv/lib/python3.12/site-packages/django/core/checks/urls.py", line 24, in check_resolver
    return check_method()
           ^^^^^^^^^^^^^^
  File "/home/ubuntu/tmath/.venv/lib/python3.12/site-packages/django/urls/resolvers.py", line 494, in check
    for pattern in self.url_patterns:
                   ^^^^^^^^^^^^^^^^^
  File "/home/ubuntu/tmath/.venv/lib/python3.12/site-packages/django/utils/functional.py", line 57, in __get__
    res = instance.__dict__[self.name] = self.func(instance)
                                         ^^^^^^^^^^^^^^^^^^^
  File "/home/ubuntu/tmath/.venv/lib/python3.12/site-packages/django/urls/resolvers.py", line 715, in url_patterns
    patterns = getattr(self.urlconf_module, "urlpatterns", self.urlconf_module)
                       ^^^^^^^^^^^^^^^^^^^
  File "/home/ubuntu/tmath/.venv/lib/python3.12/site-packages/django/utils/functional.py", line 57, in __get__
    res = instance.__dict__[self.name] = self.func(instance)
                                         ^^^^^^^^^^^^^^^^^^^
  File "/home/ubuntu/tmath/.venv/lib/python3.12/site-packages/django/urls/resolvers.py", line 708, in urlconf_module
    return import_module(self.urlconf_name)
           ^^^^^^^^^^^^^^^^^^^^^^^^^^^^^^^^
  File "/usr/lib/python3.12/importlib/__init__.py", line 90, in import_module
    return _bootstrap._gcd_import(name[level:], package, level)
           ^^^^^^^^^^^^^^^^^^^^^^^^^^^^^^^^^^^^^^^^^^^^^^^^^^^^
  File "<frozen importlib._bootstrap>", line 1387, in _gcd_import
  File "<frozen importlib._bootstrap>", line 1360, in _find_and_load
  File "<frozen importlib._bootstrap>", line 1331, in _find_and_load_unlocked
  File "<frozen importlib._bootstrap>", line 935, in _load_unlocked
  File "<frozen importlib._bootstrap_external>", line 995, in exec_module
  File "<frozen importlib._bootstrap>", line 488, in _call_with_frames_removed
  File "/home/ubuntu/tmath/tmath/urls.py", line 740, in <module>
    path('api/verify-admin/', verify_admin, name='verify_admin'),
                              ^^^^^^^^^^^^
NameError: name 'verify_admin' is not defined
Traceback (most recent call last):
  File "/home/ubuntu/tmath/.venv/bin/celery", line 6, in <module>
    sys.exit(main())
             ^^^^^^
  File "/home/ubuntu/tmath/.venv/lib/python3.12/site-packages/celery/__main__.py", line 15, in main
    sys.exit(_main())
             ^^^^^^^
  File "/home/ubuntu/tmath/.venv/lib/python3.12/site-packages/celery/bin/celery.py", line 227, in main
    return celery(auto_envvar_prefix="CELERY")
           ^^^^^^^^^^^^^^^^^^^^^^^^^^^^^^^^^^^
  File "/home/ubuntu/tmath/.venv/lib/python3.12/site-packages/click/core.py", line 1569, in __call__
    return self.main(*args, **kwargs)
           ^^^^^^^^^^^^^^^^^^^^^^^^^^
  File "/home/ubuntu/tmath/.venv/lib/python3.12/site-packages/click/core.py", line 1490, in main
    rv = self.invoke(ctx)
         ^^^^^^^^^^^^^^^^
  File "/home/ubuntu/tmath/.venv/lib/python3.12/site-packages/click/core.py", line 1970, in invoke
    return _process_result(sub_ctx.command.invoke(sub_ctx))
                           ^^^^^^^^^^^^^^^^^^^^^^^^^^^^^^^
  File "/home/ubuntu/tmath/.venv/lib/python3.12/site-packages/click/core.py", line 1353, in invoke
    return ctx.invoke(self.callback, **ctx.params)
           ^^^^^^^^^^^^^^^^^^^^^^^^^^^^^^^^^^^^^^^
  File "/home/ubuntu/tmath/.venv/lib/python3.12/site-packages/click/core.py", line 907, in invoke
    return callback(*args, **kwargs)
           ^^^^^^^^^^^^^^^^^^^^^^^^^
  File "/home/ubuntu/tmath/.venv/lib/python3.12/site-packages/click/decorators.py", line 34, in new_func
    return f(get_current_context(), *args, **kwargs)
           ^^^^^^^^^^^^^^^^^^^^^^^^^^^^^^^^^^^^^^^^^
  File "/home/ubuntu/tmath/.venv/lib/python3.12/site-packages/celery/bin/base.py", line 158, in caller
    return f(ctx, *args, **kwargs)
           ^^^^^^^^^^^^^^^^^^^^^^^
  File "/home/ubuntu/tmath/.venv/lib/python3.12/site-packages/celery/bin/worker.py", line 359, in worker
    worker = app.Worker(
             ^^^^^^^^^^^
  File "/home/ubuntu/tmath/.venv/lib/python3.12/site-packages/celery/worker/worker.py", line 94, in __init__
    self.app.loader.init_worker()
  File "/home/ubuntu/tmath/.venv/lib/python3.12/site-packages/celery/loaders/base.py", line 110, in init_worker
    self.import_default_modules()
  File "/home/ubuntu/tmath/.venv/lib/python3.12/site-packages/celery/loaders/base.py", line 104, in import_default_modules
    raise response
  File "/home/ubuntu/tmath/.venv/lib/python3.12/site-packages/celery/utils/dispatch/signal.py", line 280, in send
    response = receiver(signal=self, sender=sender, **named)
               ^^^^^^^^^^^^^^^^^^^^^^^^^^^^^^^^^^^^^^^^^^^^^
  File "/home/ubuntu/tmath/.venv/lib/python3.12/site-packages/celery/fixups/django.py", line 103, in on_import_modules
    self.worker_fixup.validate_models()
  File "/home/ubuntu/tmath/.venv/lib/python3.12/site-packages/celery/fixups/django.py", line 154, in validate_models
    run_checks()
  File "/home/ubuntu/tmath/.venv/lib/python3.12/site-packages/django/core/checks/registry.py", line 88, in run_checks
    new_errors = check(app_configs=app_configs, databases=databases)
                 ^^^^^^^^^^^^^^^^^^^^^^^^^^^^^^^^^^^^^^^^^^^^^^^^^^^
  File "/home/ubuntu/tmath/.venv/lib/python3.12/site-packages/django/core/checks/urls.py", line 14, in check_url_config
    return check_resolver(resolver)
           ^^^^^^^^^^^^^^^^^^^^^^^^
  File "/home/ubuntu/tmath/.venv/lib/python3.12/site-packages/django/core/checks/urls.py", line 24, in check_resolver
    return check_method()
           ^^^^^^^^^^^^^^
  File "/home/ubuntu/tmath/.venv/lib/python3.12/site-packages/django/urls/resolvers.py", line 494, in check
    for pattern in self.url_patterns:
                   ^^^^^^^^^^^^^^^^^
  File "/home/ubuntu/tmath/.venv/lib/python3.12/site-packages/django/utils/functional.py", line 57, in __get__
    res = instance.__dict__[self.name] = self.func(instance)
                                         ^^^^^^^^^^^^^^^^^^^
  File "/home/ubuntu/tmath/.venv/lib/python3.12/site-packages/django/urls/resolvers.py", line 715, in url_patterns
    patterns = getattr(self.urlconf_module, "urlpatterns", self.urlconf_module)
                       ^^^^^^^^^^^^^^^^^^^
  File "/home/ubuntu/tmath/.venv/lib/python3.12/site-packages/django/utils/functional.py", line 57, in __get__
    res = instance.__dict__[self.name] = self.func(instance)
                                         ^^^^^^^^^^^^^^^^^^^
  File "/home/ubuntu/tmath/.venv/lib/python3.12/site-packages/django/urls/resolvers.py", line 708, in urlconf_module
    return import_module(self.urlconf_name)
           ^^^^^^^^^^^^^^^^^^^^^^^^^^^^^^^^
  File "/usr/lib/python3.12/importlib/__init__.py", line 90, in import_module
    return _bootstrap._gcd_import(name[level:], package, level)
           ^^^^^^^^^^^^^^^^^^^^^^^^^^^^^^^^^^^^^^^^^^^^^^^^^^^^
  File "<frozen importlib._bootstrap>", line 1387, in _gcd_import
  File "<frozen importlib._bootstrap>", line 1360, in _find_and_load
  File "<frozen importlib._bootstrap>", line 1331, in _find_and_load_unlocked
  File "<frozen importlib._bootstrap>", line 935, in _load_unlocked
  File "<frozen importlib._bootstrap_external>", line 995, in exec_module
  File "<frozen importlib._bootstrap>", line 488, in _call_with_frames_removed
  File "/home/ubuntu/tmath/tmath/urls.py", line 740, in <module>
    path('api/verify-admin/', verify_admin, name='verify_admin'),
                              ^^^^^^^^^^^^
NameError: name 'verify_admin' is not defined
ERROR 2026-09-20 14:56:11,682 signal Signal handler <bound method DjangoFixup.on_import_modules of <celery.fixups.django.DjangoFixup object at 0x7b031d06bb30>> raised: NameError("name 'verify_admin' is not defined")
Traceback (most recent call last):
  File "/home/ubuntu/tmath/.venv/lib/python3.12/site-packages/celery/utils/dispatch/signal.py", line 280, in send
    response = receiver(signal=self, sender=sender, **named)
               ^^^^^^^^^^^^^^^^^^^^^^^^^^^^^^^^^^^^^^^^^^^^^
  File "/home/ubuntu/tmath/.venv/lib/python3.12/site-packages/celery/fixups/django.py", line 103, in on_import_modules
    self.worker_fixup.validate_models()
  File "/home/ubuntu/tmath/.venv/lib/python3.12/site-packages/celery/fixups/django.py", line 154, in validate_models
    run_checks()
  File "/home/ubuntu/tmath/.venv/lib/python3.12/site-packages/django/core/checks/registry.py", line 88, in run_checks
    new_errors = check(app_configs=app_configs, databases=databases)
                 ^^^^^^^^^^^^^^^^^^^^^^^^^^^^^^^^^^^^^^^^^^^^^^^^^^^
  File "/home/ubuntu/tmath/.venv/lib/python3.12/site-packages/django/core/checks/urls.py", line 14, in check_url_config
    return check_resolver(resolver)
           ^^^^^^^^^^^^^^^^^^^^^^^^
  File "/home/ubuntu/tmath/.venv/lib/python3.12/site-packages/django/core/checks/urls.py", line 24, in check_resolver
    return check_method()
           ^^^^^^^^^^^^^^
  File "/home/ubuntu/tmath/.venv/lib/python3.12/site-packages/django/urls/resolvers.py", line 494, in check
    for pattern in self.url_patterns:
                   ^^^^^^^^^^^^^^^^^
  File "/home/ubuntu/tmath/.venv/lib/python3.12/site-packages/django/utils/functional.py", line 57, in __get__
    res = instance.__dict__[self.name] = self.func(instance)
                                         ^^^^^^^^^^^^^^^^^^^
  File "/home/ubuntu/tmath/.venv/lib/python3.12/site-packages/django/urls/resolvers.py", line 715, in url_patterns
    patterns = getattr(self.urlconf_module, "urlpatterns", self.urlconf_module)
                       ^^^^^^^^^^^^^^^^^^^
  File "/home/ubuntu/tmath/.venv/lib/python3.12/site-packages/django/utils/functional.py", line 57, in __get__
    res = instance.__dict__[self.name] = self.func(instance)
                                         ^^^^^^^^^^^^^^^^^^^
  File "/home/ubuntu/tmath/.venv/lib/python3.12/site-packages/django/urls/resolvers.py", line 708, in urlconf_module
    return import_module(self.urlconf_name)
           ^^^^^^^^^^^^^^^^^^^^^^^^^^^^^^^^
  File "/usr/lib/python3.12/importlib/__init__.py", line 90, in import_module
    return _bootstrap._gcd_import(name[level:], package, level)
           ^^^^^^^^^^^^^^^^^^^^^^^^^^^^^^^^^^^^^^^^^^^^^^^^^^^^
  File "<frozen importlib._bootstrap>", line 1387, in _gcd_import
  File "<frozen importlib._bootstrap>", line 1360, in _find_and_load
  File "<frozen importlib._bootstrap>", line 1331, in _find_and_load_unlocked
  File "<frozen importlib._bootstrap>", line 935, in _load_unlocked
  File "<frozen importlib._bootstrap_external>", line 995, in exec_module
  File "<frozen importlib._bootstrap>", line 488, in _call_with_frames_removed
  File "/home/ubuntu/tmath/tmath/urls.py", line 740, in <module>
    path('api/verify-admin/', verify_admin, name='verify_admin'),
                              ^^^^^^^^^^^^
NameError: name 'verify_admin' is not defined
Traceback (most recent call last):
  File "/home/ubuntu/tmath/.venv/bin/celery", line 6, in <module>
    sys.exit(main())
             ^^^^^^
  File "/home/ubuntu/tmath/.venv/lib/python3.12/site-packages/celery/__main__.py", line 15, in main
    sys.exit(_main())
             ^^^^^^^
  File "/home/ubuntu/tmath/.venv/lib/python3.12/site-packages/celery/bin/celery.py", line 227, in main
    return celery(auto_envvar_prefix="CELERY")
           ^^^^^^^^^^^^^^^^^^^^^^^^^^^^^^^^^^^
  File "/home/ubuntu/tmath/.venv/lib/python3.12/site-packages/click/core.py", line 1569, in __call__
    return self.main(*args, **kwargs)
           ^^^^^^^^^^^^^^^^^^^^^^^^^^
  File "/home/ubuntu/tmath/.venv/lib/python3.12/site-packages/click/core.py", line 1490, in main
    rv = self.invoke(ctx)
         ^^^^^^^^^^^^^^^^
  File "/home/ubuntu/tmath/.venv/lib/python3.12/site-packages/click/core.py", line 1970, in invoke
    return _process_result(sub_ctx.command.invoke(sub_ctx))
                           ^^^^^^^^^^^^^^^^^^^^^^^^^^^^^^^
  File "/home/ubuntu/tmath/.venv/lib/python3.12/site-packages/click/core.py", line 1353, in invoke
    return ctx.invoke(self.callback, **ctx.params)
           ^^^^^^^^^^^^^^^^^^^^^^^^^^^^^^^^^^^^^^^
  File "/home/ubuntu/tmath/.venv/lib/python3.12/site-packages/click/core.py", line 907, in invoke
    return callback(*args, **kwargs)
           ^^^^^^^^^^^^^^^^^^^^^^^^^
  File "/home/ubuntu/tmath/.venv/lib/python3.12/site-packages/click/decorators.py", line 34, in new_func
    return f(get_current_context(), *args, **kwargs)
           ^^^^^^^^^^^^^^^^^^^^^^^^^^^^^^^^^^^^^^^^^
  File "/home/ubuntu/tmath/.venv/lib/python3.12/site-packages/celery/bin/base.py", line 158, in caller
    return f(ctx, *args, **kwargs)
           ^^^^^^^^^^^^^^^^^^^^^^^
  File "/home/ubuntu/tmath/.venv/lib/python3.12/site-packages/celery/bin/worker.py", line 359, in worker
    worker = app.Worker(
             ^^^^^^^^^^^
  File "/home/ubuntu/tmath/.venv/lib/python3.12/site-packages/celery/worker/worker.py", line 94, in __init__
    self.app.loader.init_worker()
  File "/home/ubuntu/tmath/.venv/lib/python3.12/site-packages/celery/loaders/base.py", line 110, in init_worker
    self.import_default_modules()
  File "/home/ubuntu/tmath/.venv/lib/python3.12/site-packages/celery/loaders/base.py", line 104, in import_default_modules
    raise response
  File "/home/ubuntu/tmath/.venv/lib/python3.12/site-packages/celery/utils/dispatch/signal.py", line 280, in send
    response = receiver(signal=self, sender=sender, **named)
               ^^^^^^^^^^^^^^^^^^^^^^^^^^^^^^^^^^^^^^^^^^^^^
  File "/home/ubuntu/tmath/.venv/lib/python3.12/site-packages/celery/fixups/django.py", line 103, in on_import_modules
    self.worker_fixup.validate_models()
  File "/home/ubuntu/tmath/.venv/lib/python3.12/site-packages/celery/fixups/django.py", line 154, in validate_models
    run_checks()
  File "/home/ubuntu/tmath/.venv/lib/python3.12/site-packages/django/core/checks/registry.py", line 88, in run_checks
    new_errors = check(app_configs=app_configs, databases=databases)
                 ^^^^^^^^^^^^^^^^^^^^^^^^^^^^^^^^^^^^^^^^^^^^^^^^^^^
  File "/home/ubuntu/tmath/.venv/lib/python3.12/site-packages/django/core/checks/urls.py", line 14, in check_url_config
    return check_resolver(resolver)
           ^^^^^^^^^^^^^^^^^^^^^^^^
  File "/home/ubuntu/tmath/.venv/lib/python3.12/site-packages/django/core/checks/urls.py", line 24, in check_resolver
    return check_method()
           ^^^^^^^^^^^^^^
  File "/home/ubuntu/tmath/.venv/lib/python3.12/site-packages/django/urls/resolvers.py", line 494, in check
    for pattern in self.url_patterns:
                   ^^^^^^^^^^^^^^^^^
  File "/home/ubuntu/tmath/.venv/lib/python3.12/site-packages/django/utils/functional.py", line 57, in __get__
    res = instance.__dict__[self.name] = self.func(instance)
                                         ^^^^^^^^^^^^^^^^^^^
  File "/home/ubuntu/tmath/.venv/lib/python3.12/site-packages/django/urls/resolvers.py", line 715, in url_patterns
    patterns = getattr(self.urlconf_module, "urlpatterns", self.urlconf_module)
                       ^^^^^^^^^^^^^^^^^^^
  File "/home/ubuntu/tmath/.venv/lib/python3.12/site-packages/django/utils/functional.py", line 57, in __get__
    res = instance.__dict__[self.name] = self.func(instance)
                                         ^^^^^^^^^^^^^^^^^^^
  File "/home/ubuntu/tmath/.venv/lib/python3.12/site-packages/django/urls/resolvers.py", line 708, in urlconf_module
    return import_module(self.urlconf_name)
           ^^^^^^^^^^^^^^^^^^^^^^^^^^^^^^^^
  File "/usr/lib/python3.12/importlib/__init__.py", line 90, in import_module
    return _bootstrap._gcd_import(name[level:], package, level)
           ^^^^^^^^^^^^^^^^^^^^^^^^^^^^^^^^^^^^^^^^^^^^^^^^^^^^
  File "<frozen importlib._bootstrap>", line 1387, in _gcd_import
  File "<frozen importlib._bootstrap>", line 1360, in _find_and_load
  File "<frozen importlib._bootstrap>", line 1331, in _find_and_load_unlocked
  File "<frozen importlib._bootstrap>", line 935, in _load_unlocked
  File "<frozen importlib._bootstrap_external>", line 995, in exec_module
  File "<frozen importlib._bootstrap>", line 488, in _call_with_frames_removed
  File "/home/ubuntu/tmath/tmath/urls.py", line 740, in <module>
    path('api/verify-admin/', verify_admin, name='verify_admin'),
                              ^^^^^^^^^^^^
NameError: name 'verify_admin' is not defined
ERROR 2026-09-20 14:56:13,999 signal Signal handler <bound method DjangoFixup.on_import_modules of <celery.fixups.django.DjangoFixup object at 0x701e6ec15a90>> raised: NameError("name 'verify_admin' is not defined")
Traceback (most recent call last):
  File "/home/ubuntu/tmath/.venv/lib/python3.12/site-packages/celery/utils/dispatch/signal.py", line 280, in send
    response = receiver(signal=self, sender=sender, **named)
               ^^^^^^^^^^^^^^^^^^^^^^^^^^^^^^^^^^^^^^^^^^^^^
  File "/home/ubuntu/tmath/.venv/lib/python3.12/site-packages/celery/fixups/django.py", line 103, in on_import_modules
    self.worker_fixup.validate_models()
  File "/home/ubuntu/tmath/.venv/lib/python3.12/site-packages/celery/fixups/django.py", line 154, in validate_models
    run_checks()
  File "/home/ubuntu/tmath/.venv/lib/python3.12/site-packages/django/core/checks/registry.py", line 88, in run_checks
    new_errors = check(app_configs=app_configs, databases=databases)
                 ^^^^^^^^^^^^^^^^^^^^^^^^^^^^^^^^^^^^^^^^^^^^^^^^^^^
  File "/home/ubuntu/tmath/.venv/lib/python3.12/site-packages/django/core/checks/urls.py", line 14, in check_url_config
    return check_resolver(resolver)
           ^^^^^^^^^^^^^^^^^^^^^^^^
  File "/home/ubuntu/tmath/.venv/lib/python3.12/site-packages/django/core/checks/urls.py", line 24, in check_resolver
    return check_method()
           ^^^^^^^^^^^^^^
  File "/home/ubuntu/tmath/.venv/lib/python3.12/site-packages/django/urls/resolvers.py", line 494, in check
    for pattern in self.url_patterns:
                   ^^^^^^^^^^^^^^^^^
  File "/home/ubuntu/tmath/.venv/lib/python3.12/site-packages/django/utils/functional.py", line 57, in __get__
    res = instance.__dict__[self.name] = self.func(instance)
                                         ^^^^^^^^^^^^^^^^^^^
  File "/home/ubuntu/tmath/.venv/lib/python3.12/site-packages/django/urls/resolvers.py", line 715, in url_patterns
    patterns = getattr(self.urlconf_module, "urlpatterns", self.urlconf_module)
                       ^^^^^^^^^^^^^^^^^^^
  File "/home/ubuntu/tmath/.venv/lib/python3.12/site-packages/django/utils/functional.py", line 57, in __get__
    res = instance.__dict__[self.name] = self.func(instance)
                                         ^^^^^^^^^^^^^^^^^^^
  File "/home/ubuntu/tmath/.venv/lib/python3.12/site-packages/django/urls/resolvers.py", line 708, in urlconf_module
    return import_module(self.urlconf_name)
           ^^^^^^^^^^^^^^^^^^^^^^^^^^^^^^^^
  File "/usr/lib/python3.12/importlib/__init__.py", line 90, in import_module
    return _bootstrap._gcd_import(name[level:], package, level)
           ^^^^^^^^^^^^^^^^^^^^^^^^^^^^^^^^^^^^^^^^^^^^^^^^^^^^
  File "<frozen importlib._bootstrap>", line 1387, in _gcd_import
  File "<frozen importlib._bootstrap>", line 1360, in _find_and_load
  File "<frozen importlib._bootstrap>", line 1331, in _find_and_load_unlocked
  File "<frozen importlib._bootstrap>", line 935, in _load_unlocked
  File "<frozen importlib._bootstrap_external>", line 995, in exec_module
  File "<frozen importlib._bootstrap>", line 488, in _call_with_frames_removed
  File "/home/ubuntu/tmath/tmath/urls.py", line 740, in <module>
    path('api/verify-admin/', verify_admin, name='verify_admin'),
                              ^^^^^^^^^^^^
NameError: name 'verify_admin' is not defined
Traceback (most recent call last):
  File "/home/ubuntu/tmath/.venv/bin/celery", line 6, in <module>
    sys.exit(main())
             ^^^^^^
  File "/home/ubuntu/tmath/.venv/lib/python3.12/site-packages/celery/__main__.py", line 15, in main
    sys.exit(_main())
             ^^^^^^^
  File "/home/ubuntu/tmath/.venv/lib/python3.12/site-packages/celery/bin/celery.py", line 227, in main
    return celery(auto_envvar_prefix="CELERY")
           ^^^^^^^^^^^^^^^^^^^^^^^^^^^^^^^^^^^
  File "/home/ubuntu/tmath/.venv/lib/python3.12/site-packages/click/core.py", line 1569, in __call__
    return self.main(*args, **kwargs)
           ^^^^^^^^^^^^^^^^^^^^^^^^^^
  File "/home/ubuntu/tmath/.venv/lib/python3.12/site-packages/click/core.py", line 1490, in main
    rv = self.invoke(ctx)
         ^^^^^^^^^^^^^^^^
  File "/home/ubuntu/tmath/.venv/lib/python3.12/site-packages/click/core.py", line 1970, in invoke
    return _process_result(sub_ctx.command.invoke(sub_ctx))
                           ^^^^^^^^^^^^^^^^^^^^^^^^^^^^^^^
  File "/home/ubuntu/tmath/.venv/lib/python3.12/site-packages/click/core.py", line 1353, in invoke
    return ctx.invoke(self.callback, **ctx.params)
           ^^^^^^^^^^^^^^^^^^^^^^^^^^^^^^^^^^^^^^^
  File "/home/ubuntu/tmath/.venv/lib/python3.12/site-packages/click/core.py", line 907, in invoke
    return callback(*args, **kwargs)
           ^^^^^^^^^^^^^^^^^^^^^^^^^
  File "/home/ubuntu/tmath/.venv/lib/python3.12/site-packages/click/decorators.py", line 34, in new_func
    return f(get_current_context(), *args, **kwargs)
           ^^^^^^^^^^^^^^^^^^^^^^^^^^^^^^^^^^^^^^^^^
  File "/home/ubuntu/tmath/.venv/lib/python3.12/site-packages/celery/bin/base.py", line 158, in caller
    return f(ctx, *args, **kwargs)
           ^^^^^^^^^^^^^^^^^^^^^^^
  File "/home/ubuntu/tmath/.venv/lib/python3.12/site-packages/celery/bin/worker.py", line 359, in worker
    worker = app.Worker(
             ^^^^^^^^^^^
  File "/home/ubuntu/tmath/.venv/lib/python3.12/site-packages/celery/worker/worker.py", line 94, in __init__
    self.app.loader.init_worker()
  File "/home/ubuntu/tmath/.venv/lib/python3.12/site-packages/celery/loaders/base.py", line 110, in init_worker
    self.import_default_modules()
  File "/home/ubuntu/tmath/.venv/lib/python3.12/site-packages/celery/loaders/base.py", line 104, in import_default_modules
    raise response
  File "/home/ubuntu/tmath/.venv/lib/python3.12/site-packages/celery/utils/dispatch/signal.py", line 280, in send
    response = receiver(signal=self, sender=sender, **named)
               ^^^^^^^^^^^^^^^^^^^^^^^^^^^^^^^^^^^^^^^^^^^^^
  File "/home/ubuntu/tmath/.venv/lib/python3.12/site-packages/celery/fixups/django.py", line 103, in on_import_modules
    self.worker_fixup.validate_models()
  File "/home/ubuntu/tmath/.venv/lib/python3.12/site-packages/celery/fixups/django.py", line 154, in validate_models
    run_checks()
  File "/home/ubuntu/tmath/.venv/lib/python3.12/site-packages/django/core/checks/registry.py", line 88, in run_checks
    new_errors = check(app_configs=app_configs, databases=databases)
                 ^^^^^^^^^^^^^^^^^^^^^^^^^^^^^^^^^^^^^^^^^^^^^^^^^^^
  File "/home/ubuntu/tmath/.venv/lib/python3.12/site-packages/django/core/checks/urls.py", line 14, in check_url_config
    return check_resolver(resolver)
           ^^^^^^^^^^^^^^^^^^^^^^^^
  File "/home/ubuntu/tmath/.venv/lib/python3.12/site-packages/django/core/checks/urls.py", line 24, in check_resolver
    return check_method()
           ^^^^^^^^^^^^^^
  File "/home/ubuntu/tmath/.venv/lib/python3.12/site-packages/django/urls/resolvers.py", line 494, in check
    for pattern in self.url_patterns:
                   ^^^^^^^^^^^^^^^^^
  File "/home/ubuntu/tmath/.venv/lib/python3.12/site-packages/django/utils/functional.py", line 57, in __get__
    res = instance.__dict__[self.name] = self.func(instance)
                                         ^^^^^^^^^^^^^^^^^^^
  File "/home/ubuntu/tmath/.venv/lib/python3.12/site-packages/django/urls/resolvers.py", line 715, in url_patterns
    patterns = getattr(self.urlconf_module, "urlpatterns", self.urlconf_module)
                       ^^^^^^^^^^^^^^^^^^^
  File "/home/ubuntu/tmath/.venv/lib/python3.12/site-packages/django/utils/functional.py", line 57, in __get__
    res = instance.__dict__[self.name] = self.func(instance)
                                         ^^^^^^^^^^^^^^^^^^^
  File "/home/ubuntu/tmath/.venv/lib/python3.12/site-packages/django/urls/resolvers.py", line 708, in urlconf_module
    return import_module(self.urlconf_name)
           ^^^^^^^^^^^^^^^^^^^^^^^^^^^^^^^^
  File "/usr/lib/python3.12/importlib/__init__.py", line 90, in import_module
    return _bootstrap._gcd_import(name[level:], package, level)
           ^^^^^^^^^^^^^^^^^^^^^^^^^^^^^^^^^^^^^^^^^^^^^^^^^^^^
  File "<frozen importlib._bootstrap>", line 1387, in _gcd_import
  File "<frozen importlib._bootstrap>", line 1360, in _find_and_load
  File "<frozen importlib._bootstrap>", line 1331, in _find_and_load_unlocked
  File "<frozen importlib._bootstrap>", line 935, in _load_unlocked
  File "<frozen importlib._bootstrap_external>", line 995, in exec_module
  File "<frozen importlib._bootstrap>", line 488, in _call_with_frames_removed
  File "/home/ubuntu/tmath/tmath/urls.py", line 740, in <module>
    path('api/verify-admin/', verify_admin, name='verify_admin'),
                              ^^^^^^^^^^^^
NameError: name 'verify_admin' is not defined
ERROR 2026-09-20 14:56:16,311 signal Signal handler <bound method DjangoFixup.on_import_modules of <celery.fixups.django.DjangoFixup object at 0x779a433b90a0>> raised: NameError("name 'verify_admin' is not defined")
Traceback (most recent call last):
  File "/home/ubuntu/tmath/.venv/lib/python3.12/site-packages/celery/utils/dispatch/signal.py", line 280, in send
    response = receiver(signal=self, sender=sender, **named)
               ^^^^^^^^^^^^^^^^^^^^^^^^^^^^^^^^^^^^^^^^^^^^^
  File "/home/ubuntu/tmath/.venv/lib/python3.12/site-packages/celery/fixups/django.py", line 103, in on_import_modules
    self.worker_fixup.validate_models()
  File "/home/ubuntu/tmath/.venv/lib/python3.12/site-packages/celery/fixups/django.py", line 154, in validate_models
    run_checks()
  File "/home/ubuntu/tmath/.venv/lib/python3.12/site-packages/django/core/checks/registry.py", line 88, in run_checks
    new_errors = check(app_configs=app_configs, databases=databases)
                 ^^^^^^^^^^^^^^^^^^^^^^^^^^^^^^^^^^^^^^^^^^^^^^^^^^^
  File "/home/ubuntu/tmath/.venv/lib/python3.12/site-packages/django/core/checks/urls.py", line 14, in check_url_config
    return check_resolver(resolver)
           ^^^^^^^^^^^^^^^^^^^^^^^^
  File "/home/ubuntu/tmath/.venv/lib/python3.12/site-packages/django/core/checks/urls.py", line 24, in check_resolver
    return check_method()
           ^^^^^^^^^^^^^^
  File "/home/ubuntu/tmath/.venv/lib/python3.12/site-packages/django/urls/resolvers.py", line 494, in check
    for pattern in self.url_patterns:
                   ^^^^^^^^^^^^^^^^^
  File "/home/ubuntu/tmath/.venv/lib/python3.12/site-packages/django/utils/functional.py", line 57, in __get__
    res = instance.__dict__[self.name] = self.func(instance)
                                         ^^^^^^^^^^^^^^^^^^^
  File "/home/ubuntu/tmath/.venv/lib/python3.12/site-packages/django/urls/resolvers.py", line 715, in url_patterns
    patterns = getattr(self.urlconf_module, "urlpatterns", self.urlconf_module)
                       ^^^^^^^^^^^^^^^^^^^
  File "/home/ubuntu/tmath/.venv/lib/python3.12/site-packages/django/utils/functional.py", line 57, in __get__
    res = instance.__dict__[self.name] = self.func(instance)
                                         ^^^^^^^^^^^^^^^^^^^
  File "/home/ubuntu/tmath/.venv/lib/python3.12/site-packages/django/urls/resolvers.py", line 708, in urlconf_module
    return import_module(self.urlconf_name)
           ^^^^^^^^^^^^^^^^^^^^^^^^^^^^^^^^
  File "/usr/lib/python3.12/importlib/__init__.py", line 90, in import_module
    return _bootstrap._gcd_import(name[level:], package, level)
           ^^^^^^^^^^^^^^^^^^^^^^^^^^^^^^^^^^^^^^^^^^^^^^^^^^^^
  File "<frozen importlib._bootstrap>", line 1387, in _gcd_import
  File "<frozen importlib._bootstrap>", line 1360, in _find_and_load
  File "<frozen importlib._bootstrap>", line 1331, in _find_and_load_unlocked
  File "<frozen importlib._bootstrap>", line 935, in _load_unlocked
  File "<frozen importlib._bootstrap_external>", line 995, in exec_module
  File "<frozen importlib._bootstrap>", line 488, in _call_with_frames_removed
  File "/home/ubuntu/tmath/tmath/urls.py", line 740, in <module>
    path('api/verify-admin/', verify_admin, name='verify_admin'),
                              ^^^^^^^^^^^^
NameError: name 'verify_admin' is not defined
Traceback (most recent call last):
  File "/home/ubuntu/tmath/.venv/bin/celery", line 6, in <module>
    sys.exit(main())
             ^^^^^^
  File "/home/ubuntu/tmath/.venv/lib/python3.12/site-packages/celery/__main__.py", line 15, in main
    sys.exit(_main())
             ^^^^^^^
  File "/home/ubuntu/tmath/.venv/lib/python3.12/site-packages/celery/bin/celery.py", line 227, in main
    return celery(auto_envvar_prefix="CELERY")
           ^^^^^^^^^^^^^^^^^^^^^^^^^^^^^^^^^^^
  File "/home/ubuntu/tmath/.venv/lib/python3.12/site-packages/click/core.py", line 1569, in __call__
    return self.main(*args, **kwargs)
           ^^^^^^^^^^^^^^^^^^^^^^^^^^
  File "/home/ubuntu/tmath/.venv/lib/python3.12/site-packages/click/core.py", line 1490, in main
    rv = self.invoke(ctx)
         ^^^^^^^^^^^^^^^^
  File "/home/ubuntu/tmath/.venv/lib/python3.12/site-packages/click/core.py", line 1970, in invoke
    return _process_result(sub_ctx.command.invoke(sub_ctx))
                           ^^^^^^^^^^^^^^^^^^^^^^^^^^^^^^^
  File "/home/ubuntu/tmath/.venv/lib/python3.12/site-packages/click/core.py", line 1353, in invoke
    return ctx.invoke(self.callback, **ctx.params)
           ^^^^^^^^^^^^^^^^^^^^^^^^^^^^^^^^^^^^^^^
  File "/home/ubuntu/tmath/.venv/lib/python3.12/site-packages/click/core.py", line 907, in invoke
    return callback(*args, **kwargs)
           ^^^^^^^^^^^^^^^^^^^^^^^^^
  File "/home/ubuntu/tmath/.venv/lib/python3.12/site-packages/click/decorators.py", line 34, in new_func
    return f(get_current_context(), *args, **kwargs)
           ^^^^^^^^^^^^^^^^^^^^^^^^^^^^^^^^^^^^^^^^^
  File "/home/ubuntu/tmath/.venv/lib/python3.12/site-packages/celery/bin/base.py", line 158, in caller
    return f(ctx, *args, **kwargs)
           ^^^^^^^^^^^^^^^^^^^^^^^
  File "/home/ubuntu/tmath/.venv/lib/python3.12/site-packages/celery/bin/worker.py", line 359, in worker
    worker = app.Worker(
             ^^^^^^^^^^^
  File "/home/ubuntu/tmath/.venv/lib/python3.12/site-packages/celery/worker/worker.py", line 94, in __init__
    self.app.loader.init_worker()
  File "/home/ubuntu/tmath/.venv/lib/python3.12/site-packages/celery/loaders/base.py", line 110, in init_worker
    self.import_default_modules()
  File "/home/ubuntu/tmath/.venv/lib/python3.12/site-packages/celery/loaders/base.py", line 104, in import_default_modules
    raise response
  File "/home/ubuntu/tmath/.venv/lib/python3.12/site-packages/celery/utils/dispatch/signal.py", line 280, in send
    response = receiver(signal=self, sender=sender, **named)
               ^^^^^^^^^^^^^^^^^^^^^^^^^^^^^^^^^^^^^^^^^^^^^
  File "/home/ubuntu/tmath/.venv/lib/python3.12/site-packages/celery/fixups/django.py", line 103, in on_import_modules
    self.worker_fixup.validate_models()
  File "/home/ubuntu/tmath/.venv/lib/python3.12/site-packages/celery/fixups/django.py", line 154, in validate_models
    run_checks()
  File "/home/ubuntu/tmath/.venv/lib/python3.12/site-packages/django/core/checks/registry.py", line 88, in run_checks
    new_errors = check(app_configs=app_configs, databases=databases)
                 ^^^^^^^^^^^^^^^^^^^^^^^^^^^^^^^^^^^^^^^^^^^^^^^^^^^
  File "/home/ubuntu/tmath/.venv/lib/python3.12/site-packages/django/core/checks/urls.py", line 14, in check_url_config
    return check_resolver(resolver)
           ^^^^^^^^^^^^^^^^^^^^^^^^
  File "/home/ubuntu/tmath/.venv/lib/python3.12/site-packages/django/core/checks/urls.py", line 24, in check_resolver
    return check_method()
           ^^^^^^^^^^^^^^
  File "/home/ubuntu/tmath/.venv/lib/python3.12/site-packages/django/urls/resolvers.py", line 494, in check
    for pattern in self.url_patterns:
                   ^^^^^^^^^^^^^^^^^
  File "/home/ubuntu/tmath/.venv/lib/python3.12/site-packages/django/utils/functional.py", line 57, in __get__
    res = instance.__dict__[self.name] = self.func(instance)
                                         ^^^^^^^^^^^^^^^^^^^
  File "/home/ubuntu/tmath/.venv/lib/python3.12/site-packages/django/urls/resolvers.py", line 715, in url_patterns
    patterns = getattr(self.urlconf_module, "urlpatterns", self.urlconf_module)
                       ^^^^^^^^^^^^^^^^^^^
  File "/home/ubuntu/tmath/.venv/lib/python3.12/site-packages/django/utils/functional.py", line 57, in __get__
    res = instance.__dict__[self.name] = self.func(instance)
                                         ^^^^^^^^^^^^^^^^^^^
  File "/home/ubuntu/tmath/.venv/lib/python3.12/site-packages/django/urls/resolvers.py", line 708, in urlconf_module
    return import_module(self.urlconf_name)
           ^^^^^^^^^^^^^^^^^^^^^^^^^^^^^^^^
  File "/usr/lib/python3.12/importlib/__init__.py", line 90, in import_module
    return _bootstrap._gcd_import(name[level:], package, level)
           ^^^^^^^^^^^^^^^^^^^^^^^^^^^^^^^^^^^^^^^^^^^^^^^^^^^^
  File "<frozen importlib._bootstrap>", line 1387, in _gcd_import
  File "<frozen importlib._bootstrap>", line 1360, in _find_and_load
  File "<frozen importlib._bootstrap>", line 1331, in _find_and_load_unlocked
  File "<frozen importlib._bootstrap>", line 935, in _load_unlocked
  File "<frozen importlib._bootstrap_external>", line 995, in exec_module
  File "<frozen importlib._bootstrap>", line 488, in _call_with_frames_removed
  File "/home/ubuntu/tmath/tmath/urls.py", line 740, in <module>
    path('api/verify-admin/', verify_admin, name='verify_admin'),
                              ^^^^^^^^^^^^
NameError: name 'verify_admin' is not defined
ERROR 2026-09-20 14:56:18,664 signal Signal handler <bound method DjangoFixup.on_import_modules of <celery.fixups.django.DjangoFixup object at 0x7e19ef08d880>> raised: NameError("name 'verify_admin' is not defined")
Traceback (most recent call last):
  File "/home/ubuntu/tmath/.venv/lib/python3.12/site-packages/celery/utils/dispatch/signal.py", line 280, in send
    response = receiver(signal=self, sender=sender, **named)
               ^^^^^^^^^^^^^^^^^^^^^^^^^^^^^^^^^^^^^^^^^^^^^
  File "/home/ubuntu/tmath/.venv/lib/python3.12/site-packages/celery/fixups/django.py", line 103, in on_import_modules
    self.worker_fixup.validate_models()
  File "/home/ubuntu/tmath/.venv/lib/python3.12/site-packages/celery/fixups/django.py", line 154, in validate_models
    run_checks()
  File "/home/ubuntu/tmath/.venv/lib/python3.12/site-packages/django/core/checks/registry.py", line 88, in run_checks
    new_errors = check(app_configs=app_configs, databases=databases)
                 ^^^^^^^^^^^^^^^^^^^^^^^^^^^^^^^^^^^^^^^^^^^^^^^^^^^
  File "/home/ubuntu/tmath/.venv/lib/python3.12/site-packages/django/core/checks/urls.py", line 14, in check_url_config
    return check_resolver(resolver)
           ^^^^^^^^^^^^^^^^^^^^^^^^
  File "/home/ubuntu/tmath/.venv/lib/python3.12/site-packages/django/core/checks/urls.py", line 24, in check_resolver
    return check_method()
           ^^^^^^^^^^^^^^
  File "/home/ubuntu/tmath/.venv/lib/python3.12/site-packages/django/urls/resolvers.py", line 494, in check
    for pattern in self.url_patterns:
                   ^^^^^^^^^^^^^^^^^
  File "/home/ubuntu/tmath/.venv/lib/python3.12/site-packages/django/utils/functional.py", line 57, in __get__
    res = instance.__dict__[self.name] = self.func(instance)
                                         ^^^^^^^^^^^^^^^^^^^
  File "/home/ubuntu/tmath/.venv/lib/python3.12/site-packages/django/urls/resolvers.py", line 715, in url_patterns
    patterns = getattr(self.urlconf_module, "urlpatterns", self.urlconf_module)
                       ^^^^^^^^^^^^^^^^^^^
  File "/home/ubuntu/tmath/.venv/lib/python3.12/site-packages/django/utils/functional.py", line 57, in __get__
    res = instance.__dict__[self.name] = self.func(instance)
                                         ^^^^^^^^^^^^^^^^^^^
  File "/home/ubuntu/tmath/.venv/lib/python3.12/site-packages/django/urls/resolvers.py", line 708, in urlconf_module
    return import_module(self.urlconf_name)
           ^^^^^^^^^^^^^^^^^^^^^^^^^^^^^^^^
  File "/usr/lib/python3.12/importlib/__init__.py", line 90, in import_module
    return _bootstrap._gcd_import(name[level:], package, level)
           ^^^^^^^^^^^^^^^^^^^^^^^^^^^^^^^^^^^^^^^^^^^^^^^^^^^^
  File "<frozen importlib._bootstrap>", line 1387, in _gcd_import
  File "<frozen importlib._bootstrap>", line 1360, in _find_and_load
  File "<frozen importlib._bootstrap>", line 1331, in _find_and_load_unlocked
  File "<frozen importlib._bootstrap>", line 935, in _load_unlocked
  File "<frozen importlib._bootstrap_external>", line 995, in exec_module
  File "<frozen importlib._bootstrap>", line 488, in _call_with_frames_removed
  File "/home/ubuntu/tmath/tmath/urls.py", line 740, in <module>
    path('api/verify-admin/', verify_admin, name='verify_admin'),
                              ^^^^^^^^^^^^
NameError: name 'verify_admin' is not defined
Traceback (most recent call last):
  File "/home/ubuntu/tmath/.venv/bin/celery", line 6, in <module>
    sys.exit(main())
             ^^^^^^
  File "/home/ubuntu/tmath/.venv/lib/python3.12/site-packages/celery/__main__.py", line 15, in main
    sys.exit(_main())
             ^^^^^^^
  File "/home/ubuntu/tmath/.venv/lib/python3.12/site-packages/celery/bin/celery.py", line 227, in main
    return celery(auto_envvar_prefix="CELERY")
           ^^^^^^^^^^^^^^^^^^^^^^^^^^^^^^^^^^^
  File "/home/ubuntu/tmath/.venv/lib/python3.12/site-packages/click/core.py", line 1569, in __call__
    return self.main(*args, **kwargs)
           ^^^^^^^^^^^^^^^^^^^^^^^^^^
  File "/home/ubuntu/tmath/.venv/lib/python3.12/site-packages/click/core.py", line 1490, in main
    rv = self.invoke(ctx)
         ^^^^^^^^^^^^^^^^
  File "/home/ubuntu/tmath/.venv/lib/python3.12/site-packages/click/core.py", line 1970, in invoke
    return _process_result(sub_ctx.command.invoke(sub_ctx))
                           ^^^^^^^^^^^^^^^^^^^^^^^^^^^^^^^
  File "/home/ubuntu/tmath/.venv/lib/python3.12/site-packages/click/core.py", line 1353, in invoke
    return ctx.invoke(self.callback, **ctx.params)
           ^^^^^^^^^^^^^^^^^^^^^^^^^^^^^^^^^^^^^^^
  File "/home/ubuntu/tmath/.venv/lib/python3.12/site-packages/click/core.py", line 907, in invoke
    return callback(*args, **kwargs)
           ^^^^^^^^^^^^^^^^^^^^^^^^^
  File "/home/ubuntu/tmath/.venv/lib/python3.12/site-packages/click/decorators.py", line 34, in new_func
    return f(get_current_context(), *args, **kwargs)
           ^^^^^^^^^^^^^^^^^^^^^^^^^^^^^^^^^^^^^^^^^
  File "/home/ubuntu/tmath/.venv/lib/python3.12/site-packages/celery/bin/base.py", line 158, in caller
    return f(ctx, *args, **kwargs)
           ^^^^^^^^^^^^^^^^^^^^^^^
  File "/home/ubuntu/tmath/.venv/lib/python3.12/site-packages/celery/bin/worker.py", line 359, in worker
    worker = app.Worker(
             ^^^^^^^^^^^
  File "/home/ubuntu/tmath/.venv/lib/python3.12/site-packages/celery/worker/worker.py", line 94, in __init__
    self.app.loader.init_worker()
  File "/home/ubuntu/tmath/.venv/lib/python3.12/site-packages/celery/loaders/base.py", line 110, in init_worker
    self.import_default_modules()
  File "/home/ubuntu/tmath/.venv/lib/python3.12/site-packages/celery/loaders/base.py", line 104, in import_default_modules
    raise response
  File "/home/ubuntu/tmath/.venv/lib/python3.12/site-packages/celery/utils/dispatch/signal.py", line 280, in send
    response = receiver(signal=self, sender=sender, **named)
               ^^^^^^^^^^^^^^^^^^^^^^^^^^^^^^^^^^^^^^^^^^^^^
  File "/home/ubuntu/tmath/.venv/lib/python3.12/site-packages/celery/fixups/django.py", line 103, in on_import_modules
    self.worker_fixup.validate_models()
  File "/home/ubuntu/tmath/.venv/lib/python3.12/site-packages/celery/fixups/django.py", line 154, in validate_models
    run_checks()
  File "/home/ubuntu/tmath/.venv/lib/python3.12/site-packages/django/core/checks/registry.py", line 88, in run_checks
    new_errors = check(app_configs=app_configs, databases=databases)
                 ^^^^^^^^^^^^^^^^^^^^^^^^^^^^^^^^^^^^^^^^^^^^^^^^^^^
  File "/home/ubuntu/tmath/.venv/lib/python3.12/site-packages/django/core/checks/urls.py", line 14, in check_url_config
    return check_resolver(resolver)
           ^^^^^^^^^^^^^^^^^^^^^^^^
  File "/home/ubuntu/tmath/.venv/lib/python3.12/site-packages/django/core/checks/urls.py", line 24, in check_resolver
    return check_method()
           ^^^^^^^^^^^^^^
  File "/home/ubuntu/tmath/.venv/lib/python3.12/site-packages/django/urls/resolvers.py", line 494, in check
    for pattern in self.url_patterns:
                   ^^^^^^^^^^^^^^^^^
  File "/home/ubuntu/tmath/.venv/lib/python3.12/site-packages/django/utils/functional.py", line 57, in __get__
    res = instance.__dict__[self.name] = self.func(instance)
                                         ^^^^^^^^^^^^^^^^^^^
  File "/home/ubuntu/tmath/.venv/lib/python3.12/site-packages/django/urls/resolvers.py", line 715, in url_patterns
    patterns = getattr(self.urlconf_module, "urlpatterns", self.urlconf_module)
                       ^^^^^^^^^^^^^^^^^^^
  File "/home/ubuntu/tmath/.venv/lib/python3.12/site-packages/django/utils/functional.py", line 57, in __get__
    res = instance.__dict__[self.name] = self.func(instance)
                                         ^^^^^^^^^^^^^^^^^^^
  File "/home/ubuntu/tmath/.venv/lib/python3.12/site-packages/django/urls/resolvers.py", line 708, in urlconf_module
    return import_module(self.urlconf_name)
           ^^^^^^^^^^^^^^^^^^^^^^^^^^^^^^^^
  File "/usr/lib/python3.12/importlib/__init__.py", line 90, in import_module
    return _bootstrap._gcd_import(name[level:], package, level)
           ^^^^^^^^^^^^^^^^^^^^^^^^^^^^^^^^^^^^^^^^^^^^^^^^^^^^
  File "<frozen importlib._bootstrap>", line 1387, in _gcd_import
  File "<frozen importlib._bootstrap>", line 1360, in _find_and_load
  File "<frozen importlib._bootstrap>", line 1331, in _find_and_load_unlocked
  File "<frozen importlib._bootstrap>", line 935, in _load_unlocked
  File "<frozen importlib._bootstrap_external>", line 995, in exec_module
  File "<frozen importlib._bootstrap>", line 488, in _call_with_frames_removed
  File "/home/ubuntu/tmath/tmath/urls.py", line 740, in <module>
    path('api/verify-admin/', verify_admin, name='verify_admin'),
                              ^^^^^^^^^^^^
NameError: name 'verify_admin' is not defined
ERROR 2026-09-20 14:56:21,057 signal Signal handler <bound method DjangoFixup.on_import_modules of <celery.fixups.django.DjangoFixup object at 0x7822b5181b20>> raised: NameError("name 'verify_admin' is not defined")
Traceback (most recent call last):
  File "/home/ubuntu/tmath/.venv/lib/python3.12/site-packages/celery/utils/dispatch/signal.py", line 280, in send
    response = receiver(signal=self, sender=sender, **named)
               ^^^^^^^^^^^^^^^^^^^^^^^^^^^^^^^^^^^^^^^^^^^^^
  File "/home/ubuntu/tmath/.venv/lib/python3.12/site-packages/celery/fixups/django.py", line 103, in on_import_modules
    self.worker_fixup.validate_models()
  File "/home/ubuntu/tmath/.venv/lib/python3.12/site-packages/celery/fixups/django.py", line 154, in validate_models
    run_checks()
  File "/home/ubuntu/tmath/.venv/lib/python3.12/site-packages/django/core/checks/registry.py", line 88, in run_checks
    new_errors = check(app_configs=app_configs, databases=databases)
                 ^^^^^^^^^^^^^^^^^^^^^^^^^^^^^^^^^^^^^^^^^^^^^^^^^^^
  File "/home/ubuntu/tmath/.venv/lib/python3.12/site-packages/django/core/checks/urls.py", line 14, in check_url_config
    return check_resolver(resolver)
           ^^^^^^^^^^^^^^^^^^^^^^^^
  File "/home/ubuntu/tmath/.venv/lib/python3.12/site-packages/django/core/checks/urls.py", line 24, in check_resolver
    return check_method()
           ^^^^^^^^^^^^^^
  File "/home/ubuntu/tmath/.venv/lib/python3.12/site-packages/django/urls/resolvers.py", line 494, in check
    for pattern in self.url_patterns:
                   ^^^^^^^^^^^^^^^^^
  File "/home/ubuntu/tmath/.venv/lib/python3.12/site-packages/django/utils/functional.py", line 57, in __get__
    res = instance.__dict__[self.name] = self.func(instance)
                                         ^^^^^^^^^^^^^^^^^^^
  File "/home/ubuntu/tmath/.venv/lib/python3.12/site-packages/django/urls/resolvers.py", line 715, in url_patterns
    patterns = getattr(self.urlconf_module, "urlpatterns", self.urlconf_module)
                       ^^^^^^^^^^^^^^^^^^^
  File "/home/ubuntu/tmath/.venv/lib/python3.12/site-packages/django/utils/functional.py", line 57, in __get__
    res = instance.__dict__[self.name] = self.func(instance)
                                         ^^^^^^^^^^^^^^^^^^^
  File "/home/ubuntu/tmath/.venv/lib/python3.12/site-packages/django/urls/resolvers.py", line 708, in urlconf_module
    return import_module(self.urlconf_name)
           ^^^^^^^^^^^^^^^^^^^^^^^^^^^^^^^^
  File "/usr/lib/python3.12/importlib/__init__.py", line 90, in import_module
    return _bootstrap._gcd_import(name[level:], package, level)
           ^^^^^^^^^^^^^^^^^^^^^^^^^^^^^^^^^^^^^^^^^^^^^^^^^^^^
  File "<frozen importlib._bootstrap>", line 1387, in _gcd_import
  File "<frozen importlib._bootstrap>", line 1360, in _find_and_load
  File "<frozen importlib._bootstrap>", line 1331, in _find_and_load_unlocked
  File "<frozen importlib._bootstrap>", line 935, in _load_unlocked
  File "<frozen importlib._bootstrap_external>", line 995, in exec_module
  File "<frozen importlib._bootstrap>", line 488, in _call_with_frames_removed
  File "/home/ubuntu/tmath/tmath/urls.py", line 740, in <module>
    path('api/verify-admin/', verify_admin, name='verify_admin'),
                              ^^^^^^^^^^^^
NameError: name 'verify_admin' is not defined
Traceback (most recent call last):
  File "/home/ubuntu/tmath/.venv/bin/celery", line 6, in <module>
    sys.exit(main())
             ^^^^^^
  File "/home/ubuntu/tmath/.venv/lib/python3.12/site-packages/celery/__main__.py", line 15, in main
    sys.exit(_main())
             ^^^^^^^
  File "/home/ubuntu/tmath/.venv/lib/python3.12/site-packages/celery/bin/celery.py", line 227, in main
    return celery(auto_envvar_prefix="CELERY")
           ^^^^^^^^^^^^^^^^^^^^^^^^^^^^^^^^^^^
  File "/home/ubuntu/tmath/.venv/lib/python3.12/site-packages/click/core.py", line 1569, in __call__
    return self.main(*args, **kwargs)
           ^^^^^^^^^^^^^^^^^^^^^^^^^^
  File "/home/ubuntu/tmath/.venv/lib/python3.12/site-packages/click/core.py", line 1490, in main
    rv = self.invoke(ctx)
         ^^^^^^^^^^^^^^^^
  File "/home/ubuntu/tmath/.venv/lib/python3.12/site-packages/click/core.py", line 1970, in invoke
    return _process_result(sub_ctx.command.invoke(sub_ctx))
                           ^^^^^^^^^^^^^^^^^^^^^^^^^^^^^^^
  File "/home/ubuntu/tmath/.venv/lib/python3.12/site-packages/click/core.py", line 1353, in invoke
    return ctx.invoke(self.callback, **ctx.params)
           ^^^^^^^^^^^^^^^^^^^^^^^^^^^^^^^^^^^^^^^
  File "/home/ubuntu/tmath/.venv/lib/python3.12/site-packages/click/core.py", line 907, in invoke
    return callback(*args, **kwargs)
           ^^^^^^^^^^^^^^^^^^^^^^^^^
  File "/home/ubuntu/tmath/.venv/lib/python3.12/site-packages/click/decorators.py", line 34, in new_func
    return f(get_current_context(), *args, **kwargs)
           ^^^^^^^^^^^^^^^^^^^^^^^^^^^^^^^^^^^^^^^^^
  File "/home/ubuntu/tmath/.venv/lib/python3.12/site-packages/celery/bin/base.py", line 158, in caller
    return f(ctx, *args, **kwargs)
           ^^^^^^^^^^^^^^^^^^^^^^^
  File "/home/ubuntu/tmath/.venv/lib/python3.12/site-packages/celery/bin/worker.py", line 359, in worker
    worker = app.Worker(
             ^^^^^^^^^^^
  File "/home/ubuntu/tmath/.venv/lib/python3.12/site-packages/celery/worker/worker.py", line 94, in __init__
    self.app.loader.init_worker()
  File "/home/ubuntu/tmath/.venv/lib/python3.12/site-packages/celery/loaders/base.py", line 110, in init_worker
    self.import_default_modules()
  File "/home/ubuntu/tmath/.venv/lib/python3.12/site-packages/celery/loaders/base.py", line 104, in import_default_modules
    raise response
  File "/home/ubuntu/tmath/.venv/lib/python3.12/site-packages/celery/utils/dispatch/signal.py", line 280, in send
    response = receiver(signal=self, sender=sender, **named)
               ^^^^^^^^^^^^^^^^^^^^^^^^^^^^^^^^^^^^^^^^^^^^^
  File "/home/ubuntu/tmath/.venv/lib/python3.12/site-packages/celery/fixups/django.py", line 103, in on_import_modules
    self.worker_fixup.validate_models()
  File "/home/ubuntu/tmath/.venv/lib/python3.12/site-packages/celery/fixups/django.py", line 154, in validate_models
    run_checks()
  File "/home/ubuntu/tmath/.venv/lib/python3.12/site-packages/django/core/checks/registry.py", line 88, in run_checks
    new_errors = check(app_configs=app_configs, databases=databases)
                 ^^^^^^^^^^^^^^^^^^^^^^^^^^^^^^^^^^^^^^^^^^^^^^^^^^^
  File "/home/ubuntu/tmath/.venv/lib/python3.12/site-packages/django/core/checks/urls.py", line 14, in check_url_config
    return check_resolver(resolver)
           ^^^^^^^^^^^^^^^^^^^^^^^^
  File "/home/ubuntu/tmath/.venv/lib/python3.12/site-packages/django/core/checks/urls.py", line 24, in check_resolver
    return check_method()
           ^^^^^^^^^^^^^^
  File "/home/ubuntu/tmath/.venv/lib/python3.12/site-packages/django/urls/resolvers.py", line 494, in check
    for pattern in self.url_patterns:
                   ^^^^^^^^^^^^^^^^^
  File "/home/ubuntu/tmath/.venv/lib/python3.12/site-packages/django/utils/functional.py", line 57, in __get__
    res = instance.__dict__[self.name] = self.func(instance)
                                         ^^^^^^^^^^^^^^^^^^^
  File "/home/ubuntu/tmath/.venv/lib/python3.12/site-packages/django/urls/resolvers.py", line 715, in url_patterns
    patterns = getattr(self.urlconf_module, "urlpatterns", self.urlconf_module)
                       ^^^^^^^^^^^^^^^^^^^
  File "/home/ubuntu/tmath/.venv/lib/python3.12/site-packages/django/utils/functional.py", line 57, in __get__
    res = instance.__dict__[self.name] = self.func(instance)
                                         ^^^^^^^^^^^^^^^^^^^
  File "/home/ubuntu/tmath/.venv/lib/python3.12/site-packages/django/urls/resolvers.py", line 708, in urlconf_module
    return import_module(self.urlconf_name)
           ^^^^^^^^^^^^^^^^^^^^^^^^^^^^^^^^
  File "/usr/lib/python3.12/importlib/__init__.py", line 90, in import_module
    return _bootstrap._gcd_import(name[level:], package, level)
           ^^^^^^^^^^^^^^^^^^^^^^^^^^^^^^^^^^^^^^^^^^^^^^^^^^^^
  File "<frozen importlib._bootstrap>", line 1387, in _gcd_import
  File "<frozen importlib._bootstrap>", line 1360, in _find_and_load
  File "<frozen importlib._bootstrap>", line 1331, in _find_and_load_unlocked
  File "<frozen importlib._bootstrap>", line 935, in _load_unlocked
  File "<frozen importlib._bootstrap_external>", line 995, in exec_module
  File "<frozen importlib._bootstrap>", line 488, in _call_with_frames_removed
  File "/home/ubuntu/tmath/tmath/urls.py", line 740, in <module>
    path('api/verify-admin/', verify_admin, name='verify_admin'),
                              ^^^^^^^^^^^^
NameError: name 'verify_admin' is not defined
ERROR 2026-09-20 14:56:23,385 signal Signal handler <bound method DjangoFixup.on_import_modules of <celery.fixups.django.DjangoFixup object at 0x7f0d9de9bb60>> raised: NameError("name 'verify_admin' is not defined")
Traceback (most recent call last):
  File "/home/ubuntu/tmath/.venv/lib/python3.12/site-packages/celery/utils/dispatch/signal.py", line 280, in send
    response = receiver(signal=self, sender=sender, **named)
               ^^^^^^^^^^^^^^^^^^^^^^^^^^^^^^^^^^^^^^^^^^^^^
  File "/home/ubuntu/tmath/.venv/lib/python3.12/site-packages/celery/fixups/django.py", line 103, in on_import_modules
    self.worker_fixup.validate_models()
  File "/home/ubuntu/tmath/.venv/lib/python3.12/site-packages/celery/fixups/django.py", line 154, in validate_models
    run_checks()
  File "/home/ubuntu/tmath/.venv/lib/python3.12/site-packages/django/core/checks/registry.py", line 88, in run_checks
    new_errors = check(app_configs=app_configs, databases=databases)
                 ^^^^^^^^^^^^^^^^^^^^^^^^^^^^^^^^^^^^^^^^^^^^^^^^^^^
  File "/home/ubuntu/tmath/.venv/lib/python3.12/site-packages/django/core/checks/urls.py", line 14, in check_url_config
    return check_resolver(resolver)
           ^^^^^^^^^^^^^^^^^^^^^^^^
  File "/home/ubuntu/tmath/.venv/lib/python3.12/site-packages/django/core/checks/urls.py", line 24, in check_resolver
    return check_method()
           ^^^^^^^^^^^^^^
  File "/home/ubuntu/tmath/.venv/lib/python3.12/site-packages/django/urls/resolvers.py", line 494, in check
    for pattern in self.url_patterns:
                   ^^^^^^^^^^^^^^^^^
  File "/home/ubuntu/tmath/.venv/lib/python3.12/site-packages/django/utils/functional.py", line 57, in __get__
    res = instance.__dict__[self.name] = self.func(instance)
                                         ^^^^^^^^^^^^^^^^^^^
  File "/home/ubuntu/tmath/.venv/lib/python3.12/site-packages/django/urls/resolvers.py", line 715, in url_patterns
    patterns = getattr(self.urlconf_module, "urlpatterns", self.urlconf_module)
                       ^^^^^^^^^^^^^^^^^^^
  File "/home/ubuntu/tmath/.venv/lib/python3.12/site-packages/django/utils/functional.py", line 57, in __get__
    res = instance.__dict__[self.name] = self.func(instance)
                                         ^^^^^^^^^^^^^^^^^^^
  File "/home/ubuntu/tmath/.venv/lib/python3.12/site-packages/django/urls/resolvers.py", line 708, in urlconf_module
    return import_module(self.urlconf_name)
           ^^^^^^^^^^^^^^^^^^^^^^^^^^^^^^^^
  File "/usr/lib/python3.12/importlib/__init__.py", line 90, in import_module
    return _bootstrap._gcd_import(name[level:], package, level)
           ^^^^^^^^^^^^^^^^^^^^^^^^^^^^^^^^^^^^^^^^^^^^^^^^^^^^
  File "<frozen importlib._bootstrap>", line 1387, in _gcd_import
  File "<frozen importlib._bootstrap>", line 1360, in _find_and_load
  File "<frozen importlib._bootstrap>", line 1331, in _find_and_load_unlocked
  File "<frozen importlib._bootstrap>", line 935, in _load_unlocked
  File "<frozen importlib._bootstrap_external>", line 995, in exec_module
  File "<frozen importlib._bootstrap>", line 488, in _call_with_frames_removed
  File "/home/ubuntu/tmath/tmath/urls.py", line 740, in <module>
    path('api/verify-admin/', verify_admin, name='verify_admin'),
                              ^^^^^^^^^^^^
NameError: name 'verify_admin' is not defined
Traceback (most recent call last):
  File "/home/ubuntu/tmath/.venv/bin/celery", line 6, in <module>
    sys.exit(main())
             ^^^^^^
  File "/home/ubuntu/tmath/.venv/lib/python3.12/site-packages/celery/__main__.py", line 15, in main
    sys.exit(_main())
             ^^^^^^^
  File "/home/ubuntu/tmath/.venv/lib/python3.12/site-packages/celery/bin/celery.py", line 227, in main
    return celery(auto_envvar_prefix="CELERY")
           ^^^^^^^^^^^^^^^^^^^^^^^^^^^^^^^^^^^
  File "/home/ubuntu/tmath/.venv/lib/python3.12/site-packages/click/core.py", line 1569, in __call__
    return self.main(*args, **kwargs)
           ^^^^^^^^^^^^^^^^^^^^^^^^^^
  File "/home/ubuntu/tmath/.venv/lib/python3.12/site-packages/click/core.py", line 1490, in main
    rv = self.invoke(ctx)
         ^^^^^^^^^^^^^^^^
  File "/home/ubuntu/tmath/.venv/lib/python3.12/site-packages/click/core.py", line 1970, in invoke
    return _process_result(sub_ctx.command.invoke(sub_ctx))
                           ^^^^^^^^^^^^^^^^^^^^^^^^^^^^^^^
  File "/home/ubuntu/tmath/.venv/lib/python3.12/site-packages/click/core.py", line 1353, in invoke
    return ctx.invoke(self.callback, **ctx.params)
           ^^^^^^^^^^^^^^^^^^^^^^^^^^^^^^^^^^^^^^^
  File "/home/ubuntu/tmath/.venv/lib/python3.12/site-packages/click/core.py", line 907, in invoke
    return callback(*args, **kwargs)
           ^^^^^^^^^^^^^^^^^^^^^^^^^
  File "/home/ubuntu/tmath/.venv/lib/python3.12/site-packages/click/decorators.py", line 34, in new_func
    return f(get_current_context(), *args, **kwargs)
           ^^^^^^^^^^^^^^^^^^^^^^^^^^^^^^^^^^^^^^^^^
  File "/home/ubuntu/tmath/.venv/lib/python3.12/site-packages/celery/bin/base.py", line 158, in caller
    return f(ctx, *args, **kwargs)
           ^^^^^^^^^^^^^^^^^^^^^^^
  File "/home/ubuntu/tmath/.venv/lib/python3.12/site-packages/celery/bin/worker.py", line 359, in worker
    worker = app.Worker(
             ^^^^^^^^^^^
  File "/home/ubuntu/tmath/.venv/lib/python3.12/site-packages/celery/worker/worker.py", line 94, in __init__
    self.app.loader.init_worker()
  File "/home/ubuntu/tmath/.venv/lib/python3.12/site-packages/celery/loaders/base.py", line 110, in init_worker
    self.import_default_modules()
  File "/home/ubuntu/tmath/.venv/lib/python3.12/site-packages/celery/loaders/base.py", line 104, in import_default_modules
    raise response
  File "/home/ubuntu/tmath/.venv/lib/python3.12/site-packages/celery/utils/dispatch/signal.py", line 280, in send
    response = receiver(signal=self, sender=sender, **named)
               ^^^^^^^^^^^^^^^^^^^^^^^^^^^^^^^^^^^^^^^^^^^^^
  File "/home/ubuntu/tmath/.venv/lib/python3.12/site-packages/celery/fixups/django.py", line 103, in on_import_modules
    self.worker_fixup.validate_models()
  File "/home/ubuntu/tmath/.venv/lib/python3.12/site-packages/celery/fixups/django.py", line 154, in validate_models
    run_checks()
  File "/home/ubuntu/tmath/.venv/lib/python3.12/site-packages/django/core/checks/registry.py", line 88, in run_checks
    new_errors = check(app_configs=app_configs, databases=databases)
                 ^^^^^^^^^^^^^^^^^^^^^^^^^^^^^^^^^^^^^^^^^^^^^^^^^^^
  File "/home/ubuntu/tmath/.venv/lib/python3.12/site-packages/django/core/checks/urls.py", line 14, in check_url_config
    return check_resolver(resolver)
           ^^^^^^^^^^^^^^^^^^^^^^^^
  File "/home/ubuntu/tmath/.venv/lib/python3.12/site-packages/django/core/checks/urls.py", line 24, in check_resolver
    return check_method()
           ^^^^^^^^^^^^^^
  File "/home/ubuntu/tmath/.venv/lib/python3.12/site-packages/django/urls/resolvers.py", line 494, in check
    for pattern in self.url_patterns:
                   ^^^^^^^^^^^^^^^^^
  File "/home/ubuntu/tmath/.venv/lib/python3.12/site-packages/django/utils/functional.py", line 57, in __get__
    res = instance.__dict__[self.name] = self.func(instance)
                                         ^^^^^^^^^^^^^^^^^^^
  File "/home/ubuntu/tmath/.venv/lib/python3.12/site-packages/django/urls/resolvers.py", line 715, in url_patterns
    patterns = getattr(self.urlconf_module, "urlpatterns", self.urlconf_module)
                       ^^^^^^^^^^^^^^^^^^^
  File "/home/ubuntu/tmath/.venv/lib/python3.12/site-packages/django/utils/functional.py", line 57, in __get__
    res = instance.__dict__[self.name] = self.func(instance)
                                         ^^^^^^^^^^^^^^^^^^^
  File "/home/ubuntu/tmath/.venv/lib/python3.12/site-packages/django/urls/resolvers.py", line 708, in urlconf_module
    return import_module(self.urlconf_name)
           ^^^^^^^^^^^^^^^^^^^^^^^^^^^^^^^^
  File "/usr/lib/python3.12/importlib/__init__.py", line 90, in import_module
    return _bootstrap._gcd_import(name[level:], package, level)
           ^^^^^^^^^^^^^^^^^^^^^^^^^^^^^^^^^^^^^^^^^^^^^^^^^^^^
  File "<frozen importlib._bootstrap>", line 1387, in _gcd_import
  File "<frozen importlib._bootstrap>", line 1360, in _find_and_load
  File "<frozen importlib._bootstrap>", line 1331, in _find_and_load_unlocked
  File "<frozen importlib._bootstrap>", line 935, in _load_unlocked
  File "<frozen importlib._bootstrap_external>", line 995, in exec_module
  File "<frozen importlib._bootstrap>", line 488, in _call_with_frames_removed
  File "/home/ubuntu/tmath/tmath/urls.py", line 740, in <module>
    path('api/verify-admin/', verify_admin, name='verify_admin'),
                              ^^^^^^^^^^^^
NameError: name 'verify_admin' is not defined
ERROR 2026-09-20 14:56:25,644 signal Signal handler <bound method DjangoFixup.on_import_modules of <celery.fixups.django.DjangoFixup object at 0x767ab2281f70>> raised: NameError("name 'verify_admin' is not defined")
Traceback (most recent call last):
  File "/home/ubuntu/tmath/.venv/lib/python3.12/site-packages/celery/utils/dispatch/signal.py", line 280, in send
    response = receiver(signal=self, sender=sender, **named)
               ^^^^^^^^^^^^^^^^^^^^^^^^^^^^^^^^^^^^^^^^^^^^^
  File "/home/ubuntu/tmath/.venv/lib/python3.12/site-packages/celery/fixups/django.py", line 103, in on_import_modules
    self.worker_fixup.validate_models()
  File "/home/ubuntu/tmath/.venv/lib/python3.12/site-packages/celery/fixups/django.py", line 154, in validate_models
    run_checks()
  File "/home/ubuntu/tmath/.venv/lib/python3.12/site-packages/django/core/checks/registry.py", line 88, in run_checks
    new_errors = check(app_configs=app_configs, databases=databases)
                 ^^^^^^^^^^^^^^^^^^^^^^^^^^^^^^^^^^^^^^^^^^^^^^^^^^^
  File "/home/ubuntu/tmath/.venv/lib/python3.12/site-packages/django/core/checks/urls.py", line 14, in check_url_config
    return check_resolver(resolver)
           ^^^^^^^^^^^^^^^^^^^^^^^^
  File "/home/ubuntu/tmath/.venv/lib/python3.12/site-packages/django/core/checks/urls.py", line 24, in check_resolver
    return check_method()
           ^^^^^^^^^^^^^^
  File "/home/ubuntu/tmath/.venv/lib/python3.12/site-packages/django/urls/resolvers.py", line 494, in check
    for pattern in self.url_patterns:
                   ^^^^^^^^^^^^^^^^^
  File "/home/ubuntu/tmath/.venv/lib/python3.12/site-packages/django/utils/functional.py", line 57, in __get__
    res = instance.__dict__[self.name] = self.func(instance)
                                         ^^^^^^^^^^^^^^^^^^^
  File "/home/ubuntu/tmath/.venv/lib/python3.12/site-packages/django/urls/resolvers.py", line 715, in url_patterns
    patterns = getattr(self.urlconf_module, "urlpatterns", self.urlconf_module)
                       ^^^^^^^^^^^^^^^^^^^
  File "/home/ubuntu/tmath/.venv/lib/python3.12/site-packages/django/utils/functional.py", line 57, in __get__
    res = instance.__dict__[self.name] = self.func(instance)
                                         ^^^^^^^^^^^^^^^^^^^
  File "/home/ubuntu/tmath/.venv/lib/python3.12/site-packages/django/urls/resolvers.py", line 708, in urlconf_module
    return import_module(self.urlconf_name)
           ^^^^^^^^^^^^^^^^^^^^^^^^^^^^^^^^
  File "/usr/lib/python3.12/importlib/__init__.py", line 90, in import_module
    return _bootstrap._gcd_import(name[level:], package, level)
           ^^^^^^^^^^^^^^^^^^^^^^^^^^^^^^^^^^^^^^^^^^^^^^^^^^^^
  File "<frozen importlib._bootstrap>", line 1387, in _gcd_import
  File "<frozen importlib._bootstrap>", line 1360, in _find_and_load
  File "<frozen importlib._bootstrap>", line 1331, in _find_and_load_unlocked
  File "<frozen importlib._bootstrap>", line 935, in _load_unlocked
  File "<frozen importlib._bootstrap_external>", line 995, in exec_module
  File "<frozen importlib._bootstrap>", line 488, in _call_with_frames_removed
  File "/home/ubuntu/tmath/tmath/urls.py", line 740, in <module>
    path('api/verify-admin/', verify_admin, name='verify_admin'),
                              ^^^^^^^^^^^^
NameError: name 'verify_admin' is not defined
Traceback (most recent call last):
  File "/home/ubuntu/tmath/.venv/bin/celery", line 6, in <module>
    sys.exit(main())
             ^^^^^^
  File "/home/ubuntu/tmath/.venv/lib/python3.12/site-packages/celery/__main__.py", line 15, in main
    sys.exit(_main())
             ^^^^^^^
  File "/home/ubuntu/tmath/.venv/lib/python3.12/site-packages/celery/bin/celery.py", line 227, in main
    return celery(auto_envvar_prefix="CELERY")
           ^^^^^^^^^^^^^^^^^^^^^^^^^^^^^^^^^^^
  File "/home/ubuntu/tmath/.venv/lib/python3.12/site-packages/click/core.py", line 1569, in __call__
    return self.main(*args, **kwargs)
           ^^^^^^^^^^^^^^^^^^^^^^^^^^
  File "/home/ubuntu/tmath/.venv/lib/python3.12/site-packages/click/core.py", line 1490, in main
    rv = self.invoke(ctx)
         ^^^^^^^^^^^^^^^^
  File "/home/ubuntu/tmath/.venv/lib/python3.12/site-packages/click/core.py", line 1970, in invoke
    return _process_result(sub_ctx.command.invoke(sub_ctx))
                           ^^^^^^^^^^^^^^^^^^^^^^^^^^^^^^^
  File "/home/ubuntu/tmath/.venv/lib/python3.12/site-packages/click/core.py", line 1353, in invoke
    return ctx.invoke(self.callback, **ctx.params)
           ^^^^^^^^^^^^^^^^^^^^^^^^^^^^^^^^^^^^^^^
  File "/home/ubuntu/tmath/.venv/lib/python3.12/site-packages/click/core.py", line 907, in invoke
    return callback(*args, **kwargs)
           ^^^^^^^^^^^^^^^^^^^^^^^^^
  File "/home/ubuntu/tmath/.venv/lib/python3.12/site-packages/click/decorators.py", line 34, in new_func
    return f(get_current_context(), *args, **kwargs)
           ^^^^^^^^^^^^^^^^^^^^^^^^^^^^^^^^^^^^^^^^^
  File "/home/ubuntu/tmath/.venv/lib/python3.12/site-packages/celery/bin/base.py", line 158, in caller
    return f(ctx, *args, **kwargs)
           ^^^^^^^^^^^^^^^^^^^^^^^
  File "/home/ubuntu/tmath/.venv/lib/python3.12/site-packages/celery/bin/worker.py", line 359, in worker
    worker = app.Worker(
             ^^^^^^^^^^^
  File "/home/ubuntu/tmath/.venv/lib/python3.12/site-packages/celery/worker/worker.py", line 94, in __init__
    self.app.loader.init_worker()
  File "/home/ubuntu/tmath/.venv/lib/python3.12/site-packages/celery/loaders/base.py", line 110, in init_worker
    self.import_default_modules()
  File "/home/ubuntu/tmath/.venv/lib/python3.12/site-packages/celery/loaders/base.py", line 104, in import_default_modules
    raise response
  File "/home/ubuntu/tmath/.venv/lib/python3.12/site-packages/celery/utils/dispatch/signal.py", line 280, in send
    response = receiver(signal=self, sender=sender, **named)
               ^^^^^^^^^^^^^^^^^^^^^^^^^^^^^^^^^^^^^^^^^^^^^
  File "/home/ubuntu/tmath/.venv/lib/python3.12/site-packages/celery/fixups/django.py", line 103, in on_import_modules
    self.worker_fixup.validate_models()
  File "/home/ubuntu/tmath/.venv/lib/python3.12/site-packages/celery/fixups/django.py", line 154, in validate_models
    run_checks()
  File "/home/ubuntu/tmath/.venv/lib/python3.12/site-packages/django/core/checks/registry.py", line 88, in run_checks
    new_errors = check(app_configs=app_configs, databases=databases)
                 ^^^^^^^^^^^^^^^^^^^^^^^^^^^^^^^^^^^^^^^^^^^^^^^^^^^
  File "/home/ubuntu/tmath/.venv/lib/python3.12/site-packages/django/core/checks/urls.py", line 14, in check_url_config
    return check_resolver(resolver)
           ^^^^^^^^^^^^^^^^^^^^^^^^
  File "/home/ubuntu/tmath/.venv/lib/python3.12/site-packages/django/core/checks/urls.py", line 24, in check_resolver
    return check_method()
           ^^^^^^^^^^^^^^
  File "/home/ubuntu/tmath/.venv/lib/python3.12/site-packages/django/urls/resolvers.py", line 494, in check
    for pattern in self.url_patterns:
                   ^^^^^^^^^^^^^^^^^
  File "/home/ubuntu/tmath/.venv/lib/python3.12/site-packages/django/utils/functional.py", line 57, in __get__
    res = instance.__dict__[self.name] = self.func(instance)
                                         ^^^^^^^^^^^^^^^^^^^
  File "/home/ubuntu/tmath/.venv/lib/python3.12/site-packages/django/urls/resolvers.py", line 715, in url_patterns
    patterns = getattr(self.urlconf_module, "urlpatterns", self.urlconf_module)
                       ^^^^^^^^^^^^^^^^^^^
  File "/home/ubuntu/tmath/.venv/lib/python3.12/site-packages/django/utils/functional.py", line 57, in __get__
    res = instance.__dict__[self.name] = self.func(instance)
                                         ^^^^^^^^^^^^^^^^^^^
  File "/home/ubuntu/tmath/.venv/lib/python3.12/site-packages/django/urls/resolvers.py", line 708, in urlconf_module
    return import_module(self.urlconf_name)
           ^^^^^^^^^^^^^^^^^^^^^^^^^^^^^^^^
  File "/usr/lib/python3.12/importlib/__init__.py", line 90, in import_module
    return _bootstrap._gcd_import(name[level:], package, level)
           ^^^^^^^^^^^^^^^^^^^^^^^^^^^^^^^^^^^^^^^^^^^^^^^^^^^^
  File "<frozen importlib._bootstrap>", line 1387, in _gcd_import
  File "<frozen importlib._bootstrap>", line 1360, in _find_and_load
  File "<frozen importlib._bootstrap>", line 1331, in _find_and_load_unlocked
  File "<frozen importlib._bootstrap>", line 935, in _load_unlocked
  File "<frozen importlib._bootstrap_external>", line 995, in exec_module
  File "<frozen importlib._bootstrap>", line 488, in _call_with_frames_removed
  File "/home/ubuntu/tmath/tmath/urls.py", line 740, in <module>
    path('api/verify-admin/', verify_admin, name='verify_admin'),
                              ^^^^^^^^^^^^
NameError: name 'verify_admin' is not defined
ERROR 2026-09-20 14:56:27,905 signal Signal handler <bound method DjangoFixup.on_import_modules of <celery.fixups.django.DjangoFixup object at 0x73ba82439160>> raised: NameError("name 'verify_admin' is not defined")
Traceback (most recent call last):
  File "/home/ubuntu/tmath/.venv/lib/python3.12/site-packages/celery/utils/dispatch/signal.py", line 280, in send
    response = receiver(signal=self, sender=sender, **named)
               ^^^^^^^^^^^^^^^^^^^^^^^^^^^^^^^^^^^^^^^^^^^^^
  File "/home/ubuntu/tmath/.venv/lib/python3.12/site-packages/celery/fixups/django.py", line 103, in on_import_modules
    self.worker_fixup.validate_models()
  File "/home/ubuntu/tmath/.venv/lib/python3.12/site-packages/celery/fixups/django.py", line 154, in validate_models
    run_checks()
  File "/home/ubuntu/tmath/.venv/lib/python3.12/site-packages/django/core/checks/registry.py", line 88, in run_checks
    new_errors = check(app_configs=app_configs, databases=databases)
                 ^^^^^^^^^^^^^^^^^^^^^^^^^^^^^^^^^^^^^^^^^^^^^^^^^^^
  File "/home/ubuntu/tmath/.venv/lib/python3.12/site-packages/django/core/checks/urls.py", line 14, in check_url_config
    return check_resolver(resolver)
           ^^^^^^^^^^^^^^^^^^^^^^^^
  File "/home/ubuntu/tmath/.venv/lib/python3.12/site-packages/django/core/checks/urls.py", line 24, in check_resolver
    return check_method()
           ^^^^^^^^^^^^^^
  File "/home/ubuntu/tmath/.venv/lib/python3.12/site-packages/django/urls/resolvers.py", line 494, in check
    for pattern in self.url_patterns:
                   ^^^^^^^^^^^^^^^^^
  File "/home/ubuntu/tmath/.venv/lib/python3.12/site-packages/django/utils/functional.py", line 57, in __get__
    res = instance.__dict__[self.name] = self.func(instance)
                                         ^^^^^^^^^^^^^^^^^^^
  File "/home/ubuntu/tmath/.venv/lib/python3.12/site-packages/django/urls/resolvers.py", line 715, in url_patterns
    patterns = getattr(self.urlconf_module, "urlpatterns", self.urlconf_module)
                       ^^^^^^^^^^^^^^^^^^^
  File "/home/ubuntu/tmath/.venv/lib/python3.12/site-packages/django/utils/functional.py", line 57, in __get__
    res = instance.__dict__[self.name] = self.func(instance)
                                         ^^^^^^^^^^^^^^^^^^^
  File "/home/ubuntu/tmath/.venv/lib/python3.12/site-packages/django/urls/resolvers.py", line 708, in urlconf_module
    return import_module(self.urlconf_name)
           ^^^^^^^^^^^^^^^^^^^^^^^^^^^^^^^^
  File "/usr/lib/python3.12/importlib/__init__.py", line 90, in import_module
    return _bootstrap._gcd_import(name[level:], package, level)
           ^^^^^^^^^^^^^^^^^^^^^^^^^^^^^^^^^^^^^^^^^^^^^^^^^^^^
  File "<frozen importlib._bootstrap>", line 1387, in _gcd_import
  File "<frozen importlib._bootstrap>", line 1360, in _find_and_load
  File "<frozen importlib._bootstrap>", line 1331, in _find_and_load_unlocked
  File "<frozen importlib._bootstrap>", line 935, in _load_unlocked
  File "<frozen importlib._bootstrap_external>", line 995, in exec_module
  File "<frozen importlib._bootstrap>", line 488, in _call_with_frames_removed
  File "/home/ubuntu/tmath/tmath/urls.py", line 740, in <module>
    path('api/verify-admin/', verify_admin, name='verify_admin'),
                              ^^^^^^^^^^^^
NameError: name 'verify_admin' is not defined
Traceback (most recent call last):
  File "/home/ubuntu/tmath/.venv/bin/celery", line 6, in <module>
    sys.exit(main())
             ^^^^^^
  File "/home/ubuntu/tmath/.venv/lib/python3.12/site-packages/celery/__main__.py", line 15, in main
    sys.exit(_main())
             ^^^^^^^
  File "/home/ubuntu/tmath/.venv/lib/python3.12/site-packages/celery/bin/celery.py", line 227, in main
    return celery(auto_envvar_prefix="CELERY")
           ^^^^^^^^^^^^^^^^^^^^^^^^^^^^^^^^^^^
  File "/home/ubuntu/tmath/.venv/lib/python3.12/site-packages/click/core.py", line 1569, in __call__
    return self.main(*args, **kwargs)
           ^^^^^^^^^^^^^^^^^^^^^^^^^^
  File "/home/ubuntu/tmath/.venv/lib/python3.12/site-packages/click/core.py", line 1490, in main
    rv = self.invoke(ctx)
         ^^^^^^^^^^^^^^^^
  File "/home/ubuntu/tmath/.venv/lib/python3.12/site-packages/click/core.py", line 1970, in invoke
    return _process_result(sub_ctx.command.invoke(sub_ctx))
                           ^^^^^^^^^^^^^^^^^^^^^^^^^^^^^^^
  File "/home/ubuntu/tmath/.venv/lib/python3.12/site-packages/click/core.py", line 1353, in invoke
    return ctx.invoke(self.callback, **ctx.params)
           ^^^^^^^^^^^^^^^^^^^^^^^^^^^^^^^^^^^^^^^
  File "/home/ubuntu/tmath/.venv/lib/python3.12/site-packages/click/core.py", line 907, in invoke
    return callback(*args, **kwargs)
           ^^^^^^^^^^^^^^^^^^^^^^^^^
  File "/home/ubuntu/tmath/.venv/lib/python3.12/site-packages/click/decorators.py", line 34, in new_func
    return f(get_current_context(), *args, **kwargs)
           ^^^^^^^^^^^^^^^^^^^^^^^^^^^^^^^^^^^^^^^^^
  File "/home/ubuntu/tmath/.venv/lib/python3.12/site-packages/celery/bin/base.py", line 158, in caller
    return f(ctx, *args, **kwargs)
           ^^^^^^^^^^^^^^^^^^^^^^^
  File "/home/ubuntu/tmath/.venv/lib/python3.12/site-packages/celery/bin/worker.py", line 359, in worker
    worker = app.Worker(
             ^^^^^^^^^^^
  File "/home/ubuntu/tmath/.venv/lib/python3.12/site-packages/celery/worker/worker.py", line 94, in __init__
    self.app.loader.init_worker()
  File "/home/ubuntu/tmath/.venv/lib/python3.12/site-packages/celery/loaders/base.py", line 110, in init_worker
    self.import_default_modules()
  File "/home/ubuntu/tmath/.venv/lib/python3.12/site-packages/celery/loaders/base.py", line 104, in import_default_modules
    raise response
  File "/home/ubuntu/tmath/.venv/lib/python3.12/site-packages/celery/utils/dispatch/signal.py", line 280, in send
    response = receiver(signal=self, sender=sender, **named)
               ^^^^^^^^^^^^^^^^^^^^^^^^^^^^^^^^^^^^^^^^^^^^^
  File "/home/ubuntu/tmath/.venv/lib/python3.12/site-packages/celery/fixups/django.py", line 103, in on_import_modules
    self.worker_fixup.validate_models()
  File "/home/ubuntu/tmath/.venv/lib/python3.12/site-packages/celery/fixups/django.py", line 154, in validate_models
    run_checks()
  File "/home/ubuntu/tmath/.venv/lib/python3.12/site-packages/django/core/checks/registry.py", line 88, in run_checks
    new_errors = check(app_configs=app_configs, databases=databases)
                 ^^^^^^^^^^^^^^^^^^^^^^^^^^^^^^^^^^^^^^^^^^^^^^^^^^^
  File "/home/ubuntu/tmath/.venv/lib/python3.12/site-packages/django/core/checks/urls.py", line 14, in check_url_config
    return check_resolver(resolver)
           ^^^^^^^^^^^^^^^^^^^^^^^^
  File "/home/ubuntu/tmath/.venv/lib/python3.12/site-packages/django/core/checks/urls.py", line 24, in check_resolver
    return check_method()
           ^^^^^^^^^^^^^^
  File "/home/ubuntu/tmath/.venv/lib/python3.12/site-packages/django/urls/resolvers.py", line 494, in check
    for pattern in self.url_patterns:
                   ^^^^^^^^^^^^^^^^^
  File "/home/ubuntu/tmath/.venv/lib/python3.12/site-packages/django/utils/functional.py", line 57, in __get__
    res = instance.__dict__[self.name] = self.func(instance)
                                         ^^^^^^^^^^^^^^^^^^^
  File "/home/ubuntu/tmath/.venv/lib/python3.12/site-packages/django/urls/resolvers.py", line 715, in url_patterns
    patterns = getattr(self.urlconf_module, "urlpatterns", self.urlconf_module)
                       ^^^^^^^^^^^^^^^^^^^
  File "/home/ubuntu/tmath/.venv/lib/python3.12/site-packages/django/utils/functional.py", line 57, in __get__
    res = instance.__dict__[self.name] = self.func(instance)
                                         ^^^^^^^^^^^^^^^^^^^
  File "/home/ubuntu/tmath/.venv/lib/python3.12/site-packages/django/urls/resolvers.py", line 708, in urlconf_module
    return import_module(self.urlconf_name)
           ^^^^^^^^^^^^^^^^^^^^^^^^^^^^^^^^
  File "/usr/lib/python3.12/importlib/__init__.py", line 90, in import_module
    return _bootstrap._gcd_import(name[level:], package, level)
           ^^^^^^^^^^^^^^^^^^^^^^^^^^^^^^^^^^^^^^^^^^^^^^^^^^^^
  File "<frozen importlib._bootstrap>", line 1387, in _gcd_import
  File "<frozen importlib._bootstrap>", line 1360, in _find_and_load
  File "<frozen importlib._bootstrap>", line 1331, in _find_and_load_unlocked
  File "<frozen importlib._bootstrap>", line 935, in _load_unlocked
  File "<frozen importlib._bootstrap_external>", line 995, in exec_module
  File "<frozen importlib._bootstrap>", line 488, in _call_with_frames_removed
  File "/home/ubuntu/tmath/tmath/urls.py", line 740, in <module>
    path('api/verify-admin/', verify_admin, name='verify_admin'),
                              ^^^^^^^^^^^^
NameError: name 'verify_admin' is not defined
ERROR 2026-09-20 14:56:30,312 signal Signal handler <bound method DjangoFixup.on_import_modules of <celery.fixups.django.DjangoFixup object at 0x72834955dc10>> raised: NameError("name 'verify_admin' is not defined")
Traceback (most recent call last):
  File "/home/ubuntu/tmath/.venv/lib/python3.12/site-packages/celery/utils/dispatch/signal.py", line 280, in send
    response = receiver(signal=self, sender=sender, **named)
               ^^^^^^^^^^^^^^^^^^^^^^^^^^^^^^^^^^^^^^^^^^^^^
  File "/home/ubuntu/tmath/.venv/lib/python3.12/site-packages/celery/fixups/django.py", line 103, in on_import_modules
    self.worker_fixup.validate_models()
  File "/home/ubuntu/tmath/.venv/lib/python3.12/site-packages/celery/fixups/django.py", line 154, in validate_models
    run_checks()
  File "/home/ubuntu/tmath/.venv/lib/python3.12/site-packages/django/core/checks/registry.py", line 88, in run_checks
    new_errors = check(app_configs=app_configs, databases=databases)
                 ^^^^^^^^^^^^^^^^^^^^^^^^^^^^^^^^^^^^^^^^^^^^^^^^^^^
  File "/home/ubuntu/tmath/.venv/lib/python3.12/site-packages/django/core/checks/urls.py", line 14, in check_url_config
    return check_resolver(resolver)
           ^^^^^^^^^^^^^^^^^^^^^^^^
  File "/home/ubuntu/tmath/.venv/lib/python3.12/site-packages/django/core/checks/urls.py", line 24, in check_resolver
    return check_method()
           ^^^^^^^^^^^^^^
  File "/home/ubuntu/tmath/.venv/lib/python3.12/site-packages/django/urls/resolvers.py", line 494, in check
    for pattern in self.url_patterns:
                   ^^^^^^^^^^^^^^^^^
  File "/home/ubuntu/tmath/.venv/lib/python3.12/site-packages/django/utils/functional.py", line 57, in __get__
    res = instance.__dict__[self.name] = self.func(instance)
                                         ^^^^^^^^^^^^^^^^^^^
  File "/home/ubuntu/tmath/.venv/lib/python3.12/site-packages/django/urls/resolvers.py", line 715, in url_patterns
    patterns = getattr(self.urlconf_module, "urlpatterns", self.urlconf_module)
                       ^^^^^^^^^^^^^^^^^^^
  File "/home/ubuntu/tmath/.venv/lib/python3.12/site-packages/django/utils/functional.py", line 57, in __get__
    res = instance.__dict__[self.name] = self.func(instance)
                                         ^^^^^^^^^^^^^^^^^^^
  File "/home/ubuntu/tmath/.venv/lib/python3.12/site-packages/django/urls/resolvers.py", line 708, in urlconf_module
    return import_module(self.urlconf_name)
           ^^^^^^^^^^^^^^^^^^^^^^^^^^^^^^^^
  File "/usr/lib/python3.12/importlib/__init__.py", line 90, in import_module
    return _bootstrap._gcd_import(name[level:], package, level)
           ^^^^^^^^^^^^^^^^^^^^^^^^^^^^^^^^^^^^^^^^^^^^^^^^^^^^
  File "<frozen importlib._bootstrap>", line 1387, in _gcd_import
  File "<frozen importlib._bootstrap>", line 1360, in _find_and_load
  File "<frozen importlib._bootstrap>", line 1331, in _find_and_load_unlocked
  File "<frozen importlib._bootstrap>", line 935, in _load_unlocked
  File "<frozen importlib._bootstrap_external>", line 995, in exec_module
  File "<frozen importlib._bootstrap>", line 488, in _call_with_frames_removed
  File "/home/ubuntu/tmath/tmath/urls.py", line 740, in <module>
    path('api/verify-admin/', verify_admin, name='verify_admin'),
                              ^^^^^^^^^^^^
NameError: name 'verify_admin' is not defined
Traceback (most recent call last):
  File "/home/ubuntu/tmath/.venv/bin/celery", line 6, in <module>
    sys.exit(main())
             ^^^^^^
  File "/home/ubuntu/tmath/.venv/lib/python3.12/site-packages/celery/__main__.py", line 15, in main
    sys.exit(_main())
             ^^^^^^^
  File "/home/ubuntu/tmath/.venv/lib/python3.12/site-packages/celery/bin/celery.py", line 227, in main
    return celery(auto_envvar_prefix="CELERY")
           ^^^^^^^^^^^^^^^^^^^^^^^^^^^^^^^^^^^
  File "/home/ubuntu/tmath/.venv/lib/python3.12/site-packages/click/core.py", line 1569, in __call__
    return self.main(*args, **kwargs)
           ^^^^^^^^^^^^^^^^^^^^^^^^^^
  File "/home/ubuntu/tmath/.venv/lib/python3.12/site-packages/click/core.py", line 1490, in main
    rv = self.invoke(ctx)
         ^^^^^^^^^^^^^^^^
  File "/home/ubuntu/tmath/.venv/lib/python3.12/site-packages/click/core.py", line 1970, in invoke
    return _process_result(sub_ctx.command.invoke(sub_ctx))
                           ^^^^^^^^^^^^^^^^^^^^^^^^^^^^^^^
  File "/home/ubuntu/tmath/.venv/lib/python3.12/site-packages/click/core.py", line 1353, in invoke
    return ctx.invoke(self.callback, **ctx.params)
           ^^^^^^^^^^^^^^^^^^^^^^^^^^^^^^^^^^^^^^^
  File "/home/ubuntu/tmath/.venv/lib/python3.12/site-packages/click/core.py", line 907, in invoke
    return callback(*args, **kwargs)
           ^^^^^^^^^^^^^^^^^^^^^^^^^
  File "/home/ubuntu/tmath/.venv/lib/python3.12/site-packages/click/decorators.py", line 34, in new_func
    return f(get_current_context(), *args, **kwargs)
           ^^^^^^^^^^^^^^^^^^^^^^^^^^^^^^^^^^^^^^^^^
  File "/home/ubuntu/tmath/.venv/lib/python3.12/site-packages/celery/bin/base.py", line 158, in caller
    return f(ctx, *args, **kwargs)
           ^^^^^^^^^^^^^^^^^^^^^^^
  File "/home/ubuntu/tmath/.venv/lib/python3.12/site-packages/celery/bin/worker.py", line 359, in worker
    worker = app.Worker(
             ^^^^^^^^^^^
  File "/home/ubuntu/tmath/.venv/lib/python3.12/site-packages/celery/worker/worker.py", line 94, in __init__
    self.app.loader.init_worker()
  File "/home/ubuntu/tmath/.venv/lib/python3.12/site-packages/celery/loaders/base.py", line 110, in init_worker
    self.import_default_modules()
  File "/home/ubuntu/tmath/.venv/lib/python3.12/site-packages/celery/loaders/base.py", line 104, in import_default_modules
    raise response
  File "/home/ubuntu/tmath/.venv/lib/python3.12/site-packages/celery/utils/dispatch/signal.py", line 280, in send
    response = receiver(signal=self, sender=sender, **named)
               ^^^^^^^^^^^^^^^^^^^^^^^^^^^^^^^^^^^^^^^^^^^^^
  File "/home/ubuntu/tmath/.venv/lib/python3.12/site-packages/celery/fixups/django.py", line 103, in on_import_modules
    self.worker_fixup.validate_models()
  File "/home/ubuntu/tmath/.venv/lib/python3.12/site-packages/celery/fixups/django.py", line 154, in validate_models
    run_checks()
  File "/home/ubuntu/tmath/.venv/lib/python3.12/site-packages/django/core/checks/registry.py", line 88, in run_checks
    new_errors = check(app_configs=app_configs, databases=databases)
                 ^^^^^^^^^^^^^^^^^^^^^^^^^^^^^^^^^^^^^^^^^^^^^^^^^^^
  File "/home/ubuntu/tmath/.venv/lib/python3.12/site-packages/django/core/checks/urls.py", line 14, in check_url_config
    return check_resolver(resolver)
           ^^^^^^^^^^^^^^^^^^^^^^^^
  File "/home/ubuntu/tmath/.venv/lib/python3.12/site-packages/django/core/checks/urls.py", line 24, in check_resolver
    return check_method()
           ^^^^^^^^^^^^^^
  File "/home/ubuntu/tmath/.venv/lib/python3.12/site-packages/django/urls/resolvers.py", line 494, in check
    for pattern in self.url_patterns:
                   ^^^^^^^^^^^^^^^^^
  File "/home/ubuntu/tmath/.venv/lib/python3.12/site-packages/django/utils/functional.py", line 57, in __get__
    res = instance.__dict__[self.name] = self.func(instance)
                                         ^^^^^^^^^^^^^^^^^^^
  File "/home/ubuntu/tmath/.venv/lib/python3.12/site-packages/django/urls/resolvers.py", line 715, in url_patterns
    patterns = getattr(self.urlconf_module, "urlpatterns", self.urlconf_module)
                       ^^^^^^^^^^^^^^^^^^^
  File "/home/ubuntu/tmath/.venv/lib/python3.12/site-packages/django/utils/functional.py", line 57, in __get__
    res = instance.__dict__[self.name] = self.func(instance)
                                         ^^^^^^^^^^^^^^^^^^^
  File "/home/ubuntu/tmath/.venv/lib/python3.12/site-packages/django/urls/resolvers.py", line 708, in urlconf_module
    return import_module(self.urlconf_name)
           ^^^^^^^^^^^^^^^^^^^^^^^^^^^^^^^^
  File "/usr/lib/python3.12/importlib/__init__.py", line 90, in import_module
    return _bootstrap._gcd_import(name[level:], package, level)
           ^^^^^^^^^^^^^^^^^^^^^^^^^^^^^^^^^^^^^^^^^^^^^^^^^^^^
  File "<frozen importlib._bootstrap>", line 1387, in _gcd_import
  File "<frozen importlib._bootstrap>", line 1360, in _find_and_load
  File "<frozen importlib._bootstrap>", line 1331, in _find_and_load_unlocked
  File "<frozen importlib._bootstrap>", line 935, in _load_unlocked
  File "<frozen importlib._bootstrap_external>", line 995, in exec_module
  File "<frozen importlib._bootstrap>", line 488, in _call_with_frames_removed
  File "/home/ubuntu/tmath/tmath/urls.py", line 740, in <module>
    path('api/verify-admin/', verify_admin, name='verify_admin'),
                              ^^^^^^^^^^^^
NameError: name 'verify_admin' is not defined
ERROR 2026-09-20 14:56:32,584 signal Signal handler <bound method DjangoFixup.on_import_modules of <celery.fixups.django.DjangoFixup object at 0x727fda279fa0>> raised: NameError("name 'verify_admin' is not defined")
Traceback (most recent call last):
  File "/home/ubuntu/tmath/.venv/lib/python3.12/site-packages/celery/utils/dispatch/signal.py", line 280, in send
    response = receiver(signal=self, sender=sender, **named)
               ^^^^^^^^^^^^^^^^^^^^^^^^^^^^^^^^^^^^^^^^^^^^^
  File "/home/ubuntu/tmath/.venv/lib/python3.12/site-packages/celery/fixups/django.py", line 103, in on_import_modules
    self.worker_fixup.validate_models()
  File "/home/ubuntu/tmath/.venv/lib/python3.12/site-packages/celery/fixups/django.py", line 154, in validate_models
    run_checks()
  File "/home/ubuntu/tmath/.venv/lib/python3.12/site-packages/django/core/checks/registry.py", line 88, in run_checks
    new_errors = check(app_configs=app_configs, databases=databases)
                 ^^^^^^^^^^^^^^^^^^^^^^^^^^^^^^^^^^^^^^^^^^^^^^^^^^^
  File "/home/ubuntu/tmath/.venv/lib/python3.12/site-packages/django/core/checks/urls.py", line 14, in check_url_config
    return check_resolver(resolver)
           ^^^^^^^^^^^^^^^^^^^^^^^^
  File "/home/ubuntu/tmath/.venv/lib/python3.12/site-packages/django/core/checks/urls.py", line 24, in check_resolver
    return check_method()
           ^^^^^^^^^^^^^^
  File "/home/ubuntu/tmath/.venv/lib/python3.12/site-packages/django/urls/resolvers.py", line 494, in check
    for pattern in self.url_patterns:
                   ^^^^^^^^^^^^^^^^^
  File "/home/ubuntu/tmath/.venv/lib/python3.12/site-packages/django/utils/functional.py", line 57, in __get__
    res = instance.__dict__[self.name] = self.func(instance)
                                         ^^^^^^^^^^^^^^^^^^^
  File "/home/ubuntu/tmath/.venv/lib/python3.12/site-packages/django/urls/resolvers.py", line 715, in url_patterns
    patterns = getattr(self.urlconf_module, "urlpatterns", self.urlconf_module)
                       ^^^^^^^^^^^^^^^^^^^
  File "/home/ubuntu/tmath/.venv/lib/python3.12/site-packages/django/utils/functional.py", line 57, in __get__
    res = instance.__dict__[self.name] = self.func(instance)
                                         ^^^^^^^^^^^^^^^^^^^
  File "/home/ubuntu/tmath/.venv/lib/python3.12/site-packages/django/urls/resolvers.py", line 708, in urlconf_module
    return import_module(self.urlconf_name)
           ^^^^^^^^^^^^^^^^^^^^^^^^^^^^^^^^
  File "/usr/lib/python3.12/importlib/__init__.py", line 90, in import_module
    return _bootstrap._gcd_import(name[level:], package, level)
           ^^^^^^^^^^^^^^^^^^^^^^^^^^^^^^^^^^^^^^^^^^^^^^^^^^^^
  File "<frozen importlib._bootstrap>", line 1387, in _gcd_import
  File "<frozen importlib._bootstrap>", line 1360, in _find_and_load
  File "<frozen importlib._bootstrap>", line 1331, in _find_and_load_unlocked
  File "<frozen importlib._bootstrap>", line 935, in _load_unlocked
  File "<frozen importlib._bootstrap_external>", line 995, in exec_module
  File "<frozen importlib._bootstrap>", line 488, in _call_with_frames_removed
  File "/home/ubuntu/tmath/tmath/urls.py", line 740, in <module>
    path('api/verify-admin/', verify_admin, name='verify_admin'),
                              ^^^^^^^^^^^^
NameError: name 'verify_admin' is not defined
Traceback (most recent call last):
  File "/home/ubuntu/tmath/.venv/bin/celery", line 6, in <module>
    sys.exit(main())
             ^^^^^^
  File "/home/ubuntu/tmath/.venv/lib/python3.12/site-packages/celery/__main__.py", line 15, in main
    sys.exit(_main())
             ^^^^^^^
  File "/home/ubuntu/tmath/.venv/lib/python3.12/site-packages/celery/bin/celery.py", line 227, in main
    return celery(auto_envvar_prefix="CELERY")
           ^^^^^^^^^^^^^^^^^^^^^^^^^^^^^^^^^^^
  File "/home/ubuntu/tmath/.venv/lib/python3.12/site-packages/click/core.py", line 1569, in __call__
    return self.main(*args, **kwargs)
           ^^^^^^^^^^^^^^^^^^^^^^^^^^
  File "/home/ubuntu/tmath/.venv/lib/python3.12/site-packages/click/core.py", line 1490, in main
    rv = self.invoke(ctx)
         ^^^^^^^^^^^^^^^^
  File "/home/ubuntu/tmath/.venv/lib/python3.12/site-packages/click/core.py", line 1970, in invoke
    return _process_result(sub_ctx.command.invoke(sub_ctx))
                           ^^^^^^^^^^^^^^^^^^^^^^^^^^^^^^^
  File "/home/ubuntu/tmath/.venv/lib/python3.12/site-packages/click/core.py", line 1353, in invoke
    return ctx.invoke(self.callback, **ctx.params)
           ^^^^^^^^^^^^^^^^^^^^^^^^^^^^^^^^^^^^^^^
  File "/home/ubuntu/tmath/.venv/lib/python3.12/site-packages/click/core.py", line 907, in invoke
    return callback(*args, **kwargs)
           ^^^^^^^^^^^^^^^^^^^^^^^^^
  File "/home/ubuntu/tmath/.venv/lib/python3.12/site-packages/click/decorators.py", line 34, in new_func
    return f(get_current_context(), *args, **kwargs)
           ^^^^^^^^^^^^^^^^^^^^^^^^^^^^^^^^^^^^^^^^^
  File "/home/ubuntu/tmath/.venv/lib/python3.12/site-packages/celery/bin/base.py", line 158, in caller
    return f(ctx, *args, **kwargs)
           ^^^^^^^^^^^^^^^^^^^^^^^
  File "/home/ubuntu/tmath/.venv/lib/python3.12/site-packages/celery/bin/worker.py", line 359, in worker
    worker = app.Worker(
             ^^^^^^^^^^^
  File "/home/ubuntu/tmath/.venv/lib/python3.12/site-packages/celery/worker/worker.py", line 94, in __init__
    self.app.loader.init_worker()
  File "/home/ubuntu/tmath/.venv/lib/python3.12/site-packages/celery/loaders/base.py", line 110, in init_worker
    self.import_default_modules()
  File "/home/ubuntu/tmath/.venv/lib/python3.12/site-packages/celery/loaders/base.py", line 104, in import_default_modules
    raise response
  File "/home/ubuntu/tmath/.venv/lib/python3.12/site-packages/celery/utils/dispatch/signal.py", line 280, in send
    response = receiver(signal=self, sender=sender, **named)
               ^^^^^^^^^^^^^^^^^^^^^^^^^^^^^^^^^^^^^^^^^^^^^
  File "/home/ubuntu/tmath/.venv/lib/python3.12/site-packages/celery/fixups/django.py", line 103, in on_import_modules
    self.worker_fixup.validate_models()
  File "/home/ubuntu/tmath/.venv/lib/python3.12/site-packages/celery/fixups/django.py", line 154, in validate_models
    run_checks()
  File "/home/ubuntu/tmath/.venv/lib/python3.12/site-packages/django/core/checks/registry.py", line 88, in run_checks
    new_errors = check(app_configs=app_configs, databases=databases)
                 ^^^^^^^^^^^^^^^^^^^^^^^^^^^^^^^^^^^^^^^^^^^^^^^^^^^
  File "/home/ubuntu/tmath/.venv/lib/python3.12/site-packages/django/core/checks/urls.py", line 14, in check_url_config
    return check_resolver(resolver)
           ^^^^^^^^^^^^^^^^^^^^^^^^
  File "/home/ubuntu/tmath/.venv/lib/python3.12/site-packages/django/core/checks/urls.py", line 24, in check_resolver
    return check_method()
           ^^^^^^^^^^^^^^
  File "/home/ubuntu/tmath/.venv/lib/python3.12/site-packages/django/urls/resolvers.py", line 494, in check
    for pattern in self.url_patterns:
                   ^^^^^^^^^^^^^^^^^
  File "/home/ubuntu/tmath/.venv/lib/python3.12/site-packages/django/utils/functional.py", line 57, in __get__
    res = instance.__dict__[self.name] = self.func(instance)
                                         ^^^^^^^^^^^^^^^^^^^
  File "/home/ubuntu/tmath/.venv/lib/python3.12/site-packages/django/urls/resolvers.py", line 715, in url_patterns
    patterns = getattr(self.urlconf_module, "urlpatterns", self.urlconf_module)
                       ^^^^^^^^^^^^^^^^^^^
  File "/home/ubuntu/tmath/.venv/lib/python3.12/site-packages/django/utils/functional.py", line 57, in __get__
    res = instance.__dict__[self.name] = self.func(instance)
                                         ^^^^^^^^^^^^^^^^^^^
  File "/home/ubuntu/tmath/.venv/lib/python3.12/site-packages/django/urls/resolvers.py", line 708, in urlconf_module
    return import_module(self.urlconf_name)
           ^^^^^^^^^^^^^^^^^^^^^^^^^^^^^^^^
  File "/usr/lib/python3.12/importlib/__init__.py", line 90, in import_module
    return _bootstrap._gcd_import(name[level:], package, level)
           ^^^^^^^^^^^^^^^^^^^^^^^^^^^^^^^^^^^^^^^^^^^^^^^^^^^^
  File "<frozen importlib._bootstrap>", line 1387, in _gcd_import
  File "<frozen importlib._bootstrap>", line 1360, in _find_and_load
  File "<frozen importlib._bootstrap>", line 1331, in _find_and_load_unlocked
  File "<frozen importlib._bootstrap>", line 935, in _load_unlocked
  File "<frozen importlib._bootstrap_external>", line 995, in exec_module
  File "<frozen importlib._bootstrap>", line 488, in _call_with_frames_removed
  File "/home/ubuntu/tmath/tmath/urls.py", line 740, in <module>
    path('api/verify-admin/', verify_admin, name='verify_admin'),
                              ^^^^^^^^^^^^
NameError: name 'verify_admin' is not defined
ERROR 2026-09-20 14:56:34,995 signal Signal handler <bound method DjangoFixup.on_import_modules of <celery.fixups.django.DjangoFixup object at 0x77d857279eb0>> raised: NameError("name 'verify_admin' is not defined")
Traceback (most recent call last):
  File "/home/ubuntu/tmath/.venv/lib/python3.12/site-packages/celery/utils/dispatch/signal.py", line 280, in send
    response = receiver(signal=self, sender=sender, **named)
               ^^^^^^^^^^^^^^^^^^^^^^^^^^^^^^^^^^^^^^^^^^^^^
  File "/home/ubuntu/tmath/.venv/lib/python3.12/site-packages/celery/fixups/django.py", line 103, in on_import_modules
    self.worker_fixup.validate_models()
  File "/home/ubuntu/tmath/.venv/lib/python3.12/site-packages/celery/fixups/django.py", line 154, in validate_models
    run_checks()
  File "/home/ubuntu/tmath/.venv/lib/python3.12/site-packages/django/core/checks/registry.py", line 88, in run_checks
    new_errors = check(app_configs=app_configs, databases=databases)
                 ^^^^^^^^^^^^^^^^^^^^^^^^^^^^^^^^^^^^^^^^^^^^^^^^^^^
  File "/home/ubuntu/tmath/.venv/lib/python3.12/site-packages/django/core/checks/urls.py", line 14, in check_url_config
    return check_resolver(resolver)
           ^^^^^^^^^^^^^^^^^^^^^^^^
  File "/home/ubuntu/tmath/.venv/lib/python3.12/site-packages/django/core/checks/urls.py", line 24, in check_resolver
    return check_method()
           ^^^^^^^^^^^^^^
  File "/home/ubuntu/tmath/.venv/lib/python3.12/site-packages/django/urls/resolvers.py", line 494, in check
    for pattern in self.url_patterns:
                   ^^^^^^^^^^^^^^^^^
  File "/home/ubuntu/tmath/.venv/lib/python3.12/site-packages/django/utils/functional.py", line 57, in __get__
    res = instance.__dict__[self.name] = self.func(instance)
                                         ^^^^^^^^^^^^^^^^^^^
  File "/home/ubuntu/tmath/.venv/lib/python3.12/site-packages/django/urls/resolvers.py", line 715, in url_patterns
    patterns = getattr(self.urlconf_module, "urlpatterns", self.urlconf_module)
                       ^^^^^^^^^^^^^^^^^^^
  File "/home/ubuntu/tmath/.venv/lib/python3.12/site-packages/django/utils/functional.py", line 57, in __get__
    res = instance.__dict__[self.name] = self.func(instance)
                                         ^^^^^^^^^^^^^^^^^^^
  File "/home/ubuntu/tmath/.venv/lib/python3.12/site-packages/django/urls/resolvers.py", line 708, in urlconf_module
    return import_module(self.urlconf_name)
           ^^^^^^^^^^^^^^^^^^^^^^^^^^^^^^^^
  File "/usr/lib/python3.12/importlib/__init__.py", line 90, in import_module
    return _bootstrap._gcd_import(name[level:], package, level)
           ^^^^^^^^^^^^^^^^^^^^^^^^^^^^^^^^^^^^^^^^^^^^^^^^^^^^
  File "<frozen importlib._bootstrap>", line 1387, in _gcd_import
  File "<frozen importlib._bootstrap>", line 1360, in _find_and_load
  File "<frozen importlib._bootstrap>", line 1331, in _find_and_load_unlocked
  File "<frozen importlib._bootstrap>", line 935, in _load_unlocked
  File "<frozen importlib._bootstrap_external>", line 995, in exec_module
  File "<frozen importlib._bootstrap>", line 488, in _call_with_frames_removed
  File "/home/ubuntu/tmath/tmath/urls.py", line 740, in <module>
    path('api/verify-admin/', verify_admin, name='verify_admin'),
                              ^^^^^^^^^^^^
NameError: name 'verify_admin' is not defined
Traceback (most recent call last):
  File "/home/ubuntu/tmath/.venv/bin/celery", line 6, in <module>
    sys.exit(main())
             ^^^^^^
  File "/home/ubuntu/tmath/.venv/lib/python3.12/site-packages/celery/__main__.py", line 15, in main
    sys.exit(_main())
             ^^^^^^^
  File "/home/ubuntu/tmath/.venv/lib/python3.12/site-packages/celery/bin/celery.py", line 227, in main
    return celery(auto_envvar_prefix="CELERY")
           ^^^^^^^^^^^^^^^^^^^^^^^^^^^^^^^^^^^
  File "/home/ubuntu/tmath/.venv/lib/python3.12/site-packages/click/core.py", line 1569, in __call__
    return self.main(*args, **kwargs)
           ^^^^^^^^^^^^^^^^^^^^^^^^^^
  File "/home/ubuntu/tmath/.venv/lib/python3.12/site-packages/click/core.py", line 1490, in main
    rv = self.invoke(ctx)
         ^^^^^^^^^^^^^^^^
  File "/home/ubuntu/tmath/.venv/lib/python3.12/site-packages/click/core.py", line 1970, in invoke
    return _process_result(sub_ctx.command.invoke(sub_ctx))
                           ^^^^^^^^^^^^^^^^^^^^^^^^^^^^^^^
  File "/home/ubuntu/tmath/.venv/lib/python3.12/site-packages/click/core.py", line 1353, in invoke
    return ctx.invoke(self.callback, **ctx.params)
           ^^^^^^^^^^^^^^^^^^^^^^^^^^^^^^^^^^^^^^^
  File "/home/ubuntu/tmath/.venv/lib/python3.12/site-packages/click/core.py", line 907, in invoke
    return callback(*args, **kwargs)
           ^^^^^^^^^^^^^^^^^^^^^^^^^
  File "/home/ubuntu/tmath/.venv/lib/python3.12/site-packages/click/decorators.py", line 34, in new_func
    return f(get_current_context(), *args, **kwargs)
           ^^^^^^^^^^^^^^^^^^^^^^^^^^^^^^^^^^^^^^^^^
  File "/home/ubuntu/tmath/.venv/lib/python3.12/site-packages/celery/bin/base.py", line 158, in caller
    return f(ctx, *args, **kwargs)
           ^^^^^^^^^^^^^^^^^^^^^^^
  File "/home/ubuntu/tmath/.venv/lib/python3.12/site-packages/celery/bin/worker.py", line 359, in worker
    worker = app.Worker(
             ^^^^^^^^^^^
  File "/home/ubuntu/tmath/.venv/lib/python3.12/site-packages/celery/worker/worker.py", line 94, in __init__
    self.app.loader.init_worker()
  File "/home/ubuntu/tmath/.venv/lib/python3.12/site-packages/celery/loaders/base.py", line 110, in init_worker
    self.import_default_modules()
  File "/home/ubuntu/tmath/.venv/lib/python3.12/site-packages/celery/loaders/base.py", line 104, in import_default_modules
    raise response
  File "/home/ubuntu/tmath/.venv/lib/python3.12/site-packages/celery/utils/dispatch/signal.py", line 280, in send
    response = receiver(signal=self, sender=sender, **named)
               ^^^^^^^^^^^^^^^^^^^^^^^^^^^^^^^^^^^^^^^^^^^^^
  File "/home/ubuntu/tmath/.venv/lib/python3.12/site-packages/celery/fixups/django.py", line 103, in on_import_modules
    self.worker_fixup.validate_models()
  File "/home/ubuntu/tmath/.venv/lib/python3.12/site-packages/celery/fixups/django.py", line 154, in validate_models
    run_checks()
  File "/home/ubuntu/tmath/.venv/lib/python3.12/site-packages/django/core/checks/registry.py", line 88, in run_checks
    new_errors = check(app_configs=app_configs, databases=databases)
                 ^^^^^^^^^^^^^^^^^^^^^^^^^^^^^^^^^^^^^^^^^^^^^^^^^^^
  File "/home/ubuntu/tmath/.venv/lib/python3.12/site-packages/django/core/checks/urls.py", line 14, in check_url_config
    return check_resolver(resolver)
           ^^^^^^^^^^^^^^^^^^^^^^^^
  File "/home/ubuntu/tmath/.venv/lib/python3.12/site-packages/django/core/checks/urls.py", line 24, in check_resolver
    return check_method()
           ^^^^^^^^^^^^^^
  File "/home/ubuntu/tmath/.venv/lib/python3.12/site-packages/django/urls/resolvers.py", line 494, in check
    for pattern in self.url_patterns:
                   ^^^^^^^^^^^^^^^^^
  File "/home/ubuntu/tmath/.venv/lib/python3.12/site-packages/django/utils/functional.py", line 57, in __get__
    res = instance.__dict__[self.name] = self.func(instance)
                                         ^^^^^^^^^^^^^^^^^^^
  File "/home/ubuntu/tmath/.venv/lib/python3.12/site-packages/django/urls/resolvers.py", line 715, in url_patterns
    patterns = getattr(self.urlconf_module, "urlpatterns", self.urlconf_module)
                       ^^^^^^^^^^^^^^^^^^^
  File "/home/ubuntu/tmath/.venv/lib/python3.12/site-packages/django/utils/functional.py", line 57, in __get__
    res = instance.__dict__[self.name] = self.func(instance)
                                         ^^^^^^^^^^^^^^^^^^^
  File "/home/ubuntu/tmath/.venv/lib/python3.12/site-packages/django/urls/resolvers.py", line 708, in urlconf_module
    return import_module(self.urlconf_name)
           ^^^^^^^^^^^^^^^^^^^^^^^^^^^^^^^^
  File "/usr/lib/python3.12/importlib/__init__.py", line 90, in import_module
    return _bootstrap._gcd_import(name[level:], package, level)
           ^^^^^^^^^^^^^^^^^^^^^^^^^^^^^^^^^^^^^^^^^^^^^^^^^^^^
  File "<frozen importlib._bootstrap>", line 1387, in _gcd_import
  File "<frozen importlib._bootstrap>", line 1360, in _find_and_load
  File "<frozen importlib._bootstrap>", line 1331, in _find_and_load_unlocked
  File "<frozen importlib._bootstrap>", line 935, in _load_unlocked
  File "<frozen importlib._bootstrap_external>", line 995, in exec_module
  File "<frozen importlib._bootstrap>", line 488, in _call_with_frames_removed
  File "/home/ubuntu/tmath/tmath/urls.py", line 740, in <module>
    path('api/verify-admin/', verify_admin, name='verify_admin'),
                              ^^^^^^^^^^^^
NameError: name 'verify_admin' is not defined
ERROR 2026-09-20 14:56:37,407 signal Signal handler <bound method DjangoFixup.on_import_modules of <celery.fixups.django.DjangoFixup object at 0x73c4b9465dc0>> raised: NameError("name 'verify_admin' is not defined")
Traceback (most recent call last):
  File "/home/ubuntu/tmath/.venv/lib/python3.12/site-packages/celery/utils/dispatch/signal.py", line 280, in send
    response = receiver(signal=self, sender=sender, **named)
               ^^^^^^^^^^^^^^^^^^^^^^^^^^^^^^^^^^^^^^^^^^^^^
  File "/home/ubuntu/tmath/.venv/lib/python3.12/site-packages/celery/fixups/django.py", line 103, in on_import_modules
    self.worker_fixup.validate_models()
  File "/home/ubuntu/tmath/.venv/lib/python3.12/site-packages/celery/fixups/django.py", line 154, in validate_models
    run_checks()
  File "/home/ubuntu/tmath/.venv/lib/python3.12/site-packages/django/core/checks/registry.py", line 88, in run_checks
    new_errors = check(app_configs=app_configs, databases=databases)
                 ^^^^^^^^^^^^^^^^^^^^^^^^^^^^^^^^^^^^^^^^^^^^^^^^^^^
  File "/home/ubuntu/tmath/.venv/lib/python3.12/site-packages/django/core/checks/urls.py", line 14, in check_url_config
    return check_resolver(resolver)
           ^^^^^^^^^^^^^^^^^^^^^^^^
  File "/home/ubuntu/tmath/.venv/lib/python3.12/site-packages/django/core/checks/urls.py", line 24, in check_resolver
    return check_method()
           ^^^^^^^^^^^^^^
  File "/home/ubuntu/tmath/.venv/lib/python3.12/site-packages/django/urls/resolvers.py", line 494, in check
    for pattern in self.url_patterns:
                   ^^^^^^^^^^^^^^^^^
  File "/home/ubuntu/tmath/.venv/lib/python3.12/site-packages/django/utils/functional.py", line 57, in __get__
    res = instance.__dict__[self.name] = self.func(instance)
                                         ^^^^^^^^^^^^^^^^^^^
  File "/home/ubuntu/tmath/.venv/lib/python3.12/site-packages/django/urls/resolvers.py", line 715, in url_patterns
    patterns = getattr(self.urlconf_module, "urlpatterns", self.urlconf_module)
                       ^^^^^^^^^^^^^^^^^^^
  File "/home/ubuntu/tmath/.venv/lib/python3.12/site-packages/django/utils/functional.py", line 57, in __get__
    res = instance.__dict__[self.name] = self.func(instance)
                                         ^^^^^^^^^^^^^^^^^^^
  File "/home/ubuntu/tmath/.venv/lib/python3.12/site-packages/django/urls/resolvers.py", line 708, in urlconf_module
    return import_module(self.urlconf_name)
           ^^^^^^^^^^^^^^^^^^^^^^^^^^^^^^^^
  File "/usr/lib/python3.12/importlib/__init__.py", line 90, in import_module
    return _bootstrap._gcd_import(name[level:], package, level)
           ^^^^^^^^^^^^^^^^^^^^^^^^^^^^^^^^^^^^^^^^^^^^^^^^^^^^
  File "<frozen importlib._bootstrap>", line 1387, in _gcd_import
  File "<frozen importlib._bootstrap>", line 1360, in _find_and_load
  File "<frozen importlib._bootstrap>", line 1331, in _find_and_load_unlocked
  File "<frozen importlib._bootstrap>", line 935, in _load_unlocked
  File "<frozen importlib._bootstrap_external>", line 995, in exec_module
  File "<frozen importlib._bootstrap>", line 488, in _call_with_frames_removed
  File "/home/ubuntu/tmath/tmath/urls.py", line 740, in <module>
    path('api/verify-admin/', verify_admin, name='verify_admin'),
                              ^^^^^^^^^^^^
NameError: name 'verify_admin' is not defined
Traceback (most recent call last):
  File "/home/ubuntu/tmath/.venv/bin/celery", line 6, in <module>
    sys.exit(main())
             ^^^^^^
  File "/home/ubuntu/tmath/.venv/lib/python3.12/site-packages/celery/__main__.py", line 15, in main
    sys.exit(_main())
             ^^^^^^^
  File "/home/ubuntu/tmath/.venv/lib/python3.12/site-packages/celery/bin/celery.py", line 227, in main
    return celery(auto_envvar_prefix="CELERY")
           ^^^^^^^^^^^^^^^^^^^^^^^^^^^^^^^^^^^
  File "/home/ubuntu/tmath/.venv/lib/python3.12/site-packages/click/core.py", line 1569, in __call__
    return self.main(*args, **kwargs)
           ^^^^^^^^^^^^^^^^^^^^^^^^^^
  File "/home/ubuntu/tmath/.venv/lib/python3.12/site-packages/click/core.py", line 1490, in main
    rv = self.invoke(ctx)
         ^^^^^^^^^^^^^^^^
  File "/home/ubuntu/tmath/.venv/lib/python3.12/site-packages/click/core.py", line 1970, in invoke
    return _process_result(sub_ctx.command.invoke(sub_ctx))
                           ^^^^^^^^^^^^^^^^^^^^^^^^^^^^^^^
  File "/home/ubuntu/tmath/.venv/lib/python3.12/site-packages/click/core.py", line 1353, in invoke
    return ctx.invoke(self.callback, **ctx.params)
           ^^^^^^^^^^^^^^^^^^^^^^^^^^^^^^^^^^^^^^^
  File "/home/ubuntu/tmath/.venv/lib/python3.12/site-packages/click/core.py", line 907, in invoke
    return callback(*args, **kwargs)
           ^^^^^^^^^^^^^^^^^^^^^^^^^
  File "/home/ubuntu/tmath/.venv/lib/python3.12/site-packages/click/decorators.py", line 34, in new_func
    return f(get_current_context(), *args, **kwargs)
           ^^^^^^^^^^^^^^^^^^^^^^^^^^^^^^^^^^^^^^^^^
  File "/home/ubuntu/tmath/.venv/lib/python3.12/site-packages/celery/bin/base.py", line 158, in caller
    return f(ctx, *args, **kwargs)
           ^^^^^^^^^^^^^^^^^^^^^^^
  File "/home/ubuntu/tmath/.venv/lib/python3.12/site-packages/celery/bin/worker.py", line 359, in worker
    worker = app.Worker(
             ^^^^^^^^^^^
  File "/home/ubuntu/tmath/.venv/lib/python3.12/site-packages/celery/worker/worker.py", line 94, in __init__
    self.app.loader.init_worker()
  File "/home/ubuntu/tmath/.venv/lib/python3.12/site-packages/celery/loaders/base.py", line 110, in init_worker
    self.import_default_modules()
  File "/home/ubuntu/tmath/.venv/lib/python3.12/site-packages/celery/loaders/base.py", line 104, in import_default_modules
    raise response
  File "/home/ubuntu/tmath/.venv/lib/python3.12/site-packages/celery/utils/dispatch/signal.py", line 280, in send
    response = receiver(signal=self, sender=sender, **named)
               ^^^^^^^^^^^^^^^^^^^^^^^^^^^^^^^^^^^^^^^^^^^^^
  File "/home/ubuntu/tmath/.venv/lib/python3.12/site-packages/celery/fixups/django.py", line 103, in on_import_modules
    self.worker_fixup.validate_models()
  File "/home/ubuntu/tmath/.venv/lib/python3.12/site-packages/celery/fixups/django.py", line 154, in validate_models
    run_checks()
  File "/home/ubuntu/tmath/.venv/lib/python3.12/site-packages/django/core/checks/registry.py", line 88, in run_checks
    new_errors = check(app_configs=app_configs, databases=databases)
                 ^^^^^^^^^^^^^^^^^^^^^^^^^^^^^^^^^^^^^^^^^^^^^^^^^^^
  File "/home/ubuntu/tmath/.venv/lib/python3.12/site-packages/django/core/checks/urls.py", line 14, in check_url_config
    return check_resolver(resolver)
           ^^^^^^^^^^^^^^^^^^^^^^^^
  File "/home/ubuntu/tmath/.venv/lib/python3.12/site-packages/django/core/checks/urls.py", line 24, in check_resolver
    return check_method()
           ^^^^^^^^^^^^^^
  File "/home/ubuntu/tmath/.venv/lib/python3.12/site-packages/django/urls/resolvers.py", line 494, in check
    for pattern in self.url_patterns:
                   ^^^^^^^^^^^^^^^^^
  File "/home/ubuntu/tmath/.venv/lib/python3.12/site-packages/django/utils/functional.py", line 57, in __get__
    res = instance.__dict__[self.name] = self.func(instance)
                                         ^^^^^^^^^^^^^^^^^^^
  File "/home/ubuntu/tmath/.venv/lib/python3.12/site-packages/django/urls/resolvers.py", line 715, in url_patterns
    patterns = getattr(self.urlconf_module, "urlpatterns", self.urlconf_module)
                       ^^^^^^^^^^^^^^^^^^^
  File "/home/ubuntu/tmath/.venv/lib/python3.12/site-packages/django/utils/functional.py", line 57, in __get__
    res = instance.__dict__[self.name] = self.func(instance)
                                         ^^^^^^^^^^^^^^^^^^^
  File "/home/ubuntu/tmath/.venv/lib/python3.12/site-packages/django/urls/resolvers.py", line 708, in urlconf_module
    return import_module(self.urlconf_name)
           ^^^^^^^^^^^^^^^^^^^^^^^^^^^^^^^^
  File "/usr/lib/python3.12/importlib/__init__.py", line 90, in import_module
    return _bootstrap._gcd_import(name[level:], package, level)
           ^^^^^^^^^^^^^^^^^^^^^^^^^^^^^^^^^^^^^^^^^^^^^^^^^^^^
  File "<frozen importlib._bootstrap>", line 1387, in _gcd_import
  File "<frozen importlib._bootstrap>", line 1360, in _find_and_load
  File "<frozen importlib._bootstrap>", line 1331, in _find_and_load_unlocked
  File "<frozen importlib._bootstrap>", line 935, in _load_unlocked
  File "<frozen importlib._bootstrap_external>", line 995, in exec_module
  File "<frozen importlib._bootstrap>", line 488, in _call_with_frames_removed
  File "/home/ubuntu/tmath/tmath/urls.py", line 740, in <module>
    path('api/verify-admin/', verify_admin, name='verify_admin'),
                              ^^^^^^^^^^^^
NameError: name 'verify_admin' is not defined
ERROR 2026-09-20 14:56:39,773 signal Signal handler <bound method DjangoFixup.on_import_modules of <celery.fixups.django.DjangoFixup object at 0x79e4bd06ddc0>> raised: NameError("name 'verify_admin' is not defined")
Traceback (most recent call last):
  File "/home/ubuntu/tmath/.venv/lib/python3.12/site-packages/celery/utils/dispatch/signal.py", line 280, in send
    response = receiver(signal=self, sender=sender, **named)
               ^^^^^^^^^^^^^^^^^^^^^^^^^^^^^^^^^^^^^^^^^^^^^
  File "/home/ubuntu/tmath/.venv/lib/python3.12/site-packages/celery/fixups/django.py", line 103, in on_import_modules
    self.worker_fixup.validate_models()
  File "/home/ubuntu/tmath/.venv/lib/python3.12/site-packages/celery/fixups/django.py", line 154, in validate_models
    run_checks()
  File "/home/ubuntu/tmath/.venv/lib/python3.12/site-packages/django/core/checks/registry.py", line 88, in run_checks
    new_errors = check(app_configs=app_configs, databases=databases)
                 ^^^^^^^^^^^^^^^^^^^^^^^^^^^^^^^^^^^^^^^^^^^^^^^^^^^
  File "/home/ubuntu/tmath/.venv/lib/python3.12/site-packages/django/core/checks/urls.py", line 14, in check_url_config
    return check_resolver(resolver)
           ^^^^^^^^^^^^^^^^^^^^^^^^
  File "/home/ubuntu/tmath/.venv/lib/python3.12/site-packages/django/core/checks/urls.py", line 24, in check_resolver
    return check_method()
           ^^^^^^^^^^^^^^
  File "/home/ubuntu/tmath/.venv/lib/python3.12/site-packages/django/urls/resolvers.py", line 494, in check
    for pattern in self.url_patterns:
                   ^^^^^^^^^^^^^^^^^
  File "/home/ubuntu/tmath/.venv/lib/python3.12/site-packages/django/utils/functional.py", line 57, in __get__
    res = instance.__dict__[self.name] = self.func(instance)
                                         ^^^^^^^^^^^^^^^^^^^
  File "/home/ubuntu/tmath/.venv/lib/python3.12/site-packages/django/urls/resolvers.py", line 715, in url_patterns
    patterns = getattr(self.urlconf_module, "urlpatterns", self.urlconf_module)
                       ^^^^^^^^^^^^^^^^^^^
  File "/home/ubuntu/tmath/.venv/lib/python3.12/site-packages/django/utils/functional.py", line 57, in __get__
    res = instance.__dict__[self.name] = self.func(instance)
                                         ^^^^^^^^^^^^^^^^^^^
  File "/home/ubuntu/tmath/.venv/lib/python3.12/site-packages/django/urls/resolvers.py", line 708, in urlconf_module
    return import_module(self.urlconf_name)
           ^^^^^^^^^^^^^^^^^^^^^^^^^^^^^^^^
  File "/usr/lib/python3.12/importlib/__init__.py", line 90, in import_module
    return _bootstrap._gcd_import(name[level:], package, level)
           ^^^^^^^^^^^^^^^^^^^^^^^^^^^^^^^^^^^^^^^^^^^^^^^^^^^^
  File "<frozen importlib._bootstrap>", line 1387, in _gcd_import
  File "<frozen importlib._bootstrap>", line 1360, in _find_and_load
  File "<frozen importlib._bootstrap>", line 1331, in _find_and_load_unlocked
  File "<frozen importlib._bootstrap>", line 935, in _load_unlocked
  File "<frozen importlib._bootstrap_external>", line 995, in exec_module
  File "<frozen importlib._bootstrap>", line 488, in _call_with_frames_removed
  File "/home/ubuntu/tmath/tmath/urls.py", line 740, in <module>
    path('api/verify-admin/', verify_admin, name='verify_admin'),
                              ^^^^^^^^^^^^
NameError: name 'verify_admin' is not defined
Traceback (most recent call last):
  File "/home/ubuntu/tmath/.venv/bin/celery", line 6, in <module>
    sys.exit(main())
             ^^^^^^
  File "/home/ubuntu/tmath/.venv/lib/python3.12/site-packages/celery/__main__.py", line 15, in main
    sys.exit(_main())
             ^^^^^^^
  File "/home/ubuntu/tmath/.venv/lib/python3.12/site-packages/celery/bin/celery.py", line 227, in main
    return celery(auto_envvar_prefix="CELERY")
           ^^^^^^^^^^^^^^^^^^^^^^^^^^^^^^^^^^^
  File "/home/ubuntu/tmath/.venv/lib/python3.12/site-packages/click/core.py", line 1569, in __call__
    return self.main(*args, **kwargs)
           ^^^^^^^^^^^^^^^^^^^^^^^^^^
  File "/home/ubuntu/tmath/.venv/lib/python3.12/site-packages/click/core.py", line 1490, in main
    rv = self.invoke(ctx)
         ^^^^^^^^^^^^^^^^
  File "/home/ubuntu/tmath/.venv/lib/python3.12/site-packages/click/core.py", line 1970, in invoke
    return _process_result(sub_ctx.command.invoke(sub_ctx))
                           ^^^^^^^^^^^^^^^^^^^^^^^^^^^^^^^
  File "/home/ubuntu/tmath/.venv/lib/python3.12/site-packages/click/core.py", line 1353, in invoke
    return ctx.invoke(self.callback, **ctx.params)
           ^^^^^^^^^^^^^^^^^^^^^^^^^^^^^^^^^^^^^^^
  File "/home/ubuntu/tmath/.venv/lib/python3.12/site-packages/click/core.py", line 907, in invoke
    return callback(*args, **kwargs)
           ^^^^^^^^^^^^^^^^^^^^^^^^^
  File "/home/ubuntu/tmath/.venv/lib/python3.12/site-packages/click/decorators.py", line 34, in new_func
    return f(get_current_context(), *args, **kwargs)
           ^^^^^^^^^^^^^^^^^^^^^^^^^^^^^^^^^^^^^^^^^
  File "/home/ubuntu/tmath/.venv/lib/python3.12/site-packages/celery/bin/base.py", line 158, in caller
    return f(ctx, *args, **kwargs)
           ^^^^^^^^^^^^^^^^^^^^^^^
  File "/home/ubuntu/tmath/.venv/lib/python3.12/site-packages/celery/bin/worker.py", line 359, in worker
    worker = app.Worker(
             ^^^^^^^^^^^
  File "/home/ubuntu/tmath/.venv/lib/python3.12/site-packages/celery/worker/worker.py", line 94, in __init__
    self.app.loader.init_worker()
  File "/home/ubuntu/tmath/.venv/lib/python3.12/site-packages/celery/loaders/base.py", line 110, in init_worker
    self.import_default_modules()
  File "/home/ubuntu/tmath/.venv/lib/python3.12/site-packages/celery/loaders/base.py", line 104, in import_default_modules
    raise response
  File "/home/ubuntu/tmath/.venv/lib/python3.12/site-packages/celery/utils/dispatch/signal.py", line 280, in send
    response = receiver(signal=self, sender=sender, **named)
               ^^^^^^^^^^^^^^^^^^^^^^^^^^^^^^^^^^^^^^^^^^^^^
  File "/home/ubuntu/tmath/.venv/lib/python3.12/site-packages/celery/fixups/django.py", line 103, in on_import_modules
    self.worker_fixup.validate_models()
  File "/home/ubuntu/tmath/.venv/lib/python3.12/site-packages/celery/fixups/django.py", line 154, in validate_models
    run_checks()
  File "/home/ubuntu/tmath/.venv/lib/python3.12/site-packages/django/core/checks/registry.py", line 88, in run_checks
    new_errors = check(app_configs=app_configs, databases=databases)
                 ^^^^^^^^^^^^^^^^^^^^^^^^^^^^^^^^^^^^^^^^^^^^^^^^^^^
  File "/home/ubuntu/tmath/.venv/lib/python3.12/site-packages/django/core/checks/urls.py", line 14, in check_url_config
    return check_resolver(resolver)
           ^^^^^^^^^^^^^^^^^^^^^^^^
  File "/home/ubuntu/tmath/.venv/lib/python3.12/site-packages/django/core/checks/urls.py", line 24, in check_resolver
    return check_method()
           ^^^^^^^^^^^^^^
  File "/home/ubuntu/tmath/.venv/lib/python3.12/site-packages/django/urls/resolvers.py", line 494, in check
    for pattern in self.url_patterns:
                   ^^^^^^^^^^^^^^^^^
  File "/home/ubuntu/tmath/.venv/lib/python3.12/site-packages/django/utils/functional.py", line 57, in __get__
    res = instance.__dict__[self.name] = self.func(instance)
                                         ^^^^^^^^^^^^^^^^^^^
  File "/home/ubuntu/tmath/.venv/lib/python3.12/site-packages/django/urls/resolvers.py", line 715, in url_patterns
    patterns = getattr(self.urlconf_module, "urlpatterns", self.urlconf_module)
                       ^^^^^^^^^^^^^^^^^^^
  File "/home/ubuntu/tmath/.venv/lib/python3.12/site-packages/django/utils/functional.py", line 57, in __get__
    res = instance.__dict__[self.name] = self.func(instance)
                                         ^^^^^^^^^^^^^^^^^^^
  File "/home/ubuntu/tmath/.venv/lib/python3.12/site-packages/django/urls/resolvers.py", line 708, in urlconf_module
    return import_module(self.urlconf_name)
           ^^^^^^^^^^^^^^^^^^^^^^^^^^^^^^^^
  File "/usr/lib/python3.12/importlib/__init__.py", line 90, in import_module
    return _bootstrap._gcd_import(name[level:], package, level)
           ^^^^^^^^^^^^^^^^^^^^^^^^^^^^^^^^^^^^^^^^^^^^^^^^^^^^
  File "<frozen importlib._bootstrap>", line 1387, in _gcd_import
  File "<frozen importlib._bootstrap>", line 1360, in _find_and_load
  File "<frozen importlib._bootstrap>", line 1331, in _find_and_load_unlocked
  File "<frozen importlib._bootstrap>", line 935, in _load_unlocked
  File "<frozen importlib._bootstrap_external>", line 995, in exec_module
  File "<frozen importlib._bootstrap>", line 488, in _call_with_frames_removed
  File "/home/ubuntu/tmath/tmath/urls.py", line 740, in <module>
    path('api/verify-admin/', verify_admin, name='verify_admin'),
                              ^^^^^^^^^^^^
NameError: name 'verify_admin' is not defined
ERROR 2026-09-20 14:56:42,102 signal Signal handler <bound method DjangoFixup.on_import_modules of <celery.fixups.django.DjangoFixup object at 0x714152e11160>> raised: NameError("name 'verify_admin' is not defined")
Traceback (most recent call last):
  File "/home/ubuntu/tmath/.venv/lib/python3.12/site-packages/celery/utils/dispatch/signal.py", line 280, in send
    response = receiver(signal=self, sender=sender, **named)
               ^^^^^^^^^^^^^^^^^^^^^^^^^^^^^^^^^^^^^^^^^^^^^
  File "/home/ubuntu/tmath/.venv/lib/python3.12/site-packages/celery/fixups/django.py", line 103, in on_import_modules
    self.worker_fixup.validate_models()
  File "/home/ubuntu/tmath/.venv/lib/python3.12/site-packages/celery/fixups/django.py", line 154, in validate_models
    run_checks()
  File "/home/ubuntu/tmath/.venv/lib/python3.12/site-packages/django/core/checks/registry.py", line 88, in run_checks
    new_errors = check(app_configs=app_configs, databases=databases)
                 ^^^^^^^^^^^^^^^^^^^^^^^^^^^^^^^^^^^^^^^^^^^^^^^^^^^
  File "/home/ubuntu/tmath/.venv/lib/python3.12/site-packages/django/core/checks/urls.py", line 14, in check_url_config
    return check_resolver(resolver)
           ^^^^^^^^^^^^^^^^^^^^^^^^
  File "/home/ubuntu/tmath/.venv/lib/python3.12/site-packages/django/core/checks/urls.py", line 24, in check_resolver
    return check_method()
           ^^^^^^^^^^^^^^
  File "/home/ubuntu/tmath/.venv/lib/python3.12/site-packages/django/urls/resolvers.py", line 494, in check
    for pattern in self.url_patterns:
                   ^^^^^^^^^^^^^^^^^
  File "/home/ubuntu/tmath/.venv/lib/python3.12/site-packages/django/utils/functional.py", line 57, in __get__
    res = instance.__dict__[self.name] = self.func(instance)
                                         ^^^^^^^^^^^^^^^^^^^
  File "/home/ubuntu/tmath/.venv/lib/python3.12/site-packages/django/urls/resolvers.py", line 715, in url_patterns
    patterns = getattr(self.urlconf_module, "urlpatterns", self.urlconf_module)
                       ^^^^^^^^^^^^^^^^^^^
  File "/home/ubuntu/tmath/.venv/lib/python3.12/site-packages/django/utils/functional.py", line 57, in __get__
    res = instance.__dict__[self.name] = self.func(instance)
                                         ^^^^^^^^^^^^^^^^^^^
  File "/home/ubuntu/tmath/.venv/lib/python3.12/site-packages/django/urls/resolvers.py", line 708, in urlconf_module
    return import_module(self.urlconf_name)
           ^^^^^^^^^^^^^^^^^^^^^^^^^^^^^^^^
  File "/usr/lib/python3.12/importlib/__init__.py", line 90, in import_module
    return _bootstrap._gcd_import(name[level:], package, level)
           ^^^^^^^^^^^^^^^^^^^^^^^^^^^^^^^^^^^^^^^^^^^^^^^^^^^^
  File "<frozen importlib._bootstrap>", line 1387, in _gcd_import
  File "<frozen importlib._bootstrap>", line 1360, in _find_and_load
  File "<frozen importlib._bootstrap>", line 1331, in _find_and_load_unlocked
  File "<frozen importlib._bootstrap>", line 935, in _load_unlocked
  File "<frozen importlib._bootstrap_external>", line 995, in exec_module
  File "<frozen importlib._bootstrap>", line 488, in _call_with_frames_removed
  File "/home/ubuntu/tmath/tmath/urls.py", line 740, in <module>
    path('api/verify-admin/', verify_admin, name='verify_admin'),
                              ^^^^^^^^^^^^
NameError: name 'verify_admin' is not defined
Traceback (most recent call last):
  File "/home/ubuntu/tmath/.venv/bin/celery", line 6, in <module>
    sys.exit(main())
             ^^^^^^
  File "/home/ubuntu/tmath/.venv/lib/python3.12/site-packages/celery/__main__.py", line 15, in main
    sys.exit(_main())
             ^^^^^^^
  File "/home/ubuntu/tmath/.venv/lib/python3.12/site-packages/celery/bin/celery.py", line 227, in main
    return celery(auto_envvar_prefix="CELERY")
           ^^^^^^^^^^^^^^^^^^^^^^^^^^^^^^^^^^^
  File "/home/ubuntu/tmath/.venv/lib/python3.12/site-packages/click/core.py", line 1569, in __call__
    return self.main(*args, **kwargs)
           ^^^^^^^^^^^^^^^^^^^^^^^^^^
  File "/home/ubuntu/tmath/.venv/lib/python3.12/site-packages/click/core.py", line 1490, in main
    rv = self.invoke(ctx)
         ^^^^^^^^^^^^^^^^
  File "/home/ubuntu/tmath/.venv/lib/python3.12/site-packages/click/core.py", line 1970, in invoke
    return _process_result(sub_ctx.command.invoke(sub_ctx))
                           ^^^^^^^^^^^^^^^^^^^^^^^^^^^^^^^
  File "/home/ubuntu/tmath/.venv/lib/python3.12/site-packages/click/core.py", line 1353, in invoke
    return ctx.invoke(self.callback, **ctx.params)
           ^^^^^^^^^^^^^^^^^^^^^^^^^^^^^^^^^^^^^^^
  File "/home/ubuntu/tmath/.venv/lib/python3.12/site-packages/click/core.py", line 907, in invoke
    return callback(*args, **kwargs)
           ^^^^^^^^^^^^^^^^^^^^^^^^^
  File "/home/ubuntu/tmath/.venv/lib/python3.12/site-packages/click/decorators.py", line 34, in new_func
    return f(get_current_context(), *args, **kwargs)
           ^^^^^^^^^^^^^^^^^^^^^^^^^^^^^^^^^^^^^^^^^
  File "/home/ubuntu/tmath/.venv/lib/python3.12/site-packages/celery/bin/base.py", line 158, in caller
    return f(ctx, *args, **kwargs)
           ^^^^^^^^^^^^^^^^^^^^^^^
  File "/home/ubuntu/tmath/.venv/lib/python3.12/site-packages/celery/bin/worker.py", line 359, in worker
    worker = app.Worker(
             ^^^^^^^^^^^
  File "/home/ubuntu/tmath/.venv/lib/python3.12/site-packages/celery/worker/worker.py", line 94, in __init__
    self.app.loader.init_worker()
  File "/home/ubuntu/tmath/.venv/lib/python3.12/site-packages/celery/loaders/base.py", line 110, in init_worker
    self.import_default_modules()
  File "/home/ubuntu/tmath/.venv/lib/python3.12/site-packages/celery/loaders/base.py", line 104, in import_default_modules
    raise response
  File "/home/ubuntu/tmath/.venv/lib/python3.12/site-packages/celery/utils/dispatch/signal.py", line 280, in send
    response = receiver(signal=self, sender=sender, **named)
               ^^^^^^^^^^^^^^^^^^^^^^^^^^^^^^^^^^^^^^^^^^^^^
  File "/home/ubuntu/tmath/.venv/lib/python3.12/site-packages/celery/fixups/django.py", line 103, in on_import_modules
    self.worker_fixup.validate_models()
  File "/home/ubuntu/tmath/.venv/lib/python3.12/site-packages/celery/fixups/django.py", line 154, in validate_models
    run_checks()
  File "/home/ubuntu/tmath/.venv/lib/python3.12/site-packages/django/core/checks/registry.py", line 88, in run_checks
    new_errors = check(app_configs=app_configs, databases=databases)
                 ^^^^^^^^^^^^^^^^^^^^^^^^^^^^^^^^^^^^^^^^^^^^^^^^^^^
  File "/home/ubuntu/tmath/.venv/lib/python3.12/site-packages/django/core/checks/urls.py", line 14, in check_url_config
    return check_resolver(resolver)
           ^^^^^^^^^^^^^^^^^^^^^^^^
  File "/home/ubuntu/tmath/.venv/lib/python3.12/site-packages/django/core/checks/urls.py", line 24, in check_resolver
    return check_method()
           ^^^^^^^^^^^^^^
  File "/home/ubuntu/tmath/.venv/lib/python3.12/site-packages/django/urls/resolvers.py", line 494, in check
    for pattern in self.url_patterns:
                   ^^^^^^^^^^^^^^^^^
  File "/home/ubuntu/tmath/.venv/lib/python3.12/site-packages/django/utils/functional.py", line 57, in __get__
    res = instance.__dict__[self.name] = self.func(instance)
                                         ^^^^^^^^^^^^^^^^^^^
  File "/home/ubuntu/tmath/.venv/lib/python3.12/site-packages/django/urls/resolvers.py", line 715, in url_patterns
    patterns = getattr(self.urlconf_module, "urlpatterns", self.urlconf_module)
                       ^^^^^^^^^^^^^^^^^^^
  File "/home/ubuntu/tmath/.venv/lib/python3.12/site-packages/django/utils/functional.py", line 57, in __get__
    res = instance.__dict__[self.name] = self.func(instance)
                                         ^^^^^^^^^^^^^^^^^^^
  File "/home/ubuntu/tmath/.venv/lib/python3.12/site-packages/django/urls/resolvers.py", line 708, in urlconf_module
    return import_module(self.urlconf_name)
           ^^^^^^^^^^^^^^^^^^^^^^^^^^^^^^^^
  File "/usr/lib/python3.12/importlib/__init__.py", line 90, in import_module
    return _bootstrap._gcd_import(name[level:], package, level)
           ^^^^^^^^^^^^^^^^^^^^^^^^^^^^^^^^^^^^^^^^^^^^^^^^^^^^
  File "<frozen importlib._bootstrap>", line 1387, in _gcd_import
  File "<frozen importlib._bootstrap>", line 1360, in _find_and_load
  File "<frozen importlib._bootstrap>", line 1331, in _find_and_load_unlocked
  File "<frozen importlib._bootstrap>", line 935, in _load_unlocked
  File "<frozen importlib._bootstrap_external>", line 995, in exec_module
  File "<frozen importlib._bootstrap>", line 488, in _call_with_frames_removed
  File "/home/ubuntu/tmath/tmath/urls.py", line 740, in <module>
    path('api/verify-admin/', verify_admin, name='verify_admin'),
                              ^^^^^^^^^^^^
NameError: name 'verify_admin' is not defined
ERROR 2026-09-20 14:56:44,963 signal Signal handler <bound method DjangoFixup.on_import_modules of <celery.fixups.django.DjangoFixup object at 0x7a7e245e1ee0>> raised: NameError("name 'verify_admin' is not defined")
Traceback (most recent call last):
  File "/home/ubuntu/tmath/.venv/lib/python3.12/site-packages/celery/utils/dispatch/signal.py", line 280, in send
    response = receiver(signal=self, sender=sender, **named)
               ^^^^^^^^^^^^^^^^^^^^^^^^^^^^^^^^^^^^^^^^^^^^^
  File "/home/ubuntu/tmath/.venv/lib/python3.12/site-packages/celery/fixups/django.py", line 103, in on_import_modules
    self.worker_fixup.validate_models()
  File "/home/ubuntu/tmath/.venv/lib/python3.12/site-packages/celery/fixups/django.py", line 154, in validate_models
    run_checks()
  File "/home/ubuntu/tmath/.venv/lib/python3.12/site-packages/django/core/checks/registry.py", line 88, in run_checks
    new_errors = check(app_configs=app_configs, databases=databases)
                 ^^^^^^^^^^^^^^^^^^^^^^^^^^^^^^^^^^^^^^^^^^^^^^^^^^^
  File "/home/ubuntu/tmath/.venv/lib/python3.12/site-packages/django/core/checks/urls.py", line 14, in check_url_config
    return check_resolver(resolver)
           ^^^^^^^^^^^^^^^^^^^^^^^^
  File "/home/ubuntu/tmath/.venv/lib/python3.12/site-packages/django/core/checks/urls.py", line 24, in check_resolver
    return check_method()
           ^^^^^^^^^^^^^^
  File "/home/ubuntu/tmath/.venv/lib/python3.12/site-packages/django/urls/resolvers.py", line 494, in check
    for pattern in self.url_patterns:
                   ^^^^^^^^^^^^^^^^^
  File "/home/ubuntu/tmath/.venv/lib/python3.12/site-packages/django/utils/functional.py", line 57, in __get__
    res = instance.__dict__[self.name] = self.func(instance)
                                         ^^^^^^^^^^^^^^^^^^^
  File "/home/ubuntu/tmath/.venv/lib/python3.12/site-packages/django/urls/resolvers.py", line 715, in url_patterns
    patterns = getattr(self.urlconf_module, "urlpatterns", self.urlconf_module)
                       ^^^^^^^^^^^^^^^^^^^
  File "/home/ubuntu/tmath/.venv/lib/python3.12/site-packages/django/utils/functional.py", line 57, in __get__
    res = instance.__dict__[self.name] = self.func(instance)
                                         ^^^^^^^^^^^^^^^^^^^
  File "/home/ubuntu/tmath/.venv/lib/python3.12/site-packages/django/urls/resolvers.py", line 708, in urlconf_module
    return import_module(self.urlconf_name)
           ^^^^^^^^^^^^^^^^^^^^^^^^^^^^^^^^
  File "/usr/lib/python3.12/importlib/__init__.py", line 90, in import_module
    return _bootstrap._gcd_import(name[level:], package, level)
           ^^^^^^^^^^^^^^^^^^^^^^^^^^^^^^^^^^^^^^^^^^^^^^^^^^^^
  File "<frozen importlib._bootstrap>", line 1387, in _gcd_import
  File "<frozen importlib._bootstrap>", line 1360, in _find_and_load
  File "<frozen importlib._bootstrap>", line 1331, in _find_and_load_unlocked
  File "<frozen importlib._bootstrap>", line 935, in _load_unlocked
  File "<frozen importlib._bootstrap_external>", line 995, in exec_module
  File "<frozen importlib._bootstrap>", line 488, in _call_with_frames_removed
  File "/home/ubuntu/tmath/tmath/urls.py", line 740, in <module>
    path('api/verify-admin/', verify_admin, name='verify_admin'),
                              ^^^^^^^^^^^^
NameError: name 'verify_admin' is not defined
Traceback (most recent call last):
  File "/home/ubuntu/tmath/.venv/bin/celery", line 6, in <module>
    sys.exit(main())
             ^^^^^^
  File "/home/ubuntu/tmath/.venv/lib/python3.12/site-packages/celery/__main__.py", line 15, in main
    sys.exit(_main())
             ^^^^^^^
  File "/home/ubuntu/tmath/.venv/lib/python3.12/site-packages/celery/bin/celery.py", line 227, in main
    return celery(auto_envvar_prefix="CELERY")
           ^^^^^^^^^^^^^^^^^^^^^^^^^^^^^^^^^^^
  File "/home/ubuntu/tmath/.venv/lib/python3.12/site-packages/click/core.py", line 1569, in __call__
    return self.main(*args, **kwargs)
           ^^^^^^^^^^^^^^^^^^^^^^^^^^
  File "/home/ubuntu/tmath/.venv/lib/python3.12/site-packages/click/core.py", line 1490, in main
    rv = self.invoke(ctx)
         ^^^^^^^^^^^^^^^^
  File "/home/ubuntu/tmath/.venv/lib/python3.12/site-packages/click/core.py", line 1970, in invoke
    return _process_result(sub_ctx.command.invoke(sub_ctx))
                           ^^^^^^^^^^^^^^^^^^^^^^^^^^^^^^^
  File "/home/ubuntu/tmath/.venv/lib/python3.12/site-packages/click/core.py", line 1353, in invoke
    return ctx.invoke(self.callback, **ctx.params)
           ^^^^^^^^^^^^^^^^^^^^^^^^^^^^^^^^^^^^^^^
  File "/home/ubuntu/tmath/.venv/lib/python3.12/site-packages/click/core.py", line 907, in invoke
    return callback(*args, **kwargs)
           ^^^^^^^^^^^^^^^^^^^^^^^^^
  File "/home/ubuntu/tmath/.venv/lib/python3.12/site-packages/click/decorators.py", line 34, in new_func
    return f(get_current_context(), *args, **kwargs)
           ^^^^^^^^^^^^^^^^^^^^^^^^^^^^^^^^^^^^^^^^^
  File "/home/ubuntu/tmath/.venv/lib/python3.12/site-packages/celery/bin/base.py", line 158, in caller
    return f(ctx, *args, **kwargs)
           ^^^^^^^^^^^^^^^^^^^^^^^
  File "/home/ubuntu/tmath/.venv/lib/python3.12/site-packages/celery/bin/worker.py", line 359, in worker
    worker = app.Worker(
             ^^^^^^^^^^^
  File "/home/ubuntu/tmath/.venv/lib/python3.12/site-packages/celery/worker/worker.py", line 94, in __init__
    self.app.loader.init_worker()
  File "/home/ubuntu/tmath/.venv/lib/python3.12/site-packages/celery/loaders/base.py", line 110, in init_worker
    self.import_default_modules()
  File "/home/ubuntu/tmath/.venv/lib/python3.12/site-packages/celery/loaders/base.py", line 104, in import_default_modules
    raise response
  File "/home/ubuntu/tmath/.venv/lib/python3.12/site-packages/celery/utils/dispatch/signal.py", line 280, in send
    response = receiver(signal=self, sender=sender, **named)
               ^^^^^^^^^^^^^^^^^^^^^^^^^^^^^^^^^^^^^^^^^^^^^
  File "/home/ubuntu/tmath/.venv/lib/python3.12/site-packages/celery/fixups/django.py", line 103, in on_import_modules
    self.worker_fixup.validate_models()
  File "/home/ubuntu/tmath/.venv/lib/python3.12/site-packages/celery/fixups/django.py", line 154, in validate_models
    run_checks()
  File "/home/ubuntu/tmath/.venv/lib/python3.12/site-packages/django/core/checks/registry.py", line 88, in run_checks
    new_errors = check(app_configs=app_configs, databases=databases)
                 ^^^^^^^^^^^^^^^^^^^^^^^^^^^^^^^^^^^^^^^^^^^^^^^^^^^
  File "/home/ubuntu/tmath/.venv/lib/python3.12/site-packages/django/core/checks/urls.py", line 14, in check_url_config
    return check_resolver(resolver)
           ^^^^^^^^^^^^^^^^^^^^^^^^
  File "/home/ubuntu/tmath/.venv/lib/python3.12/site-packages/django/core/checks/urls.py", line 24, in check_resolver
    return check_method()
           ^^^^^^^^^^^^^^
  File "/home/ubuntu/tmath/.venv/lib/python3.12/site-packages/django/urls/resolvers.py", line 494, in check
    for pattern in self.url_patterns:
                   ^^^^^^^^^^^^^^^^^
  File "/home/ubuntu/tmath/.venv/lib/python3.12/site-packages/django/utils/functional.py", line 57, in __get__
    res = instance.__dict__[self.name] = self.func(instance)
                                         ^^^^^^^^^^^^^^^^^^^
  File "/home/ubuntu/tmath/.venv/lib/python3.12/site-packages/django/urls/resolvers.py", line 715, in url_patterns
    patterns = getattr(self.urlconf_module, "urlpatterns", self.urlconf_module)
                       ^^^^^^^^^^^^^^^^^^^
  File "/home/ubuntu/tmath/.venv/lib/python3.12/site-packages/django/utils/functional.py", line 57, in __get__
    res = instance.__dict__[self.name] = self.func(instance)
                                         ^^^^^^^^^^^^^^^^^^^
  File "/home/ubuntu/tmath/.venv/lib/python3.12/site-packages/django/urls/resolvers.py", line 708, in urlconf_module
    return import_module(self.urlconf_name)
           ^^^^^^^^^^^^^^^^^^^^^^^^^^^^^^^^
  File "/usr/lib/python3.12/importlib/__init__.py", line 90, in import_module
    return _bootstrap._gcd_import(name[level:], package, level)
           ^^^^^^^^^^^^^^^^^^^^^^^^^^^^^^^^^^^^^^^^^^^^^^^^^^^^
  File "<frozen importlib._bootstrap>", line 1387, in _gcd_import
  File "<frozen importlib._bootstrap>", line 1360, in _find_and_load
  File "<frozen importlib._bootstrap>", line 1331, in _find_and_load_unlocked
  File "<frozen importlib._bootstrap>", line 935, in _load_unlocked
  File "<frozen importlib._bootstrap_external>", line 995, in exec_module
  File "<frozen importlib._bootstrap>", line 488, in _call_with_frames_removed
  File "/home/ubuntu/tmath/tmath/urls.py", line 740, in <module>
    path('api/verify-admin/', verify_admin, name='verify_admin'),
                              ^^^^^^^^^^^^
NameError: name 'verify_admin' is not defined
ERROR 2026-09-20 14:56:46,961 signal Signal handler <bound method DjangoFixup.on_import_modules of <celery.fixups.django.DjangoFixup object at 0x7cbb07ec3230>> raised: NameError("name 'verify_admin' is not defined")
Traceback (most recent call last):
  File "/home/ubuntu/tmath/.venv/lib/python3.12/site-packages/celery/utils/dispatch/signal.py", line 280, in send
    response = receiver(signal=self, sender=sender, **named)
               ^^^^^^^^^^^^^^^^^^^^^^^^^^^^^^^^^^^^^^^^^^^^^
  File "/home/ubuntu/tmath/.venv/lib/python3.12/site-packages/celery/fixups/django.py", line 103, in on_import_modules
    self.worker_fixup.validate_models()
  File "/home/ubuntu/tmath/.venv/lib/python3.12/site-packages/celery/fixups/django.py", line 154, in validate_models
    run_checks()
  File "/home/ubuntu/tmath/.venv/lib/python3.12/site-packages/django/core/checks/registry.py", line 88, in run_checks
    new_errors = check(app_configs=app_configs, databases=databases)
                 ^^^^^^^^^^^^^^^^^^^^^^^^^^^^^^^^^^^^^^^^^^^^^^^^^^^
  File "/home/ubuntu/tmath/.venv/lib/python3.12/site-packages/django/core/checks/urls.py", line 14, in check_url_config
    return check_resolver(resolver)
           ^^^^^^^^^^^^^^^^^^^^^^^^
  File "/home/ubuntu/tmath/.venv/lib/python3.12/site-packages/django/core/checks/urls.py", line 24, in check_resolver
    return check_method()
           ^^^^^^^^^^^^^^
  File "/home/ubuntu/tmath/.venv/lib/python3.12/site-packages/django/urls/resolvers.py", line 494, in check
    for pattern in self.url_patterns:
                   ^^^^^^^^^^^^^^^^^
  File "/home/ubuntu/tmath/.venv/lib/python3.12/site-packages/django/utils/functional.py", line 57, in __get__
    res = instance.__dict__[self.name] = self.func(instance)
                                         ^^^^^^^^^^^^^^^^^^^
  File "/home/ubuntu/tmath/.venv/lib/python3.12/site-packages/django/urls/resolvers.py", line 715, in url_patterns
    patterns = getattr(self.urlconf_module, "urlpatterns", self.urlconf_module)
                       ^^^^^^^^^^^^^^^^^^^
  File "/home/ubuntu/tmath/.venv/lib/python3.12/site-packages/django/utils/functional.py", line 57, in __get__
    res = instance.__dict__[self.name] = self.func(instance)
                                         ^^^^^^^^^^^^^^^^^^^
  File "/home/ubuntu/tmath/.venv/lib/python3.12/site-packages/django/urls/resolvers.py", line 708, in urlconf_module
    return import_module(self.urlconf_name)
           ^^^^^^^^^^^^^^^^^^^^^^^^^^^^^^^^
  File "/usr/lib/python3.12/importlib/__init__.py", line 90, in import_module
    return _bootstrap._gcd_import(name[level:], package, level)
           ^^^^^^^^^^^^^^^^^^^^^^^^^^^^^^^^^^^^^^^^^^^^^^^^^^^^
  File "<frozen importlib._bootstrap>", line 1387, in _gcd_import
  File "<frozen importlib._bootstrap>", line 1360, in _find_and_load
  File "<frozen importlib._bootstrap>", line 1331, in _find_and_load_unlocked
  File "<frozen importlib._bootstrap>", line 935, in _load_unlocked
  File "<frozen importlib._bootstrap_external>", line 995, in exec_module
  File "<frozen importlib._bootstrap>", line 488, in _call_with_frames_removed
  File "/home/ubuntu/tmath/tmath/urls.py", line 740, in <module>
    path('api/verify-admin/', verify_admin, name='verify_admin'),
                              ^^^^^^^^^^^^
NameError: name 'verify_admin' is not defined
Traceback (most recent call last):
  File "/home/ubuntu/tmath/.venv/bin/celery", line 6, in <module>
    sys.exit(main())
             ^^^^^^
  File "/home/ubuntu/tmath/.venv/lib/python3.12/site-packages/celery/__main__.py", line 15, in main
    sys.exit(_main())
             ^^^^^^^
  File "/home/ubuntu/tmath/.venv/lib/python3.12/site-packages/celery/bin/celery.py", line 227, in main
    return celery(auto_envvar_prefix="CELERY")
           ^^^^^^^^^^^^^^^^^^^^^^^^^^^^^^^^^^^
  File "/home/ubuntu/tmath/.venv/lib/python3.12/site-packages/click/core.py", line 1569, in __call__
    return self.main(*args, **kwargs)
           ^^^^^^^^^^^^^^^^^^^^^^^^^^
  File "/home/ubuntu/tmath/.venv/lib/python3.12/site-packages/click/core.py", line 1490, in main
    rv = self.invoke(ctx)
         ^^^^^^^^^^^^^^^^
  File "/home/ubuntu/tmath/.venv/lib/python3.12/site-packages/click/core.py", line 1970, in invoke
    return _process_result(sub_ctx.command.invoke(sub_ctx))
                           ^^^^^^^^^^^^^^^^^^^^^^^^^^^^^^^
  File "/home/ubuntu/tmath/.venv/lib/python3.12/site-packages/click/core.py", line 1353, in invoke
    return ctx.invoke(self.callback, **ctx.params)
           ^^^^^^^^^^^^^^^^^^^^^^^^^^^^^^^^^^^^^^^
  File "/home/ubuntu/tmath/.venv/lib/python3.12/site-packages/click/core.py", line 907, in invoke
    return callback(*args, **kwargs)
           ^^^^^^^^^^^^^^^^^^^^^^^^^
  File "/home/ubuntu/tmath/.venv/lib/python3.12/site-packages/click/decorators.py", line 34, in new_func
    return f(get_current_context(), *args, **kwargs)
           ^^^^^^^^^^^^^^^^^^^^^^^^^^^^^^^^^^^^^^^^^
  File "/home/ubuntu/tmath/.venv/lib/python3.12/site-packages/celery/bin/base.py", line 158, in caller
    return f(ctx, *args, **kwargs)
           ^^^^^^^^^^^^^^^^^^^^^^^
  File "/home/ubuntu/tmath/.venv/lib/python3.12/site-packages/celery/bin/worker.py", line 359, in worker
    worker = app.Worker(
             ^^^^^^^^^^^
  File "/home/ubuntu/tmath/.venv/lib/python3.12/site-packages/celery/worker/worker.py", line 94, in __init__
    self.app.loader.init_worker()
  File "/home/ubuntu/tmath/.venv/lib/python3.12/site-packages/celery/loaders/base.py", line 110, in init_worker
    self.import_default_modules()
  File "/home/ubuntu/tmath/.venv/lib/python3.12/site-packages/celery/loaders/base.py", line 104, in import_default_modules
    raise response
  File "/home/ubuntu/tmath/.venv/lib/python3.12/site-packages/celery/utils/dispatch/signal.py", line 280, in send
    response = receiver(signal=self, sender=sender, **named)
               ^^^^^^^^^^^^^^^^^^^^^^^^^^^^^^^^^^^^^^^^^^^^^
  File "/home/ubuntu/tmath/.venv/lib/python3.12/site-packages/celery/fixups/django.py", line 103, in on_import_modules
    self.worker_fixup.validate_models()
  File "/home/ubuntu/tmath/.venv/lib/python3.12/site-packages/celery/fixups/django.py", line 154, in validate_models
    run_checks()
  File "/home/ubuntu/tmath/.venv/lib/python3.12/site-packages/django/core/checks/registry.py", line 88, in run_checks
    new_errors = check(app_configs=app_configs, databases=databases)
                 ^^^^^^^^^^^^^^^^^^^^^^^^^^^^^^^^^^^^^^^^^^^^^^^^^^^
  File "/home/ubuntu/tmath/.venv/lib/python3.12/site-packages/django/core/checks/urls.py", line 14, in check_url_config
    return check_resolver(resolver)
           ^^^^^^^^^^^^^^^^^^^^^^^^
  File "/home/ubuntu/tmath/.venv/lib/python3.12/site-packages/django/core/checks/urls.py", line 24, in check_resolver
    return check_method()
           ^^^^^^^^^^^^^^
  File "/home/ubuntu/tmath/.venv/lib/python3.12/site-packages/django/urls/resolvers.py", line 494, in check
    for pattern in self.url_patterns:
                   ^^^^^^^^^^^^^^^^^
  File "/home/ubuntu/tmath/.venv/lib/python3.12/site-packages/django/utils/functional.py", line 57, in __get__
    res = instance.__dict__[self.name] = self.func(instance)
                                         ^^^^^^^^^^^^^^^^^^^
  File "/home/ubuntu/tmath/.venv/lib/python3.12/site-packages/django/urls/resolvers.py", line 715, in url_patterns
    patterns = getattr(self.urlconf_module, "urlpatterns", self.urlconf_module)
                       ^^^^^^^^^^^^^^^^^^^
  File "/home/ubuntu/tmath/.venv/lib/python3.12/site-packages/django/utils/functional.py", line 57, in __get__
    res = instance.__dict__[self.name] = self.func(instance)
                                         ^^^^^^^^^^^^^^^^^^^
  File "/home/ubuntu/tmath/.venv/lib/python3.12/site-packages/django/urls/resolvers.py", line 708, in urlconf_module
    return import_module(self.urlconf_name)
           ^^^^^^^^^^^^^^^^^^^^^^^^^^^^^^^^
  File "/usr/lib/python3.12/importlib/__init__.py", line 90, in import_module
    return _bootstrap._gcd_import(name[level:], package, level)
           ^^^^^^^^^^^^^^^^^^^^^^^^^^^^^^^^^^^^^^^^^^^^^^^^^^^^
  File "<frozen importlib._bootstrap>", line 1387, in _gcd_import
  File "<frozen importlib._bootstrap>", line 1360, in _find_and_load
  File "<frozen importlib._bootstrap>", line 1331, in _find_and_load_unlocked
  File "<frozen importlib._bootstrap>", line 935, in _load_unlocked
  File "<frozen importlib._bootstrap_external>", line 995, in exec_module
  File "<frozen importlib._bootstrap>", line 488, in _call_with_frames_removed
  File "/home/ubuntu/tmath/tmath/urls.py", line 740, in <module>
    path('api/verify-admin/', verify_admin, name='verify_admin'),
                              ^^^^^^^^^^^^
NameError: name 'verify_admin' is not defined
ERROR 2026-09-20 14:56:49,242 signal Signal handler <bound method DjangoFixup.on_import_modules of <celery.fixups.django.DjangoFixup object at 0x7cbf37631160>> raised: NameError("name 'verify_admin' is not defined")
Traceback (most recent call last):
  File "/home/ubuntu/tmath/.venv/lib/python3.12/site-packages/celery/utils/dispatch/signal.py", line 280, in send
    response = receiver(signal=self, sender=sender, **named)
               ^^^^^^^^^^^^^^^^^^^^^^^^^^^^^^^^^^^^^^^^^^^^^
  File "/home/ubuntu/tmath/.venv/lib/python3.12/site-packages/celery/fixups/django.py", line 103, in on_import_modules
    self.worker_fixup.validate_models()
  File "/home/ubuntu/tmath/.venv/lib/python3.12/site-packages/celery/fixups/django.py", line 154, in validate_models
    run_checks()
  File "/home/ubuntu/tmath/.venv/lib/python3.12/site-packages/django/core/checks/registry.py", line 88, in run_checks
    new_errors = check(app_configs=app_configs, databases=databases)
                 ^^^^^^^^^^^^^^^^^^^^^^^^^^^^^^^^^^^^^^^^^^^^^^^^^^^
  File "/home/ubuntu/tmath/.venv/lib/python3.12/site-packages/django/core/checks/urls.py", line 14, in check_url_config
    return check_resolver(resolver)
           ^^^^^^^^^^^^^^^^^^^^^^^^
  File "/home/ubuntu/tmath/.venv/lib/python3.12/site-packages/django/core/checks/urls.py", line 24, in check_resolver
    return check_method()
           ^^^^^^^^^^^^^^
  File "/home/ubuntu/tmath/.venv/lib/python3.12/site-packages/django/urls/resolvers.py", line 494, in check
    for pattern in self.url_patterns:
                   ^^^^^^^^^^^^^^^^^
  File "/home/ubuntu/tmath/.venv/lib/python3.12/site-packages/django/utils/functional.py", line 57, in __get__
    res = instance.__dict__[self.name] = self.func(instance)
                                         ^^^^^^^^^^^^^^^^^^^
  File "/home/ubuntu/tmath/.venv/lib/python3.12/site-packages/django/urls/resolvers.py", line 715, in url_patterns
    patterns = getattr(self.urlconf_module, "urlpatterns", self.urlconf_module)
                       ^^^^^^^^^^^^^^^^^^^
  File "/home/ubuntu/tmath/.venv/lib/python3.12/site-packages/django/utils/functional.py", line 57, in __get__
    res = instance.__dict__[self.name] = self.func(instance)
                                         ^^^^^^^^^^^^^^^^^^^
  File "/home/ubuntu/tmath/.venv/lib/python3.12/site-packages/django/urls/resolvers.py", line 708, in urlconf_module
    return import_module(self.urlconf_name)
           ^^^^^^^^^^^^^^^^^^^^^^^^^^^^^^^^
  File "/usr/lib/python3.12/importlib/__init__.py", line 90, in import_module
    return _bootstrap._gcd_import(name[level:], package, level)
           ^^^^^^^^^^^^^^^^^^^^^^^^^^^^^^^^^^^^^^^^^^^^^^^^^^^^
  File "<frozen importlib._bootstrap>", line 1387, in _gcd_import
  File "<frozen importlib._bootstrap>", line 1360, in _find_and_load
  File "<frozen importlib._bootstrap>", line 1331, in _find_and_load_unlocked
  File "<frozen importlib._bootstrap>", line 935, in _load_unlocked
  File "<frozen importlib._bootstrap_external>", line 995, in exec_module
  File "<frozen importlib._bootstrap>", line 488, in _call_with_frames_removed
  File "/home/ubuntu/tmath/tmath/urls.py", line 740, in <module>
    path('api/verify-admin/', verify_admin, name='verify_admin'),
                              ^^^^^^^^^^^^
NameError: name 'verify_admin' is not defined
Traceback (most recent call last):
  File "/home/ubuntu/tmath/.venv/bin/celery", line 6, in <module>
    sys.exit(main())
             ^^^^^^
  File "/home/ubuntu/tmath/.venv/lib/python3.12/site-packages/celery/__main__.py", line 15, in main
    sys.exit(_main())
             ^^^^^^^
  File "/home/ubuntu/tmath/.venv/lib/python3.12/site-packages/celery/bin/celery.py", line 227, in main
    return celery(auto_envvar_prefix="CELERY")
           ^^^^^^^^^^^^^^^^^^^^^^^^^^^^^^^^^^^
  File "/home/ubuntu/tmath/.venv/lib/python3.12/site-packages/click/core.py", line 1569, in __call__
    return self.main(*args, **kwargs)
           ^^^^^^^^^^^^^^^^^^^^^^^^^^
  File "/home/ubuntu/tmath/.venv/lib/python3.12/site-packages/click/core.py", line 1490, in main
    rv = self.invoke(ctx)
         ^^^^^^^^^^^^^^^^
  File "/home/ubuntu/tmath/.venv/lib/python3.12/site-packages/click/core.py", line 1970, in invoke
    return _process_result(sub_ctx.command.invoke(sub_ctx))
                           ^^^^^^^^^^^^^^^^^^^^^^^^^^^^^^^
  File "/home/ubuntu/tmath/.venv/lib/python3.12/site-packages/click/core.py", line 1353, in invoke
    return ctx.invoke(self.callback, **ctx.params)
           ^^^^^^^^^^^^^^^^^^^^^^^^^^^^^^^^^^^^^^^
  File "/home/ubuntu/tmath/.venv/lib/python3.12/site-packages/click/core.py", line 907, in invoke
    return callback(*args, **kwargs)
           ^^^^^^^^^^^^^^^^^^^^^^^^^
  File "/home/ubuntu/tmath/.venv/lib/python3.12/site-packages/click/decorators.py", line 34, in new_func
    return f(get_current_context(), *args, **kwargs)
           ^^^^^^^^^^^^^^^^^^^^^^^^^^^^^^^^^^^^^^^^^
  File "/home/ubuntu/tmath/.venv/lib/python3.12/site-packages/celery/bin/base.py", line 158, in caller
    return f(ctx, *args, **kwargs)
           ^^^^^^^^^^^^^^^^^^^^^^^
  File "/home/ubuntu/tmath/.venv/lib/python3.12/site-packages/celery/bin/worker.py", line 359, in worker
    worker = app.Worker(
             ^^^^^^^^^^^
  File "/home/ubuntu/tmath/.venv/lib/python3.12/site-packages/celery/worker/worker.py", line 94, in __init__
    self.app.loader.init_worker()
  File "/home/ubuntu/tmath/.venv/lib/python3.12/site-packages/celery/loaders/base.py", line 110, in init_worker
    self.import_default_modules()
  File "/home/ubuntu/tmath/.venv/lib/python3.12/site-packages/celery/loaders/base.py", line 104, in import_default_modules
    raise response
  File "/home/ubuntu/tmath/.venv/lib/python3.12/site-packages/celery/utils/dispatch/signal.py", line 280, in send
    response = receiver(signal=self, sender=sender, **named)
               ^^^^^^^^^^^^^^^^^^^^^^^^^^^^^^^^^^^^^^^^^^^^^
  File "/home/ubuntu/tmath/.venv/lib/python3.12/site-packages/celery/fixups/django.py", line 103, in on_import_modules
    self.worker_fixup.validate_models()
  File "/home/ubuntu/tmath/.venv/lib/python3.12/site-packages/celery/fixups/django.py", line 154, in validate_models
    run_checks()
  File "/home/ubuntu/tmath/.venv/lib/python3.12/site-packages/django/core/checks/registry.py", line 88, in run_checks
    new_errors = check(app_configs=app_configs, databases=databases)
                 ^^^^^^^^^^^^^^^^^^^^^^^^^^^^^^^^^^^^^^^^^^^^^^^^^^^
  File "/home/ubuntu/tmath/.venv/lib/python3.12/site-packages/django/core/checks/urls.py", line 14, in check_url_config
    return check_resolver(resolver)
           ^^^^^^^^^^^^^^^^^^^^^^^^
  File "/home/ubuntu/tmath/.venv/lib/python3.12/site-packages/django/core/checks/urls.py", line 24, in check_resolver
    return check_method()
           ^^^^^^^^^^^^^^
  File "/home/ubuntu/tmath/.venv/lib/python3.12/site-packages/django/urls/resolvers.py", line 494, in check
    for pattern in self.url_patterns:
                   ^^^^^^^^^^^^^^^^^
  File "/home/ubuntu/tmath/.venv/lib/python3.12/site-packages/django/utils/functional.py", line 57, in __get__
    res = instance.__dict__[self.name] = self.func(instance)
                                         ^^^^^^^^^^^^^^^^^^^
  File "/home/ubuntu/tmath/.venv/lib/python3.12/site-packages/django/urls/resolvers.py", line 715, in url_patterns
    patterns = getattr(self.urlconf_module, "urlpatterns", self.urlconf_module)
                       ^^^^^^^^^^^^^^^^^^^
  File "/home/ubuntu/tmath/.venv/lib/python3.12/site-packages/django/utils/functional.py", line 57, in __get__
    res = instance.__dict__[self.name] = self.func(instance)
                                         ^^^^^^^^^^^^^^^^^^^
  File "/home/ubuntu/tmath/.venv/lib/python3.12/site-packages/django/urls/resolvers.py", line 708, in urlconf_module
    return import_module(self.urlconf_name)
           ^^^^^^^^^^^^^^^^^^^^^^^^^^^^^^^^
  File "/usr/lib/python3.12/importlib/__init__.py", line 90, in import_module
    return _bootstrap._gcd_import(name[level:], package, level)
           ^^^^^^^^^^^^^^^^^^^^^^^^^^^^^^^^^^^^^^^^^^^^^^^^^^^^
  File "<frozen importlib._bootstrap>", line 1387, in _gcd_import
  File "<frozen importlib._bootstrap>", line 1360, in _find_and_load
  File "<frozen importlib._bootstrap>", line 1331, in _find_and_load_unlocked
  File "<frozen importlib._bootstrap>", line 935, in _load_unlocked
  File "<frozen importlib._bootstrap_external>", line 995, in exec_module
  File "<frozen importlib._bootstrap>", line 488, in _call_with_frames_removed
  File "/home/ubuntu/tmath/tmath/urls.py", line 740, in <module>
    path('api/verify-admin/', verify_admin, name='verify_admin'),
                              ^^^^^^^^^^^^
NameError: name 'verify_admin' is not defined
ERROR 2026-09-20 14:56:51,532 signal Signal handler <bound method DjangoFixup.on_import_modules of <celery.fixups.django.DjangoFixup object at 0x710e7e319670>> raised: NameError("name 'verify_admin' is not defined")
Traceback (most recent call last):
  File "/home/ubuntu/tmath/.venv/lib/python3.12/site-packages/celery/utils/dispatch/signal.py", line 280, in send
    response = receiver(signal=self, sender=sender, **named)
               ^^^^^^^^^^^^^^^^^^^^^^^^^^^^^^^^^^^^^^^^^^^^^
  File "/home/ubuntu/tmath/.venv/lib/python3.12/site-packages/celery/fixups/django.py", line 103, in on_import_modules
    self.worker_fixup.validate_models()
  File "/home/ubuntu/tmath/.venv/lib/python3.12/site-packages/celery/fixups/django.py", line 154, in validate_models
    run_checks()
  File "/home/ubuntu/tmath/.venv/lib/python3.12/site-packages/django/core/checks/registry.py", line 88, in run_checks
    new_errors = check(app_configs=app_configs, databases=databases)
                 ^^^^^^^^^^^^^^^^^^^^^^^^^^^^^^^^^^^^^^^^^^^^^^^^^^^
  File "/home/ubuntu/tmath/.venv/lib/python3.12/site-packages/django/core/checks/urls.py", line 14, in check_url_config
    return check_resolver(resolver)
           ^^^^^^^^^^^^^^^^^^^^^^^^
  File "/home/ubuntu/tmath/.venv/lib/python3.12/site-packages/django/core/checks/urls.py", line 24, in check_resolver
    return check_method()
           ^^^^^^^^^^^^^^
  File "/home/ubuntu/tmath/.venv/lib/python3.12/site-packages/django/urls/resolvers.py", line 494, in check
    for pattern in self.url_patterns:
                   ^^^^^^^^^^^^^^^^^
  File "/home/ubuntu/tmath/.venv/lib/python3.12/site-packages/django/utils/functional.py", line 57, in __get__
    res = instance.__dict__[self.name] = self.func(instance)
                                         ^^^^^^^^^^^^^^^^^^^
  File "/home/ubuntu/tmath/.venv/lib/python3.12/site-packages/django/urls/resolvers.py", line 715, in url_patterns
    patterns = getattr(self.urlconf_module, "urlpatterns", self.urlconf_module)
                       ^^^^^^^^^^^^^^^^^^^
  File "/home/ubuntu/tmath/.venv/lib/python3.12/site-packages/django/utils/functional.py", line 57, in __get__
    res = instance.__dict__[self.name] = self.func(instance)
                                         ^^^^^^^^^^^^^^^^^^^
  File "/home/ubuntu/tmath/.venv/lib/python3.12/site-packages/django/urls/resolvers.py", line 708, in urlconf_module
    return import_module(self.urlconf_name)
           ^^^^^^^^^^^^^^^^^^^^^^^^^^^^^^^^
  File "/usr/lib/python3.12/importlib/__init__.py", line 90, in import_module
    return _bootstrap._gcd_import(name[level:], package, level)
           ^^^^^^^^^^^^^^^^^^^^^^^^^^^^^^^^^^^^^^^^^^^^^^^^^^^^
  File "<frozen importlib._bootstrap>", line 1387, in _gcd_import
  File "<frozen importlib._bootstrap>", line 1360, in _find_and_load
  File "<frozen importlib._bootstrap>", line 1331, in _find_and_load_unlocked
  File "<frozen importlib._bootstrap>", line 935, in _load_unlocked
  File "<frozen importlib._bootstrap_external>", line 995, in exec_module
  File "<frozen importlib._bootstrap>", line 488, in _call_with_frames_removed
  File "/home/ubuntu/tmath/tmath/urls.py", line 740, in <module>
    path('api/verify-admin/', verify_admin, name='verify_admin'),
                              ^^^^^^^^^^^^
NameError: name 'verify_admin' is not defined
Traceback (most recent call last):
  File "/home/ubuntu/tmath/.venv/bin/celery", line 6, in <module>
    sys.exit(main())
             ^^^^^^
  File "/home/ubuntu/tmath/.venv/lib/python3.12/site-packages/celery/__main__.py", line 15, in main
    sys.exit(_main())
             ^^^^^^^
  File "/home/ubuntu/tmath/.venv/lib/python3.12/site-packages/celery/bin/celery.py", line 227, in main
    return celery(auto_envvar_prefix="CELERY")
           ^^^^^^^^^^^^^^^^^^^^^^^^^^^^^^^^^^^
  File "/home/ubuntu/tmath/.venv/lib/python3.12/site-packages/click/core.py", line 1569, in __call__
    return self.main(*args, **kwargs)
           ^^^^^^^^^^^^^^^^^^^^^^^^^^
  File "/home/ubuntu/tmath/.venv/lib/python3.12/site-packages/click/core.py", line 1490, in main
    rv = self.invoke(ctx)
         ^^^^^^^^^^^^^^^^
  File "/home/ubuntu/tmath/.venv/lib/python3.12/site-packages/click/core.py", line 1970, in invoke
    return _process_result(sub_ctx.command.invoke(sub_ctx))
                           ^^^^^^^^^^^^^^^^^^^^^^^^^^^^^^^
  File "/home/ubuntu/tmath/.venv/lib/python3.12/site-packages/click/core.py", line 1353, in invoke
    return ctx.invoke(self.callback, **ctx.params)
           ^^^^^^^^^^^^^^^^^^^^^^^^^^^^^^^^^^^^^^^
  File "/home/ubuntu/tmath/.venv/lib/python3.12/site-packages/click/core.py", line 907, in invoke
    return callback(*args, **kwargs)
           ^^^^^^^^^^^^^^^^^^^^^^^^^
  File "/home/ubuntu/tmath/.venv/lib/python3.12/site-packages/click/decorators.py", line 34, in new_func
    return f(get_current_context(), *args, **kwargs)
           ^^^^^^^^^^^^^^^^^^^^^^^^^^^^^^^^^^^^^^^^^
  File "/home/ubuntu/tmath/.venv/lib/python3.12/site-packages/celery/bin/base.py", line 158, in caller
    return f(ctx, *args, **kwargs)
           ^^^^^^^^^^^^^^^^^^^^^^^
  File "/home/ubuntu/tmath/.venv/lib/python3.12/site-packages/celery/bin/worker.py", line 359, in worker
    worker = app.Worker(
             ^^^^^^^^^^^
  File "/home/ubuntu/tmath/.venv/lib/python3.12/site-packages/celery/worker/worker.py", line 94, in __init__
    self.app.loader.init_worker()
  File "/home/ubuntu/tmath/.venv/lib/python3.12/site-packages/celery/loaders/base.py", line 110, in init_worker
    self.import_default_modules()
  File "/home/ubuntu/tmath/.venv/lib/python3.12/site-packages/celery/loaders/base.py", line 104, in import_default_modules
    raise response
  File "/home/ubuntu/tmath/.venv/lib/python3.12/site-packages/celery/utils/dispatch/signal.py", line 280, in send
    response = receiver(signal=self, sender=sender, **named)
               ^^^^^^^^^^^^^^^^^^^^^^^^^^^^^^^^^^^^^^^^^^^^^
  File "/home/ubuntu/tmath/.venv/lib/python3.12/site-packages/celery/fixups/django.py", line 103, in on_import_modules
    self.worker_fixup.validate_models()
  File "/home/ubuntu/tmath/.venv/lib/python3.12/site-packages/celery/fixups/django.py", line 154, in validate_models
    run_checks()
  File "/home/ubuntu/tmath/.venv/lib/python3.12/site-packages/django/core/checks/registry.py", line 88, in run_checks
    new_errors = check(app_configs=app_configs, databases=databases)
                 ^^^^^^^^^^^^^^^^^^^^^^^^^^^^^^^^^^^^^^^^^^^^^^^^^^^
  File "/home/ubuntu/tmath/.venv/lib/python3.12/site-packages/django/core/checks/urls.py", line 14, in check_url_config
    return check_resolver(resolver)
           ^^^^^^^^^^^^^^^^^^^^^^^^
  File "/home/ubuntu/tmath/.venv/lib/python3.12/site-packages/django/core/checks/urls.py", line 24, in check_resolver
    return check_method()
           ^^^^^^^^^^^^^^
  File "/home/ubuntu/tmath/.venv/lib/python3.12/site-packages/django/urls/resolvers.py", line 494, in check
    for pattern in self.url_patterns:
                   ^^^^^^^^^^^^^^^^^
  File "/home/ubuntu/tmath/.venv/lib/python3.12/site-packages/django/utils/functional.py", line 57, in __get__
    res = instance.__dict__[self.name] = self.func(instance)
                                         ^^^^^^^^^^^^^^^^^^^
  File "/home/ubuntu/tmath/.venv/lib/python3.12/site-packages/django/urls/resolvers.py", line 715, in url_patterns
    patterns = getattr(self.urlconf_module, "urlpatterns", self.urlconf_module)
                       ^^^^^^^^^^^^^^^^^^^
  File "/home/ubuntu/tmath/.venv/lib/python3.12/site-packages/django/utils/functional.py", line 57, in __get__
    res = instance.__dict__[self.name] = self.func(instance)
                                         ^^^^^^^^^^^^^^^^^^^
  File "/home/ubuntu/tmath/.venv/lib/python3.12/site-packages/django/urls/resolvers.py", line 708, in urlconf_module
    return import_module(self.urlconf_name)
           ^^^^^^^^^^^^^^^^^^^^^^^^^^^^^^^^
  File "/usr/lib/python3.12/importlib/__init__.py", line 90, in import_module
    return _bootstrap._gcd_import(name[level:], package, level)
           ^^^^^^^^^^^^^^^^^^^^^^^^^^^^^^^^^^^^^^^^^^^^^^^^^^^^
  File "<frozen importlib._bootstrap>", line 1387, in _gcd_import
  File "<frozen importlib._bootstrap>", line 1360, in _find_and_load
  File "<frozen importlib._bootstrap>", line 1331, in _find_and_load_unlocked
  File "<frozen importlib._bootstrap>", line 935, in _load_unlocked
  File "<frozen importlib._bootstrap_external>", line 995, in exec_module
  File "<frozen importlib._bootstrap>", line 488, in _call_with_frames_removed
  File "/home/ubuntu/tmath/tmath/urls.py", line 740, in <module>
    path('api/verify-admin/', verify_admin, name='verify_admin'),
                              ^^^^^^^^^^^^
NameError: name 'verify_admin' is not defined
ERROR 2026-09-20 14:56:53,786 signal Signal handler <bound method DjangoFixup.on_import_modules of <celery.fixups.django.DjangoFixup object at 0x76b7ea94ddf0>> raised: NameError("name 'verify_admin' is not defined")
Traceback (most recent call last):
  File "/home/ubuntu/tmath/.venv/lib/python3.12/site-packages/celery/utils/dispatch/signal.py", line 280, in send
    response = receiver(signal=self, sender=sender, **named)
               ^^^^^^^^^^^^^^^^^^^^^^^^^^^^^^^^^^^^^^^^^^^^^
  File "/home/ubuntu/tmath/.venv/lib/python3.12/site-packages/celery/fixups/django.py", line 103, in on_import_modules
    self.worker_fixup.validate_models()
  File "/home/ubuntu/tmath/.venv/lib/python3.12/site-packages/celery/fixups/django.py", line 154, in validate_models
    run_checks()
  File "/home/ubuntu/tmath/.venv/lib/python3.12/site-packages/django/core/checks/registry.py", line 88, in run_checks
    new_errors = check(app_configs=app_configs, databases=databases)
                 ^^^^^^^^^^^^^^^^^^^^^^^^^^^^^^^^^^^^^^^^^^^^^^^^^^^
  File "/home/ubuntu/tmath/.venv/lib/python3.12/site-packages/django/core/checks/urls.py", line 14, in check_url_config
    return check_resolver(resolver)
           ^^^^^^^^^^^^^^^^^^^^^^^^
  File "/home/ubuntu/tmath/.venv/lib/python3.12/site-packages/django/core/checks/urls.py", line 24, in check_resolver
    return check_method()
           ^^^^^^^^^^^^^^
  File "/home/ubuntu/tmath/.venv/lib/python3.12/site-packages/django/urls/resolvers.py", line 494, in check
    for pattern in self.url_patterns:
                   ^^^^^^^^^^^^^^^^^
  File "/home/ubuntu/tmath/.venv/lib/python3.12/site-packages/django/utils/functional.py", line 57, in __get__
    res = instance.__dict__[self.name] = self.func(instance)
                                         ^^^^^^^^^^^^^^^^^^^
  File "/home/ubuntu/tmath/.venv/lib/python3.12/site-packages/django/urls/resolvers.py", line 715, in url_patterns
    patterns = getattr(self.urlconf_module, "urlpatterns", self.urlconf_module)
                       ^^^^^^^^^^^^^^^^^^^
  File "/home/ubuntu/tmath/.venv/lib/python3.12/site-packages/django/utils/functional.py", line 57, in __get__
    res = instance.__dict__[self.name] = self.func(instance)
                                         ^^^^^^^^^^^^^^^^^^^
  File "/home/ubuntu/tmath/.venv/lib/python3.12/site-packages/django/urls/resolvers.py", line 708, in urlconf_module
    return import_module(self.urlconf_name)
           ^^^^^^^^^^^^^^^^^^^^^^^^^^^^^^^^
  File "/usr/lib/python3.12/importlib/__init__.py", line 90, in import_module
    return _bootstrap._gcd_import(name[level:], package, level)
           ^^^^^^^^^^^^^^^^^^^^^^^^^^^^^^^^^^^^^^^^^^^^^^^^^^^^
  File "<frozen importlib._bootstrap>", line 1387, in _gcd_import
  File "<frozen importlib._bootstrap>", line 1360, in _find_and_load
  File "<frozen importlib._bootstrap>", line 1331, in _find_and_load_unlocked
  File "<frozen importlib._bootstrap>", line 935, in _load_unlocked
  File "<frozen importlib._bootstrap_external>", line 995, in exec_module
  File "<frozen importlib._bootstrap>", line 488, in _call_with_frames_removed
  File "/home/ubuntu/tmath/tmath/urls.py", line 740, in <module>
    path('api/verify-admin/', verify_admin, name='verify_admin'),
                              ^^^^^^^^^^^^
NameError: name 'verify_admin' is not defined
Traceback (most recent call last):
  File "/home/ubuntu/tmath/.venv/bin/celery", line 6, in <module>
    sys.exit(main())
             ^^^^^^
  File "/home/ubuntu/tmath/.venv/lib/python3.12/site-packages/celery/__main__.py", line 15, in main
    sys.exit(_main())
             ^^^^^^^
  File "/home/ubuntu/tmath/.venv/lib/python3.12/site-packages/celery/bin/celery.py", line 227, in main
    return celery(auto_envvar_prefix="CELERY")
           ^^^^^^^^^^^^^^^^^^^^^^^^^^^^^^^^^^^
  File "/home/ubuntu/tmath/.venv/lib/python3.12/site-packages/click/core.py", line 1569, in __call__
    return self.main(*args, **kwargs)
           ^^^^^^^^^^^^^^^^^^^^^^^^^^
  File "/home/ubuntu/tmath/.venv/lib/python3.12/site-packages/click/core.py", line 1490, in main
    rv = self.invoke(ctx)
         ^^^^^^^^^^^^^^^^
  File "/home/ubuntu/tmath/.venv/lib/python3.12/site-packages/click/core.py", line 1970, in invoke
    return _process_result(sub_ctx.command.invoke(sub_ctx))
                           ^^^^^^^^^^^^^^^^^^^^^^^^^^^^^^^
  File "/home/ubuntu/tmath/.venv/lib/python3.12/site-packages/click/core.py", line 1353, in invoke
    return ctx.invoke(self.callback, **ctx.params)
           ^^^^^^^^^^^^^^^^^^^^^^^^^^^^^^^^^^^^^^^
  File "/home/ubuntu/tmath/.venv/lib/python3.12/site-packages/click/core.py", line 907, in invoke
    return callback(*args, **kwargs)
           ^^^^^^^^^^^^^^^^^^^^^^^^^
  File "/home/ubuntu/tmath/.venv/lib/python3.12/site-packages/click/decorators.py", line 34, in new_func
    return f(get_current_context(), *args, **kwargs)
           ^^^^^^^^^^^^^^^^^^^^^^^^^^^^^^^^^^^^^^^^^
  File "/home/ubuntu/tmath/.venv/lib/python3.12/site-packages/celery/bin/base.py", line 158, in caller
    return f(ctx, *args, **kwargs)
           ^^^^^^^^^^^^^^^^^^^^^^^
  File "/home/ubuntu/tmath/.venv/lib/python3.12/site-packages/celery/bin/worker.py", line 359, in worker
    worker = app.Worker(
             ^^^^^^^^^^^
  File "/home/ubuntu/tmath/.venv/lib/python3.12/site-packages/celery/worker/worker.py", line 94, in __init__
    self.app.loader.init_worker()
  File "/home/ubuntu/tmath/.venv/lib/python3.12/site-packages/celery/loaders/base.py", line 110, in init_worker
    self.import_default_modules()
  File "/home/ubuntu/tmath/.venv/lib/python3.12/site-packages/celery/loaders/base.py", line 104, in import_default_modules
    raise response
  File "/home/ubuntu/tmath/.venv/lib/python3.12/site-packages/celery/utils/dispatch/signal.py", line 280, in send
    response = receiver(signal=self, sender=sender, **named)
               ^^^^^^^^^^^^^^^^^^^^^^^^^^^^^^^^^^^^^^^^^^^^^
  File "/home/ubuntu/tmath/.venv/lib/python3.12/site-packages/celery/fixups/django.py", line 103, in on_import_modules
    self.worker_fixup.validate_models()
  File "/home/ubuntu/tmath/.venv/lib/python3.12/site-packages/celery/fixups/django.py", line 154, in validate_models
    run_checks()
  File "/home/ubuntu/tmath/.venv/lib/python3.12/site-packages/django/core/checks/registry.py", line 88, in run_checks
    new_errors = check(app_configs=app_configs, databases=databases)
                 ^^^^^^^^^^^^^^^^^^^^^^^^^^^^^^^^^^^^^^^^^^^^^^^^^^^
  File "/home/ubuntu/tmath/.venv/lib/python3.12/site-packages/django/core/checks/urls.py", line 14, in check_url_config
    return check_resolver(resolver)
           ^^^^^^^^^^^^^^^^^^^^^^^^
  File "/home/ubuntu/tmath/.venv/lib/python3.12/site-packages/django/core/checks/urls.py", line 24, in check_resolver
    return check_method()
           ^^^^^^^^^^^^^^
  File "/home/ubuntu/tmath/.venv/lib/python3.12/site-packages/django/urls/resolvers.py", line 494, in check
    for pattern in self.url_patterns:
                   ^^^^^^^^^^^^^^^^^
  File "/home/ubuntu/tmath/.venv/lib/python3.12/site-packages/django/utils/functional.py", line 57, in __get__
    res = instance.__dict__[self.name] = self.func(instance)
                                         ^^^^^^^^^^^^^^^^^^^
  File "/home/ubuntu/tmath/.venv/lib/python3.12/site-packages/django/urls/resolvers.py", line 715, in url_patterns
    patterns = getattr(self.urlconf_module, "urlpatterns", self.urlconf_module)
                       ^^^^^^^^^^^^^^^^^^^
  File "/home/ubuntu/tmath/.venv/lib/python3.12/site-packages/django/utils/functional.py", line 57, in __get__
    res = instance.__dict__[self.name] = self.func(instance)
                                         ^^^^^^^^^^^^^^^^^^^
  File "/home/ubuntu/tmath/.venv/lib/python3.12/site-packages/django/urls/resolvers.py", line 708, in urlconf_module
    return import_module(self.urlconf_name)
           ^^^^^^^^^^^^^^^^^^^^^^^^^^^^^^^^
  File "/usr/lib/python3.12/importlib/__init__.py", line 90, in import_module
    return _bootstrap._gcd_import(name[level:], package, level)
           ^^^^^^^^^^^^^^^^^^^^^^^^^^^^^^^^^^^^^^^^^^^^^^^^^^^^
  File "<frozen importlib._bootstrap>", line 1387, in _gcd_import
  File "<frozen importlib._bootstrap>", line 1360, in _find_and_load
  File "<frozen importlib._bootstrap>", line 1331, in _find_and_load_unlocked
  File "<frozen importlib._bootstrap>", line 935, in _load_unlocked
  File "<frozen importlib._bootstrap_external>", line 995, in exec_module
  File "<frozen importlib._bootstrap>", line 488, in _call_with_frames_removed
  File "/home/ubuntu/tmath/tmath/urls.py", line 740, in <module>
    path('api/verify-admin/', verify_admin, name='verify_admin'),
                              ^^^^^^^^^^^^
NameError: name 'verify_admin' is not defined
ERROR 2026-09-20 14:56:56,030 signal Signal handler <bound method DjangoFixup.on_import_modules of <celery.fixups.django.DjangoFixup object at 0x7b7ce1832030>> raised: NameError("name 'verify_admin' is not defined")
Traceback (most recent call last):
  File "/home/ubuntu/tmath/.venv/lib/python3.12/site-packages/celery/utils/dispatch/signal.py", line 280, in send
    response = receiver(signal=self, sender=sender, **named)
               ^^^^^^^^^^^^^^^^^^^^^^^^^^^^^^^^^^^^^^^^^^^^^
  File "/home/ubuntu/tmath/.venv/lib/python3.12/site-packages/celery/fixups/django.py", line 103, in on_import_modules
    self.worker_fixup.validate_models()
  File "/home/ubuntu/tmath/.venv/lib/python3.12/site-packages/celery/fixups/django.py", line 154, in validate_models
    run_checks()
  File "/home/ubuntu/tmath/.venv/lib/python3.12/site-packages/django/core/checks/registry.py", line 88, in run_checks
    new_errors = check(app_configs=app_configs, databases=databases)
                 ^^^^^^^^^^^^^^^^^^^^^^^^^^^^^^^^^^^^^^^^^^^^^^^^^^^
  File "/home/ubuntu/tmath/.venv/lib/python3.12/site-packages/django/core/checks/urls.py", line 14, in check_url_config
    return check_resolver(resolver)
           ^^^^^^^^^^^^^^^^^^^^^^^^
  File "/home/ubuntu/tmath/.venv/lib/python3.12/site-packages/django/core/checks/urls.py", line 24, in check_resolver
    return check_method()
           ^^^^^^^^^^^^^^
  File "/home/ubuntu/tmath/.venv/lib/python3.12/site-packages/django/urls/resolvers.py", line 494, in check
    for pattern in self.url_patterns:
                   ^^^^^^^^^^^^^^^^^
  File "/home/ubuntu/tmath/.venv/lib/python3.12/site-packages/django/utils/functional.py", line 57, in __get__
    res = instance.__dict__[self.name] = self.func(instance)
                                         ^^^^^^^^^^^^^^^^^^^
  File "/home/ubuntu/tmath/.venv/lib/python3.12/site-packages/django/urls/resolvers.py", line 715, in url_patterns
    patterns = getattr(self.urlconf_module, "urlpatterns", self.urlconf_module)
                       ^^^^^^^^^^^^^^^^^^^
  File "/home/ubuntu/tmath/.venv/lib/python3.12/site-packages/django/utils/functional.py", line 57, in __get__
    res = instance.__dict__[self.name] = self.func(instance)
                                         ^^^^^^^^^^^^^^^^^^^
  File "/home/ubuntu/tmath/.venv/lib/python3.12/site-packages/django/urls/resolvers.py", line 708, in urlconf_module
    return import_module(self.urlconf_name)
           ^^^^^^^^^^^^^^^^^^^^^^^^^^^^^^^^
  File "/usr/lib/python3.12/importlib/__init__.py", line 90, in import_module
    return _bootstrap._gcd_import(name[level:], package, level)
           ^^^^^^^^^^^^^^^^^^^^^^^^^^^^^^^^^^^^^^^^^^^^^^^^^^^^
  File "<frozen importlib._bootstrap>", line 1387, in _gcd_import
  File "<frozen importlib._bootstrap>", line 1360, in _find_and_load
  File "<frozen importlib._bootstrap>", line 1331, in _find_and_load_unlocked
  File "<frozen importlib._bootstrap>", line 935, in _load_unlocked
  File "<frozen importlib._bootstrap_external>", line 995, in exec_module
  File "<frozen importlib._bootstrap>", line 488, in _call_with_frames_removed
  File "/home/ubuntu/tmath/tmath/urls.py", line 740, in <module>
    path('api/verify-admin/', verify_admin, name='verify_admin'),
                              ^^^^^^^^^^^^
NameError: name 'verify_admin' is not defined
Traceback (most recent call last):
  File "/home/ubuntu/tmath/.venv/bin/celery", line 6, in <module>
    sys.exit(main())
             ^^^^^^
  File "/home/ubuntu/tmath/.venv/lib/python3.12/site-packages/celery/__main__.py", line 15, in main
    sys.exit(_main())
             ^^^^^^^
  File "/home/ubuntu/tmath/.venv/lib/python3.12/site-packages/celery/bin/celery.py", line 227, in main
    return celery(auto_envvar_prefix="CELERY")
           ^^^^^^^^^^^^^^^^^^^^^^^^^^^^^^^^^^^
  File "/home/ubuntu/tmath/.venv/lib/python3.12/site-packages/click/core.py", line 1569, in __call__
    return self.main(*args, **kwargs)
           ^^^^^^^^^^^^^^^^^^^^^^^^^^
  File "/home/ubuntu/tmath/.venv/lib/python3.12/site-packages/click/core.py", line 1490, in main
    rv = self.invoke(ctx)
         ^^^^^^^^^^^^^^^^
  File "/home/ubuntu/tmath/.venv/lib/python3.12/site-packages/click/core.py", line 1970, in invoke
    return _process_result(sub_ctx.command.invoke(sub_ctx))
                           ^^^^^^^^^^^^^^^^^^^^^^^^^^^^^^^
  File "/home/ubuntu/tmath/.venv/lib/python3.12/site-packages/click/core.py", line 1353, in invoke
    return ctx.invoke(self.callback, **ctx.params)
           ^^^^^^^^^^^^^^^^^^^^^^^^^^^^^^^^^^^^^^^
  File "/home/ubuntu/tmath/.venv/lib/python3.12/site-packages/click/core.py", line 907, in invoke
    return callback(*args, **kwargs)
           ^^^^^^^^^^^^^^^^^^^^^^^^^
  File "/home/ubuntu/tmath/.venv/lib/python3.12/site-packages/click/decorators.py", line 34, in new_func
    return f(get_current_context(), *args, **kwargs)
           ^^^^^^^^^^^^^^^^^^^^^^^^^^^^^^^^^^^^^^^^^
  File "/home/ubuntu/tmath/.venv/lib/python3.12/site-packages/celery/bin/base.py", line 158, in caller
    return f(ctx, *args, **kwargs)
           ^^^^^^^^^^^^^^^^^^^^^^^
  File "/home/ubuntu/tmath/.venv/lib/python3.12/site-packages/celery/bin/worker.py", line 359, in worker
    worker = app.Worker(
             ^^^^^^^^^^^
  File "/home/ubuntu/tmath/.venv/lib/python3.12/site-packages/celery/worker/worker.py", line 94, in __init__
    self.app.loader.init_worker()
  File "/home/ubuntu/tmath/.venv/lib/python3.12/site-packages/celery/loaders/base.py", line 110, in init_worker
    self.import_default_modules()
  File "/home/ubuntu/tmath/.venv/lib/python3.12/site-packages/celery/loaders/base.py", line 104, in import_default_modules
    raise response
  File "/home/ubuntu/tmath/.venv/lib/python3.12/site-packages/celery/utils/dispatch/signal.py", line 280, in send
    response = receiver(signal=self, sender=sender, **named)
               ^^^^^^^^^^^^^^^^^^^^^^^^^^^^^^^^^^^^^^^^^^^^^
  File "/home/ubuntu/tmath/.venv/lib/python3.12/site-packages/celery/fixups/django.py", line 103, in on_import_modules
    self.worker_fixup.validate_models()
  File "/home/ubuntu/tmath/.venv/lib/python3.12/site-packages/celery/fixups/django.py", line 154, in validate_models
    run_checks()
  File "/home/ubuntu/tmath/.venv/lib/python3.12/site-packages/django/core/checks/registry.py", line 88, in run_checks
    new_errors = check(app_configs=app_configs, databases=databases)
                 ^^^^^^^^^^^^^^^^^^^^^^^^^^^^^^^^^^^^^^^^^^^^^^^^^^^
  File "/home/ubuntu/tmath/.venv/lib/python3.12/site-packages/django/core/checks/urls.py", line 14, in check_url_config
    return check_resolver(resolver)
           ^^^^^^^^^^^^^^^^^^^^^^^^
  File "/home/ubuntu/tmath/.venv/lib/python3.12/site-packages/django/core/checks/urls.py", line 24, in check_resolver
    return check_method()
           ^^^^^^^^^^^^^^
  File "/home/ubuntu/tmath/.venv/lib/python3.12/site-packages/django/urls/resolvers.py", line 494, in check
    for pattern in self.url_patterns:
                   ^^^^^^^^^^^^^^^^^
  File "/home/ubuntu/tmath/.venv/lib/python3.12/site-packages/django/utils/functional.py", line 57, in __get__
    res = instance.__dict__[self.name] = self.func(instance)
                                         ^^^^^^^^^^^^^^^^^^^
  File "/home/ubuntu/tmath/.venv/lib/python3.12/site-packages/django/urls/resolvers.py", line 715, in url_patterns
    patterns = getattr(self.urlconf_module, "urlpatterns", self.urlconf_module)
                       ^^^^^^^^^^^^^^^^^^^
  File "/home/ubuntu/tmath/.venv/lib/python3.12/site-packages/django/utils/functional.py", line 57, in __get__
    res = instance.__dict__[self.name] = self.func(instance)
                                         ^^^^^^^^^^^^^^^^^^^
  File "/home/ubuntu/tmath/.venv/lib/python3.12/site-packages/django/urls/resolvers.py", line 708, in urlconf_module
    return import_module(self.urlconf_name)
           ^^^^^^^^^^^^^^^^^^^^^^^^^^^^^^^^
  File "/usr/lib/python3.12/importlib/__init__.py", line 90, in import_module
    return _bootstrap._gcd_import(name[level:], package, level)
           ^^^^^^^^^^^^^^^^^^^^^^^^^^^^^^^^^^^^^^^^^^^^^^^^^^^^
  File "<frozen importlib._bootstrap>", line 1387, in _gcd_import
  File "<frozen importlib._bootstrap>", line 1360, in _find_and_load
  File "<frozen importlib._bootstrap>", line 1331, in _find_and_load_unlocked
  File "<frozen importlib._bootstrap>", line 935, in _load_unlocked
  File "<frozen importlib._bootstrap_external>", line 995, in exec_module
  File "<frozen importlib._bootstrap>", line 488, in _call_with_frames_removed
  File "/home/ubuntu/tmath/tmath/urls.py", line 740, in <module>
    path('api/verify-admin/', verify_admin, name='verify_admin'),
                              ^^^^^^^^^^^^
NameError: name 'verify_admin' is not defined
ERROR 2026-09-20 14:56:58,245 signal Signal handler <bound method DjangoFixup.on_import_modules of <celery.fixups.django.DjangoFixup object at 0x76cd2c4b6000>> raised: NameError("name 'verify_admin' is not defined")
Traceback (most recent call last):
  File "/home/ubuntu/tmath/.venv/lib/python3.12/site-packages/celery/utils/dispatch/signal.py", line 280, in send
    response = receiver(signal=self, sender=sender, **named)
               ^^^^^^^^^^^^^^^^^^^^^^^^^^^^^^^^^^^^^^^^^^^^^
  File "/home/ubuntu/tmath/.venv/lib/python3.12/site-packages/celery/fixups/django.py", line 103, in on_import_modules
    self.worker_fixup.validate_models()
  File "/home/ubuntu/tmath/.venv/lib/python3.12/site-packages/celery/fixups/django.py", line 154, in validate_models
    run_checks()
  File "/home/ubuntu/tmath/.venv/lib/python3.12/site-packages/django/core/checks/registry.py", line 88, in run_checks
    new_errors = check(app_configs=app_configs, databases=databases)
                 ^^^^^^^^^^^^^^^^^^^^^^^^^^^^^^^^^^^^^^^^^^^^^^^^^^^
  File "/home/ubuntu/tmath/.venv/lib/python3.12/site-packages/django/core/checks/urls.py", line 14, in check_url_config
    return check_resolver(resolver)
           ^^^^^^^^^^^^^^^^^^^^^^^^
  File "/home/ubuntu/tmath/.venv/lib/python3.12/site-packages/django/core/checks/urls.py", line 24, in check_resolver
    return check_method()
           ^^^^^^^^^^^^^^
  File "/home/ubuntu/tmath/.venv/lib/python3.12/site-packages/django/urls/resolvers.py", line 494, in check
    for pattern in self.url_patterns:
                   ^^^^^^^^^^^^^^^^^
  File "/home/ubuntu/tmath/.venv/lib/python3.12/site-packages/django/utils/functional.py", line 57, in __get__
    res = instance.__dict__[self.name] = self.func(instance)
                                         ^^^^^^^^^^^^^^^^^^^
  File "/home/ubuntu/tmath/.venv/lib/python3.12/site-packages/django/urls/resolvers.py", line 715, in url_patterns
    patterns = getattr(self.urlconf_module, "urlpatterns", self.urlconf_module)
                       ^^^^^^^^^^^^^^^^^^^
  File "/home/ubuntu/tmath/.venv/lib/python3.12/site-packages/django/utils/functional.py", line 57, in __get__
    res = instance.__dict__[self.name] = self.func(instance)
                                         ^^^^^^^^^^^^^^^^^^^
  File "/home/ubuntu/tmath/.venv/lib/python3.12/site-packages/django/urls/resolvers.py", line 708, in urlconf_module
    return import_module(self.urlconf_name)
           ^^^^^^^^^^^^^^^^^^^^^^^^^^^^^^^^
  File "/usr/lib/python3.12/importlib/__init__.py", line 90, in import_module
    return _bootstrap._gcd_import(name[level:], package, level)
           ^^^^^^^^^^^^^^^^^^^^^^^^^^^^^^^^^^^^^^^^^^^^^^^^^^^^
  File "<frozen importlib._bootstrap>", line 1387, in _gcd_import
  File "<frozen importlib._bootstrap>", line 1360, in _find_and_load
  File "<frozen importlib._bootstrap>", line 1331, in _find_and_load_unlocked
  File "<frozen importlib._bootstrap>", line 935, in _load_unlocked
  File "<frozen importlib._bootstrap_external>", line 995, in exec_module
  File "<frozen importlib._bootstrap>", line 488, in _call_with_frames_removed
  File "/home/ubuntu/tmath/tmath/urls.py", line 740, in <module>
    path('api/verify-admin/', verify_admin, name='verify_admin'),
                              ^^^^^^^^^^^^
NameError: name 'verify_admin' is not defined
Traceback (most recent call last):
  File "/home/ubuntu/tmath/.venv/bin/celery", line 6, in <module>
    sys.exit(main())
             ^^^^^^
  File "/home/ubuntu/tmath/.venv/lib/python3.12/site-packages/celery/__main__.py", line 15, in main
    sys.exit(_main())
             ^^^^^^^
  File "/home/ubuntu/tmath/.venv/lib/python3.12/site-packages/celery/bin/celery.py", line 227, in main
    return celery(auto_envvar_prefix="CELERY")
           ^^^^^^^^^^^^^^^^^^^^^^^^^^^^^^^^^^^
  File "/home/ubuntu/tmath/.venv/lib/python3.12/site-packages/click/core.py", line 1569, in __call__
    return self.main(*args, **kwargs)
           ^^^^^^^^^^^^^^^^^^^^^^^^^^
  File "/home/ubuntu/tmath/.venv/lib/python3.12/site-packages/click/core.py", line 1490, in main
    rv = self.invoke(ctx)
         ^^^^^^^^^^^^^^^^
  File "/home/ubuntu/tmath/.venv/lib/python3.12/site-packages/click/core.py", line 1970, in invoke
    return _process_result(sub_ctx.command.invoke(sub_ctx))
                           ^^^^^^^^^^^^^^^^^^^^^^^^^^^^^^^
  File "/home/ubuntu/tmath/.venv/lib/python3.12/site-packages/click/core.py", line 1353, in invoke
    return ctx.invoke(self.callback, **ctx.params)
           ^^^^^^^^^^^^^^^^^^^^^^^^^^^^^^^^^^^^^^^
  File "/home/ubuntu/tmath/.venv/lib/python3.12/site-packages/click/core.py", line 907, in invoke
    return callback(*args, **kwargs)
           ^^^^^^^^^^^^^^^^^^^^^^^^^
  File "/home/ubuntu/tmath/.venv/lib/python3.12/site-packages/click/decorators.py", line 34, in new_func
    return f(get_current_context(), *args, **kwargs)
           ^^^^^^^^^^^^^^^^^^^^^^^^^^^^^^^^^^^^^^^^^
  File "/home/ubuntu/tmath/.venv/lib/python3.12/site-packages/celery/bin/base.py", line 158, in caller
    return f(ctx, *args, **kwargs)
           ^^^^^^^^^^^^^^^^^^^^^^^
  File "/home/ubuntu/tmath/.venv/lib/python3.12/site-packages/celery/bin/worker.py", line 359, in worker
    worker = app.Worker(
             ^^^^^^^^^^^
  File "/home/ubuntu/tmath/.venv/lib/python3.12/site-packages/celery/worker/worker.py", line 94, in __init__
    self.app.loader.init_worker()
  File "/home/ubuntu/tmath/.venv/lib/python3.12/site-packages/celery/loaders/base.py", line 110, in init_worker
    self.import_default_modules()
  File "/home/ubuntu/tmath/.venv/lib/python3.12/site-packages/celery/loaders/base.py", line 104, in import_default_modules
    raise response
  File "/home/ubuntu/tmath/.venv/lib/python3.12/site-packages/celery/utils/dispatch/signal.py", line 280, in send
    response = receiver(signal=self, sender=sender, **named)
               ^^^^^^^^^^^^^^^^^^^^^^^^^^^^^^^^^^^^^^^^^^^^^
  File "/home/ubuntu/tmath/.venv/lib/python3.12/site-packages/celery/fixups/django.py", line 103, in on_import_modules
    self.worker_fixup.validate_models()
  File "/home/ubuntu/tmath/.venv/lib/python3.12/site-packages/celery/fixups/django.py", line 154, in validate_models
    run_checks()
  File "/home/ubuntu/tmath/.venv/lib/python3.12/site-packages/django/core/checks/registry.py", line 88, in run_checks
    new_errors = check(app_configs=app_configs, databases=databases)
                 ^^^^^^^^^^^^^^^^^^^^^^^^^^^^^^^^^^^^^^^^^^^^^^^^^^^
  File "/home/ubuntu/tmath/.venv/lib/python3.12/site-packages/django/core/checks/urls.py", line 14, in check_url_config
    return check_resolver(resolver)
           ^^^^^^^^^^^^^^^^^^^^^^^^
  File "/home/ubuntu/tmath/.venv/lib/python3.12/site-packages/django/core/checks/urls.py", line 24, in check_resolver
    return check_method()
           ^^^^^^^^^^^^^^
  File "/home/ubuntu/tmath/.venv/lib/python3.12/site-packages/django/urls/resolvers.py", line 494, in check
    for pattern in self.url_patterns:
                   ^^^^^^^^^^^^^^^^^
  File "/home/ubuntu/tmath/.venv/lib/python3.12/site-packages/django/utils/functional.py", line 57, in __get__
    res = instance.__dict__[self.name] = self.func(instance)
                                         ^^^^^^^^^^^^^^^^^^^
  File "/home/ubuntu/tmath/.venv/lib/python3.12/site-packages/django/urls/resolvers.py", line 715, in url_patterns
    patterns = getattr(self.urlconf_module, "urlpatterns", self.urlconf_module)
                       ^^^^^^^^^^^^^^^^^^^
  File "/home/ubuntu/tmath/.venv/lib/python3.12/site-packages/django/utils/functional.py", line 57, in __get__
    res = instance.__dict__[self.name] = self.func(instance)
                                         ^^^^^^^^^^^^^^^^^^^
  File "/home/ubuntu/tmath/.venv/lib/python3.12/site-packages/django/urls/resolvers.py", line 708, in urlconf_module
    return import_module(self.urlconf_name)
           ^^^^^^^^^^^^^^^^^^^^^^^^^^^^^^^^
  File "/usr/lib/python3.12/importlib/__init__.py", line 90, in import_module
    return _bootstrap._gcd_import(name[level:], package, level)
           ^^^^^^^^^^^^^^^^^^^^^^^^^^^^^^^^^^^^^^^^^^^^^^^^^^^^
  File "<frozen importlib._bootstrap>", line 1387, in _gcd_import
  File "<frozen importlib._bootstrap>", line 1360, in _find_and_load
  File "<frozen importlib._bootstrap>", line 1331, in _find_and_load_unlocked
  File "<frozen importlib._bootstrap>", line 935, in _load_unlocked
  File "<frozen importlib._bootstrap_external>", line 995, in exec_module
  File "<frozen importlib._bootstrap>", line 488, in _call_with_frames_removed
  File "/home/ubuntu/tmath/tmath/urls.py", line 740, in <module>
    path('api/verify-admin/', verify_admin, name='verify_admin'),
                              ^^^^^^^^^^^^
NameError: name 'verify_admin' is not defined
ERROR 2026-09-20 14:57:00,500 signal Signal handler <bound method DjangoFixup.on_import_modules of <celery.fixups.django.DjangoFixup object at 0x7aee152893a0>> raised: NameError("name 'verify_admin' is not defined")
Traceback (most recent call last):
  File "/home/ubuntu/tmath/.venv/lib/python3.12/site-packages/celery/utils/dispatch/signal.py", line 280, in send
    response = receiver(signal=self, sender=sender, **named)
               ^^^^^^^^^^^^^^^^^^^^^^^^^^^^^^^^^^^^^^^^^^^^^
  File "/home/ubuntu/tmath/.venv/lib/python3.12/site-packages/celery/fixups/django.py", line 103, in on_import_modules
    self.worker_fixup.validate_models()
  File "/home/ubuntu/tmath/.venv/lib/python3.12/site-packages/celery/fixups/django.py", line 154, in validate_models
    run_checks()
  File "/home/ubuntu/tmath/.venv/lib/python3.12/site-packages/django/core/checks/registry.py", line 88, in run_checks
    new_errors = check(app_configs=app_configs, databases=databases)
                 ^^^^^^^^^^^^^^^^^^^^^^^^^^^^^^^^^^^^^^^^^^^^^^^^^^^
  File "/home/ubuntu/tmath/.venv/lib/python3.12/site-packages/django/core/checks/urls.py", line 14, in check_url_config
    return check_resolver(resolver)
           ^^^^^^^^^^^^^^^^^^^^^^^^
  File "/home/ubuntu/tmath/.venv/lib/python3.12/site-packages/django/core/checks/urls.py", line 24, in check_resolver
    return check_method()
           ^^^^^^^^^^^^^^
  File "/home/ubuntu/tmath/.venv/lib/python3.12/site-packages/django/urls/resolvers.py", line 494, in check
    for pattern in self.url_patterns:
                   ^^^^^^^^^^^^^^^^^
  File "/home/ubuntu/tmath/.venv/lib/python3.12/site-packages/django/utils/functional.py", line 57, in __get__
    res = instance.__dict__[self.name] = self.func(instance)
                                         ^^^^^^^^^^^^^^^^^^^
  File "/home/ubuntu/tmath/.venv/lib/python3.12/site-packages/django/urls/resolvers.py", line 715, in url_patterns
    patterns = getattr(self.urlconf_module, "urlpatterns", self.urlconf_module)
                       ^^^^^^^^^^^^^^^^^^^
  File "/home/ubuntu/tmath/.venv/lib/python3.12/site-packages/django/utils/functional.py", line 57, in __get__
    res = instance.__dict__[self.name] = self.func(instance)
                                         ^^^^^^^^^^^^^^^^^^^
  File "/home/ubuntu/tmath/.venv/lib/python3.12/site-packages/django/urls/resolvers.py", line 708, in urlconf_module
    return import_module(self.urlconf_name)
           ^^^^^^^^^^^^^^^^^^^^^^^^^^^^^^^^
  File "/usr/lib/python3.12/importlib/__init__.py", line 90, in import_module
    return _bootstrap._gcd_import(name[level:], package, level)
           ^^^^^^^^^^^^^^^^^^^^^^^^^^^^^^^^^^^^^^^^^^^^^^^^^^^^
  File "<frozen importlib._bootstrap>", line 1387, in _gcd_import
  File "<frozen importlib._bootstrap>", line 1360, in _find_and_load
  File "<frozen importlib._bootstrap>", line 1331, in _find_and_load_unlocked
  File "<frozen importlib._bootstrap>", line 935, in _load_unlocked
  File "<frozen importlib._bootstrap_external>", line 995, in exec_module
  File "<frozen importlib._bootstrap>", line 488, in _call_with_frames_removed
  File "/home/ubuntu/tmath/tmath/urls.py", line 740, in <module>
    path('api/verify-admin/', verify_admin, name='verify_admin'),
                              ^^^^^^^^^^^^
NameError: name 'verify_admin' is not defined
Traceback (most recent call last):
  File "/home/ubuntu/tmath/.venv/bin/celery", line 6, in <module>
    sys.exit(main())
             ^^^^^^
  File "/home/ubuntu/tmath/.venv/lib/python3.12/site-packages/celery/__main__.py", line 15, in main
    sys.exit(_main())
             ^^^^^^^
  File "/home/ubuntu/tmath/.venv/lib/python3.12/site-packages/celery/bin/celery.py", line 227, in main
    return celery(auto_envvar_prefix="CELERY")
           ^^^^^^^^^^^^^^^^^^^^^^^^^^^^^^^^^^^
  File "/home/ubuntu/tmath/.venv/lib/python3.12/site-packages/click/core.py", line 1569, in __call__
    return self.main(*args, **kwargs)
           ^^^^^^^^^^^^^^^^^^^^^^^^^^
  File "/home/ubuntu/tmath/.venv/lib/python3.12/site-packages/click/core.py", line 1490, in main
    rv = self.invoke(ctx)
         ^^^^^^^^^^^^^^^^
  File "/home/ubuntu/tmath/.venv/lib/python3.12/site-packages/click/core.py", line 1970, in invoke
    return _process_result(sub_ctx.command.invoke(sub_ctx))
                           ^^^^^^^^^^^^^^^^^^^^^^^^^^^^^^^
  File "/home/ubuntu/tmath/.venv/lib/python3.12/site-packages/click/core.py", line 1353, in invoke
    return ctx.invoke(self.callback, **ctx.params)
           ^^^^^^^^^^^^^^^^^^^^^^^^^^^^^^^^^^^^^^^
  File "/home/ubuntu/tmath/.venv/lib/python3.12/site-packages/click/core.py", line 907, in invoke
    return callback(*args, **kwargs)
           ^^^^^^^^^^^^^^^^^^^^^^^^^
  File "/home/ubuntu/tmath/.venv/lib/python3.12/site-packages/click/decorators.py", line 34, in new_func
    return f(get_current_context(), *args, **kwargs)
           ^^^^^^^^^^^^^^^^^^^^^^^^^^^^^^^^^^^^^^^^^
  File "/home/ubuntu/tmath/.venv/lib/python3.12/site-packages/celery/bin/base.py", line 158, in caller
    return f(ctx, *args, **kwargs)
           ^^^^^^^^^^^^^^^^^^^^^^^
  File "/home/ubuntu/tmath/.venv/lib/python3.12/site-packages/celery/bin/worker.py", line 359, in worker
    worker = app.Worker(
             ^^^^^^^^^^^
  File "/home/ubuntu/tmath/.venv/lib/python3.12/site-packages/celery/worker/worker.py", line 94, in __init__
    self.app.loader.init_worker()
  File "/home/ubuntu/tmath/.venv/lib/python3.12/site-packages/celery/loaders/base.py", line 110, in init_worker
    self.import_default_modules()
  File "/home/ubuntu/tmath/.venv/lib/python3.12/site-packages/celery/loaders/base.py", line 104, in import_default_modules
    raise response
  File "/home/ubuntu/tmath/.venv/lib/python3.12/site-packages/celery/utils/dispatch/signal.py", line 280, in send
    response = receiver(signal=self, sender=sender, **named)
               ^^^^^^^^^^^^^^^^^^^^^^^^^^^^^^^^^^^^^^^^^^^^^
  File "/home/ubuntu/tmath/.venv/lib/python3.12/site-packages/celery/fixups/django.py", line 103, in on_import_modules
    self.worker_fixup.validate_models()
  File "/home/ubuntu/tmath/.venv/lib/python3.12/site-packages/celery/fixups/django.py", line 154, in validate_models
    run_checks()
  File "/home/ubuntu/tmath/.venv/lib/python3.12/site-packages/django/core/checks/registry.py", line 88, in run_checks
    new_errors = check(app_configs=app_configs, databases=databases)
                 ^^^^^^^^^^^^^^^^^^^^^^^^^^^^^^^^^^^^^^^^^^^^^^^^^^^
  File "/home/ubuntu/tmath/.venv/lib/python3.12/site-packages/django/core/checks/urls.py", line 14, in check_url_config
    return check_resolver(resolver)
           ^^^^^^^^^^^^^^^^^^^^^^^^
  File "/home/ubuntu/tmath/.venv/lib/python3.12/site-packages/django/core/checks/urls.py", line 24, in check_resolver
    return check_method()
           ^^^^^^^^^^^^^^
  File "/home/ubuntu/tmath/.venv/lib/python3.12/site-packages/django/urls/resolvers.py", line 494, in check
    for pattern in self.url_patterns:
                   ^^^^^^^^^^^^^^^^^
  File "/home/ubuntu/tmath/.venv/lib/python3.12/site-packages/django/utils/functional.py", line 57, in __get__
    res = instance.__dict__[self.name] = self.func(instance)
                                         ^^^^^^^^^^^^^^^^^^^
  File "/home/ubuntu/tmath/.venv/lib/python3.12/site-packages/django/urls/resolvers.py", line 715, in url_patterns
    patterns = getattr(self.urlconf_module, "urlpatterns", self.urlconf_module)
                       ^^^^^^^^^^^^^^^^^^^
  File "/home/ubuntu/tmath/.venv/lib/python3.12/site-packages/django/utils/functional.py", line 57, in __get__
    res = instance.__dict__[self.name] = self.func(instance)
                                         ^^^^^^^^^^^^^^^^^^^
  File "/home/ubuntu/tmath/.venv/lib/python3.12/site-packages/django/urls/resolvers.py", line 708, in urlconf_module
    return import_module(self.urlconf_name)
           ^^^^^^^^^^^^^^^^^^^^^^^^^^^^^^^^
  File "/usr/lib/python3.12/importlib/__init__.py", line 90, in import_module
    return _bootstrap._gcd_import(name[level:], package, level)
           ^^^^^^^^^^^^^^^^^^^^^^^^^^^^^^^^^^^^^^^^^^^^^^^^^^^^
  File "<frozen importlib._bootstrap>", line 1387, in _gcd_import
  File "<frozen importlib._bootstrap>", line 1360, in _find_and_load
  File "<frozen importlib._bootstrap>", line 1331, in _find_and_load_unlocked
  File "<frozen importlib._bootstrap>", line 935, in _load_unlocked
  File "<frozen importlib._bootstrap_external>", line 995, in exec_module
  File "<frozen importlib._bootstrap>", line 488, in _call_with_frames_removed
  File "/home/ubuntu/tmath/tmath/urls.py", line 740, in <module>
    path('api/verify-admin/', verify_admin, name='verify_admin'),
                              ^^^^^^^^^^^^
NameError: name 'verify_admin' is not defined
ERROR 2026-09-20 14:57:02,805 signal Signal handler <bound method DjangoFixup.on_import_modules of <celery.fixups.django.DjangoFixup object at 0x79f13d48b740>> raised: NameError("name 'verify_admin' is not defined")
Traceback (most recent call last):
  File "/home/ubuntu/tmath/.venv/lib/python3.12/site-packages/celery/utils/dispatch/signal.py", line 280, in send
    response = receiver(signal=self, sender=sender, **named)
               ^^^^^^^^^^^^^^^^^^^^^^^^^^^^^^^^^^^^^^^^^^^^^
  File "/home/ubuntu/tmath/.venv/lib/python3.12/site-packages/celery/fixups/django.py", line 103, in on_import_modules
    self.worker_fixup.validate_models()
  File "/home/ubuntu/tmath/.venv/lib/python3.12/site-packages/celery/fixups/django.py", line 154, in validate_models
    run_checks()
  File "/home/ubuntu/tmath/.venv/lib/python3.12/site-packages/django/core/checks/registry.py", line 88, in run_checks
    new_errors = check(app_configs=app_configs, databases=databases)
                 ^^^^^^^^^^^^^^^^^^^^^^^^^^^^^^^^^^^^^^^^^^^^^^^^^^^
  File "/home/ubuntu/tmath/.venv/lib/python3.12/site-packages/django/core/checks/urls.py", line 14, in check_url_config
    return check_resolver(resolver)
           ^^^^^^^^^^^^^^^^^^^^^^^^
  File "/home/ubuntu/tmath/.venv/lib/python3.12/site-packages/django/core/checks/urls.py", line 24, in check_resolver
    return check_method()
           ^^^^^^^^^^^^^^
  File "/home/ubuntu/tmath/.venv/lib/python3.12/site-packages/django/urls/resolvers.py", line 494, in check
    for pattern in self.url_patterns:
                   ^^^^^^^^^^^^^^^^^
  File "/home/ubuntu/tmath/.venv/lib/python3.12/site-packages/django/utils/functional.py", line 57, in __get__
    res = instance.__dict__[self.name] = self.func(instance)
                                         ^^^^^^^^^^^^^^^^^^^
  File "/home/ubuntu/tmath/.venv/lib/python3.12/site-packages/django/urls/resolvers.py", line 715, in url_patterns
    patterns = getattr(self.urlconf_module, "urlpatterns", self.urlconf_module)
                       ^^^^^^^^^^^^^^^^^^^
  File "/home/ubuntu/tmath/.venv/lib/python3.12/site-packages/django/utils/functional.py", line 57, in __get__
    res = instance.__dict__[self.name] = self.func(instance)
                                         ^^^^^^^^^^^^^^^^^^^
  File "/home/ubuntu/tmath/.venv/lib/python3.12/site-packages/django/urls/resolvers.py", line 708, in urlconf_module
    return import_module(self.urlconf_name)
           ^^^^^^^^^^^^^^^^^^^^^^^^^^^^^^^^
  File "/usr/lib/python3.12/importlib/__init__.py", line 90, in import_module
    return _bootstrap._gcd_import(name[level:], package, level)
           ^^^^^^^^^^^^^^^^^^^^^^^^^^^^^^^^^^^^^^^^^^^^^^^^^^^^
  File "<frozen importlib._bootstrap>", line 1387, in _gcd_import
  File "<frozen importlib._bootstrap>", line 1360, in _find_and_load
  File "<frozen importlib._bootstrap>", line 1331, in _find_and_load_unlocked
  File "<frozen importlib._bootstrap>", line 935, in _load_unlocked
  File "<frozen importlib._bootstrap_external>", line 995, in exec_module
  File "<frozen importlib._bootstrap>", line 488, in _call_with_frames_removed
  File "/home/ubuntu/tmath/tmath/urls.py", line 740, in <module>
    path('api/verify-admin/', verify_admin, name='verify_admin'),
                              ^^^^^^^^^^^^
NameError: name 'verify_admin' is not defined
Traceback (most recent call last):
  File "/home/ubuntu/tmath/.venv/bin/celery", line 6, in <module>
    sys.exit(main())
             ^^^^^^
  File "/home/ubuntu/tmath/.venv/lib/python3.12/site-packages/celery/__main__.py", line 15, in main
    sys.exit(_main())
             ^^^^^^^
  File "/home/ubuntu/tmath/.venv/lib/python3.12/site-packages/celery/bin/celery.py", line 227, in main
    return celery(auto_envvar_prefix="CELERY")
           ^^^^^^^^^^^^^^^^^^^^^^^^^^^^^^^^^^^
  File "/home/ubuntu/tmath/.venv/lib/python3.12/site-packages/click/core.py", line 1569, in __call__
    return self.main(*args, **kwargs)
           ^^^^^^^^^^^^^^^^^^^^^^^^^^
  File "/home/ubuntu/tmath/.venv/lib/python3.12/site-packages/click/core.py", line 1490, in main
    rv = self.invoke(ctx)
         ^^^^^^^^^^^^^^^^
  File "/home/ubuntu/tmath/.venv/lib/python3.12/site-packages/click/core.py", line 1970, in invoke
    return _process_result(sub_ctx.command.invoke(sub_ctx))
                           ^^^^^^^^^^^^^^^^^^^^^^^^^^^^^^^
  File "/home/ubuntu/tmath/.venv/lib/python3.12/site-packages/click/core.py", line 1353, in invoke
    return ctx.invoke(self.callback, **ctx.params)
           ^^^^^^^^^^^^^^^^^^^^^^^^^^^^^^^^^^^^^^^
  File "/home/ubuntu/tmath/.venv/lib/python3.12/site-packages/click/core.py", line 907, in invoke
    return callback(*args, **kwargs)
           ^^^^^^^^^^^^^^^^^^^^^^^^^
  File "/home/ubuntu/tmath/.venv/lib/python3.12/site-packages/click/decorators.py", line 34, in new_func
    return f(get_current_context(), *args, **kwargs)
           ^^^^^^^^^^^^^^^^^^^^^^^^^^^^^^^^^^^^^^^^^
  File "/home/ubuntu/tmath/.venv/lib/python3.12/site-packages/celery/bin/base.py", line 158, in caller
    return f(ctx, *args, **kwargs)
           ^^^^^^^^^^^^^^^^^^^^^^^
  File "/home/ubuntu/tmath/.venv/lib/python3.12/site-packages/celery/bin/worker.py", line 359, in worker
    worker = app.Worker(
             ^^^^^^^^^^^
  File "/home/ubuntu/tmath/.venv/lib/python3.12/site-packages/celery/worker/worker.py", line 94, in __init__
    self.app.loader.init_worker()
  File "/home/ubuntu/tmath/.venv/lib/python3.12/site-packages/celery/loaders/base.py", line 110, in init_worker
    self.import_default_modules()
  File "/home/ubuntu/tmath/.venv/lib/python3.12/site-packages/celery/loaders/base.py", line 104, in import_default_modules
    raise response
  File "/home/ubuntu/tmath/.venv/lib/python3.12/site-packages/celery/utils/dispatch/signal.py", line 280, in send
    response = receiver(signal=self, sender=sender, **named)
               ^^^^^^^^^^^^^^^^^^^^^^^^^^^^^^^^^^^^^^^^^^^^^
  File "/home/ubuntu/tmath/.venv/lib/python3.12/site-packages/celery/fixups/django.py", line 103, in on_import_modules
    self.worker_fixup.validate_models()
  File "/home/ubuntu/tmath/.venv/lib/python3.12/site-packages/celery/fixups/django.py", line 154, in validate_models
    run_checks()
  File "/home/ubuntu/tmath/.venv/lib/python3.12/site-packages/django/core/checks/registry.py", line 88, in run_checks
    new_errors = check(app_configs=app_configs, databases=databases)
                 ^^^^^^^^^^^^^^^^^^^^^^^^^^^^^^^^^^^^^^^^^^^^^^^^^^^
  File "/home/ubuntu/tmath/.venv/lib/python3.12/site-packages/django/core/checks/urls.py", line 14, in check_url_config
    return check_resolver(resolver)
           ^^^^^^^^^^^^^^^^^^^^^^^^
  File "/home/ubuntu/tmath/.venv/lib/python3.12/site-packages/django/core/checks/urls.py", line 24, in check_resolver
    return check_method()
           ^^^^^^^^^^^^^^
  File "/home/ubuntu/tmath/.venv/lib/python3.12/site-packages/django/urls/resolvers.py", line 494, in check
    for pattern in self.url_patterns:
                   ^^^^^^^^^^^^^^^^^
  File "/home/ubuntu/tmath/.venv/lib/python3.12/site-packages/django/utils/functional.py", line 57, in __get__
    res = instance.__dict__[self.name] = self.func(instance)
                                         ^^^^^^^^^^^^^^^^^^^
  File "/home/ubuntu/tmath/.venv/lib/python3.12/site-packages/django/urls/resolvers.py", line 715, in url_patterns
    patterns = getattr(self.urlconf_module, "urlpatterns", self.urlconf_module)
                       ^^^^^^^^^^^^^^^^^^^
  File "/home/ubuntu/tmath/.venv/lib/python3.12/site-packages/django/utils/functional.py", line 57, in __get__
    res = instance.__dict__[self.name] = self.func(instance)
                                         ^^^^^^^^^^^^^^^^^^^
  File "/home/ubuntu/tmath/.venv/lib/python3.12/site-packages/django/urls/resolvers.py", line 708, in urlconf_module
    return import_module(self.urlconf_name)
           ^^^^^^^^^^^^^^^^^^^^^^^^^^^^^^^^
  File "/usr/lib/python3.12/importlib/__init__.py", line 90, in import_module
    return _bootstrap._gcd_import(name[level:], package, level)
           ^^^^^^^^^^^^^^^^^^^^^^^^^^^^^^^^^^^^^^^^^^^^^^^^^^^^
  File "<frozen importlib._bootstrap>", line 1387, in _gcd_import
  File "<frozen importlib._bootstrap>", line 1360, in _find_and_load
  File "<frozen importlib._bootstrap>", line 1331, in _find_and_load_unlocked
  File "<frozen importlib._bootstrap>", line 935, in _load_unlocked
  File "<frozen importlib._bootstrap_external>", line 995, in exec_module
  File "<frozen importlib._bootstrap>", line 488, in _call_with_frames_removed
  File "/home/ubuntu/tmath/tmath/urls.py", line 740, in <module>
    path('api/verify-admin/', verify_admin, name='verify_admin'),
                              ^^^^^^^^^^^^
NameError: name 'verify_admin' is not defined
ERROR 2026-09-20 14:57:05,071 signal Signal handler <bound method DjangoFixup.on_import_modules of <celery.fixups.django.DjangoFixup object at 0x7310220fcbc0>> raised: NameError("name 'verify_admin' is not defined")
Traceback (most recent call last):
  File "/home/ubuntu/tmath/.venv/lib/python3.12/site-packages/celery/utils/dispatch/signal.py", line 280, in send
    response = receiver(signal=self, sender=sender, **named)
               ^^^^^^^^^^^^^^^^^^^^^^^^^^^^^^^^^^^^^^^^^^^^^
  File "/home/ubuntu/tmath/.venv/lib/python3.12/site-packages/celery/fixups/django.py", line 103, in on_import_modules
    self.worker_fixup.validate_models()
  File "/home/ubuntu/tmath/.venv/lib/python3.12/site-packages/celery/fixups/django.py", line 154, in validate_models
    run_checks()
  File "/home/ubuntu/tmath/.venv/lib/python3.12/site-packages/django/core/checks/registry.py", line 88, in run_checks
    new_errors = check(app_configs=app_configs, databases=databases)
                 ^^^^^^^^^^^^^^^^^^^^^^^^^^^^^^^^^^^^^^^^^^^^^^^^^^^
  File "/home/ubuntu/tmath/.venv/lib/python3.12/site-packages/django/core/checks/urls.py", line 14, in check_url_config
    return check_resolver(resolver)
           ^^^^^^^^^^^^^^^^^^^^^^^^
  File "/home/ubuntu/tmath/.venv/lib/python3.12/site-packages/django/core/checks/urls.py", line 24, in check_resolver
    return check_method()
           ^^^^^^^^^^^^^^
  File "/home/ubuntu/tmath/.venv/lib/python3.12/site-packages/django/urls/resolvers.py", line 494, in check
    for pattern in self.url_patterns:
                   ^^^^^^^^^^^^^^^^^
  File "/home/ubuntu/tmath/.venv/lib/python3.12/site-packages/django/utils/functional.py", line 57, in __get__
    res = instance.__dict__[self.name] = self.func(instance)
                                         ^^^^^^^^^^^^^^^^^^^
  File "/home/ubuntu/tmath/.venv/lib/python3.12/site-packages/django/urls/resolvers.py", line 715, in url_patterns
    patterns = getattr(self.urlconf_module, "urlpatterns", self.urlconf_module)
                       ^^^^^^^^^^^^^^^^^^^
  File "/home/ubuntu/tmath/.venv/lib/python3.12/site-packages/django/utils/functional.py", line 57, in __get__
    res = instance.__dict__[self.name] = self.func(instance)
                                         ^^^^^^^^^^^^^^^^^^^
  File "/home/ubuntu/tmath/.venv/lib/python3.12/site-packages/django/urls/resolvers.py", line 708, in urlconf_module
    return import_module(self.urlconf_name)
           ^^^^^^^^^^^^^^^^^^^^^^^^^^^^^^^^
  File "/usr/lib/python3.12/importlib/__init__.py", line 90, in import_module
    return _bootstrap._gcd_import(name[level:], package, level)
           ^^^^^^^^^^^^^^^^^^^^^^^^^^^^^^^^^^^^^^^^^^^^^^^^^^^^
  File "<frozen importlib._bootstrap>", line 1387, in _gcd_import
  File "<frozen importlib._bootstrap>", line 1360, in _find_and_load
  File "<frozen importlib._bootstrap>", line 1331, in _find_and_load_unlocked
  File "<frozen importlib._bootstrap>", line 935, in _load_unlocked
  File "<frozen importlib._bootstrap_external>", line 995, in exec_module
  File "<frozen importlib._bootstrap>", line 488, in _call_with_frames_removed
  File "/home/ubuntu/tmath/tmath/urls.py", line 740, in <module>
    path('api/verify-admin/', verify_admin, name='verify_admin'),
                              ^^^^^^^^^^^^
NameError: name 'verify_admin' is not defined
Traceback (most recent call last):
  File "/home/ubuntu/tmath/.venv/bin/celery", line 6, in <module>
    sys.exit(main())
             ^^^^^^
  File "/home/ubuntu/tmath/.venv/lib/python3.12/site-packages/celery/__main__.py", line 15, in main
    sys.exit(_main())
             ^^^^^^^
  File "/home/ubuntu/tmath/.venv/lib/python3.12/site-packages/celery/bin/celery.py", line 227, in main
    return celery(auto_envvar_prefix="CELERY")
           ^^^^^^^^^^^^^^^^^^^^^^^^^^^^^^^^^^^
  File "/home/ubuntu/tmath/.venv/lib/python3.12/site-packages/click/core.py", line 1569, in __call__
    return self.main(*args, **kwargs)
           ^^^^^^^^^^^^^^^^^^^^^^^^^^
  File "/home/ubuntu/tmath/.venv/lib/python3.12/site-packages/click/core.py", line 1490, in main
    rv = self.invoke(ctx)
         ^^^^^^^^^^^^^^^^
  File "/home/ubuntu/tmath/.venv/lib/python3.12/site-packages/click/core.py", line 1970, in invoke
    return _process_result(sub_ctx.command.invoke(sub_ctx))
                           ^^^^^^^^^^^^^^^^^^^^^^^^^^^^^^^
  File "/home/ubuntu/tmath/.venv/lib/python3.12/site-packages/click/core.py", line 1353, in invoke
    return ctx.invoke(self.callback, **ctx.params)
           ^^^^^^^^^^^^^^^^^^^^^^^^^^^^^^^^^^^^^^^
  File "/home/ubuntu/tmath/.venv/lib/python3.12/site-packages/click/core.py", line 907, in invoke
    return callback(*args, **kwargs)
           ^^^^^^^^^^^^^^^^^^^^^^^^^
  File "/home/ubuntu/tmath/.venv/lib/python3.12/site-packages/click/decorators.py", line 34, in new_func
    return f(get_current_context(), *args, **kwargs)
           ^^^^^^^^^^^^^^^^^^^^^^^^^^^^^^^^^^^^^^^^^
  File "/home/ubuntu/tmath/.venv/lib/python3.12/site-packages/celery/bin/base.py", line 158, in caller
    return f(ctx, *args, **kwargs)
           ^^^^^^^^^^^^^^^^^^^^^^^
  File "/home/ubuntu/tmath/.venv/lib/python3.12/site-packages/celery/bin/worker.py", line 359, in worker
    worker = app.Worker(
             ^^^^^^^^^^^
  File "/home/ubuntu/tmath/.venv/lib/python3.12/site-packages/celery/worker/worker.py", line 94, in __init__
    self.app.loader.init_worker()
  File "/home/ubuntu/tmath/.venv/lib/python3.12/site-packages/celery/loaders/base.py", line 110, in init_worker
    self.import_default_modules()
  File "/home/ubuntu/tmath/.venv/lib/python3.12/site-packages/celery/loaders/base.py", line 104, in import_default_modules
    raise response
  File "/home/ubuntu/tmath/.venv/lib/python3.12/site-packages/celery/utils/dispatch/signal.py", line 280, in send
    response = receiver(signal=self, sender=sender, **named)
               ^^^^^^^^^^^^^^^^^^^^^^^^^^^^^^^^^^^^^^^^^^^^^
  File "/home/ubuntu/tmath/.venv/lib/python3.12/site-packages/celery/fixups/django.py", line 103, in on_import_modules
    self.worker_fixup.validate_models()
  File "/home/ubuntu/tmath/.venv/lib/python3.12/site-packages/celery/fixups/django.py", line 154, in validate_models
    run_checks()
  File "/home/ubuntu/tmath/.venv/lib/python3.12/site-packages/django/core/checks/registry.py", line 88, in run_checks
    new_errors = check(app_configs=app_configs, databases=databases)
                 ^^^^^^^^^^^^^^^^^^^^^^^^^^^^^^^^^^^^^^^^^^^^^^^^^^^
  File "/home/ubuntu/tmath/.venv/lib/python3.12/site-packages/django/core/checks/urls.py", line 14, in check_url_config
    return check_resolver(resolver)
           ^^^^^^^^^^^^^^^^^^^^^^^^
  File "/home/ubuntu/tmath/.venv/lib/python3.12/site-packages/django/core/checks/urls.py", line 24, in check_resolver
    return check_method()
           ^^^^^^^^^^^^^^
  File "/home/ubuntu/tmath/.venv/lib/python3.12/site-packages/django/urls/resolvers.py", line 494, in check
    for pattern in self.url_patterns:
                   ^^^^^^^^^^^^^^^^^
  File "/home/ubuntu/tmath/.venv/lib/python3.12/site-packages/django/utils/functional.py", line 57, in __get__
    res = instance.__dict__[self.name] = self.func(instance)
                                         ^^^^^^^^^^^^^^^^^^^
  File "/home/ubuntu/tmath/.venv/lib/python3.12/site-packages/django/urls/resolvers.py", line 715, in url_patterns
    patterns = getattr(self.urlconf_module, "urlpatterns", self.urlconf_module)
                       ^^^^^^^^^^^^^^^^^^^
  File "/home/ubuntu/tmath/.venv/lib/python3.12/site-packages/django/utils/functional.py", line 57, in __get__
    res = instance.__dict__[self.name] = self.func(instance)
                                         ^^^^^^^^^^^^^^^^^^^
  File "/home/ubuntu/tmath/.venv/lib/python3.12/site-packages/django/urls/resolvers.py", line 708, in urlconf_module
    return import_module(self.urlconf_name)
           ^^^^^^^^^^^^^^^^^^^^^^^^^^^^^^^^
  File "/usr/lib/python3.12/importlib/__init__.py", line 90, in import_module
    return _bootstrap._gcd_import(name[level:], package, level)
           ^^^^^^^^^^^^^^^^^^^^^^^^^^^^^^^^^^^^^^^^^^^^^^^^^^^^
  File "<frozen importlib._bootstrap>", line 1387, in _gcd_import
  File "<frozen importlib._bootstrap>", line 1360, in _find_and_load
  File "<frozen importlib._bootstrap>", line 1331, in _find_and_load_unlocked
  File "<frozen importlib._bootstrap>", line 935, in _load_unlocked
  File "<frozen importlib._bootstrap_external>", line 995, in exec_module
  File "<frozen importlib._bootstrap>", line 488, in _call_with_frames_removed
  File "/home/ubuntu/tmath/tmath/urls.py", line 740, in <module>
    path('api/verify-admin/', verify_admin, name='verify_admin'),
                              ^^^^^^^^^^^^
NameError: name 'verify_admin' is not defined
ERROR 2026-09-20 14:57:07,179 signal Signal handler <bound method DjangoFixup.on_import_modules of <celery.fixups.django.DjangoFixup object at 0x78ecb8620980>> raised: NameError("name 'verify_admin' is not defined")
Traceback (most recent call last):
  File "/home/ubuntu/tmath/.venv/lib/python3.12/site-packages/celery/utils/dispatch/signal.py", line 280, in send
    response = receiver(signal=self, sender=sender, **named)
               ^^^^^^^^^^^^^^^^^^^^^^^^^^^^^^^^^^^^^^^^^^^^^
  File "/home/ubuntu/tmath/.venv/lib/python3.12/site-packages/celery/fixups/django.py", line 103, in on_import_modules
    self.worker_fixup.validate_models()
  File "/home/ubuntu/tmath/.venv/lib/python3.12/site-packages/celery/fixups/django.py", line 154, in validate_models
    run_checks()
  File "/home/ubuntu/tmath/.venv/lib/python3.12/site-packages/django/core/checks/registry.py", line 88, in run_checks
    new_errors = check(app_configs=app_configs, databases=databases)
                 ^^^^^^^^^^^^^^^^^^^^^^^^^^^^^^^^^^^^^^^^^^^^^^^^^^^
  File "/home/ubuntu/tmath/.venv/lib/python3.12/site-packages/django/core/checks/urls.py", line 14, in check_url_config
    return check_resolver(resolver)
           ^^^^^^^^^^^^^^^^^^^^^^^^
  File "/home/ubuntu/tmath/.venv/lib/python3.12/site-packages/django/core/checks/urls.py", line 24, in check_resolver
    return check_method()
           ^^^^^^^^^^^^^^
  File "/home/ubuntu/tmath/.venv/lib/python3.12/site-packages/django/urls/resolvers.py", line 494, in check
    for pattern in self.url_patterns:
                   ^^^^^^^^^^^^^^^^^
  File "/home/ubuntu/tmath/.venv/lib/python3.12/site-packages/django/utils/functional.py", line 57, in __get__
    res = instance.__dict__[self.name] = self.func(instance)
                                         ^^^^^^^^^^^^^^^^^^^
  File "/home/ubuntu/tmath/.venv/lib/python3.12/site-packages/django/urls/resolvers.py", line 715, in url_patterns
    patterns = getattr(self.urlconf_module, "urlpatterns", self.urlconf_module)
                       ^^^^^^^^^^^^^^^^^^^
  File "/home/ubuntu/tmath/.venv/lib/python3.12/site-packages/django/utils/functional.py", line 57, in __get__
    res = instance.__dict__[self.name] = self.func(instance)
                                         ^^^^^^^^^^^^^^^^^^^
  File "/home/ubuntu/tmath/.venv/lib/python3.12/site-packages/django/urls/resolvers.py", line 708, in urlconf_module
    return import_module(self.urlconf_name)
           ^^^^^^^^^^^^^^^^^^^^^^^^^^^^^^^^
  File "/usr/lib/python3.12/importlib/__init__.py", line 90, in import_module
    return _bootstrap._gcd_import(name[level:], package, level)
           ^^^^^^^^^^^^^^^^^^^^^^^^^^^^^^^^^^^^^^^^^^^^^^^^^^^^
  File "<frozen importlib._bootstrap>", line 1387, in _gcd_import
  File "<frozen importlib._bootstrap>", line 1360, in _find_and_load
  File "<frozen importlib._bootstrap>", line 1331, in _find_and_load_unlocked
  File "<frozen importlib._bootstrap>", line 935, in _load_unlocked
  File "<frozen importlib._bootstrap_external>", line 995, in exec_module
  File "<frozen importlib._bootstrap>", line 488, in _call_with_frames_removed
  File "/home/ubuntu/tmath/tmath/urls.py", line 740, in <module>
    path('api/verify-admin/', verify_admin, name='verify_admin'),
                              ^^^^^^^^^^^^
NameError: name 'verify_admin' is not defined
Traceback (most recent call last):
  File "/home/ubuntu/tmath/.venv/bin/celery", line 6, in <module>
    sys.exit(main())
             ^^^^^^
  File "/home/ubuntu/tmath/.venv/lib/python3.12/site-packages/celery/__main__.py", line 15, in main
    sys.exit(_main())
             ^^^^^^^
  File "/home/ubuntu/tmath/.venv/lib/python3.12/site-packages/celery/bin/celery.py", line 227, in main
    return celery(auto_envvar_prefix="CELERY")
           ^^^^^^^^^^^^^^^^^^^^^^^^^^^^^^^^^^^
  File "/home/ubuntu/tmath/.venv/lib/python3.12/site-packages/click/core.py", line 1569, in __call__
    return self.main(*args, **kwargs)
           ^^^^^^^^^^^^^^^^^^^^^^^^^^
  File "/home/ubuntu/tmath/.venv/lib/python3.12/site-packages/click/core.py", line 1490, in main
    rv = self.invoke(ctx)
         ^^^^^^^^^^^^^^^^
  File "/home/ubuntu/tmath/.venv/lib/python3.12/site-packages/click/core.py", line 1970, in invoke
    return _process_result(sub_ctx.command.invoke(sub_ctx))
                           ^^^^^^^^^^^^^^^^^^^^^^^^^^^^^^^
  File "/home/ubuntu/tmath/.venv/lib/python3.12/site-packages/click/core.py", line 1353, in invoke
    return ctx.invoke(self.callback, **ctx.params)
           ^^^^^^^^^^^^^^^^^^^^^^^^^^^^^^^^^^^^^^^
  File "/home/ubuntu/tmath/.venv/lib/python3.12/site-packages/click/core.py", line 907, in invoke
    return callback(*args, **kwargs)
           ^^^^^^^^^^^^^^^^^^^^^^^^^
  File "/home/ubuntu/tmath/.venv/lib/python3.12/site-packages/click/decorators.py", line 34, in new_func
    return f(get_current_context(), *args, **kwargs)
           ^^^^^^^^^^^^^^^^^^^^^^^^^^^^^^^^^^^^^^^^^
  File "/home/ubuntu/tmath/.venv/lib/python3.12/site-packages/celery/bin/base.py", line 158, in caller
    return f(ctx, *args, **kwargs)
           ^^^^^^^^^^^^^^^^^^^^^^^
  File "/home/ubuntu/tmath/.venv/lib/python3.12/site-packages/celery/bin/worker.py", line 359, in worker
    worker = app.Worker(
             ^^^^^^^^^^^
  File "/home/ubuntu/tmath/.venv/lib/python3.12/site-packages/celery/worker/worker.py", line 94, in __init__
    self.app.loader.init_worker()
  File "/home/ubuntu/tmath/.venv/lib/python3.12/site-packages/celery/loaders/base.py", line 110, in init_worker
    self.import_default_modules()
  File "/home/ubuntu/tmath/.venv/lib/python3.12/site-packages/celery/loaders/base.py", line 104, in import_default_modules
    raise response
  File "/home/ubuntu/tmath/.venv/lib/python3.12/site-packages/celery/utils/dispatch/signal.py", line 280, in send
    response = receiver(signal=self, sender=sender, **named)
               ^^^^^^^^^^^^^^^^^^^^^^^^^^^^^^^^^^^^^^^^^^^^^
  File "/home/ubuntu/tmath/.venv/lib/python3.12/site-packages/celery/fixups/django.py", line 103, in on_import_modules
    self.worker_fixup.validate_models()
  File "/home/ubuntu/tmath/.venv/lib/python3.12/site-packages/celery/fixups/django.py", line 154, in validate_models
    run_checks()
  File "/home/ubuntu/tmath/.venv/lib/python3.12/site-packages/django/core/checks/registry.py", line 88, in run_checks
    new_errors = check(app_configs=app_configs, databases=databases)
                 ^^^^^^^^^^^^^^^^^^^^^^^^^^^^^^^^^^^^^^^^^^^^^^^^^^^
  File "/home/ubuntu/tmath/.venv/lib/python3.12/site-packages/django/core/checks/urls.py", line 14, in check_url_config
    return check_resolver(resolver)
           ^^^^^^^^^^^^^^^^^^^^^^^^
  File "/home/ubuntu/tmath/.venv/lib/python3.12/site-packages/django/core/checks/urls.py", line 24, in check_resolver
    return check_method()
           ^^^^^^^^^^^^^^
  File "/home/ubuntu/tmath/.venv/lib/python3.12/site-packages/django/urls/resolvers.py", line 494, in check
    for pattern in self.url_patterns:
                   ^^^^^^^^^^^^^^^^^
  File "/home/ubuntu/tmath/.venv/lib/python3.12/site-packages/django/utils/functional.py", line 57, in __get__
    res = instance.__dict__[self.name] = self.func(instance)
                                         ^^^^^^^^^^^^^^^^^^^
  File "/home/ubuntu/tmath/.venv/lib/python3.12/site-packages/django/urls/resolvers.py", line 715, in url_patterns
    patterns = getattr(self.urlconf_module, "urlpatterns", self.urlconf_module)
                       ^^^^^^^^^^^^^^^^^^^
  File "/home/ubuntu/tmath/.venv/lib/python3.12/site-packages/django/utils/functional.py", line 57, in __get__
    res = instance.__dict__[self.name] = self.func(instance)
                                         ^^^^^^^^^^^^^^^^^^^
  File "/home/ubuntu/tmath/.venv/lib/python3.12/site-packages/django/urls/resolvers.py", line 708, in urlconf_module
    return import_module(self.urlconf_name)
           ^^^^^^^^^^^^^^^^^^^^^^^^^^^^^^^^
  File "/usr/lib/python3.12/importlib/__init__.py", line 90, in import_module
    return _bootstrap._gcd_import(name[level:], package, level)
           ^^^^^^^^^^^^^^^^^^^^^^^^^^^^^^^^^^^^^^^^^^^^^^^^^^^^
  File "<frozen importlib._bootstrap>", line 1387, in _gcd_import
  File "<frozen importlib._bootstrap>", line 1360, in _find_and_load
  File "<frozen importlib._bootstrap>", line 1331, in _find_and_load_unlocked
  File "<frozen importlib._bootstrap>", line 935, in _load_unlocked
  File "<frozen importlib._bootstrap_external>", line 995, in exec_module
  File "<frozen importlib._bootstrap>", line 488, in _call_with_frames_removed
  File "/home/ubuntu/tmath/tmath/urls.py", line 740, in <module>
    path('api/verify-admin/', verify_admin, name='verify_admin'),
                              ^^^^^^^^^^^^
NameError: name 'verify_admin' is not defined
ERROR 2026-09-20 14:57:09,431 signal Signal handler <bound method DjangoFixup.on_import_modules of <celery.fixups.django.DjangoFixup object at 0x70b341d695e0>> raised: NameError("name 'verify_admin' is not defined")
Traceback (most recent call last):
  File "/home/ubuntu/tmath/.venv/lib/python3.12/site-packages/celery/utils/dispatch/signal.py", line 280, in send
    response = receiver(signal=self, sender=sender, **named)
               ^^^^^^^^^^^^^^^^^^^^^^^^^^^^^^^^^^^^^^^^^^^^^
  File "/home/ubuntu/tmath/.venv/lib/python3.12/site-packages/celery/fixups/django.py", line 103, in on_import_modules
    self.worker_fixup.validate_models()
  File "/home/ubuntu/tmath/.venv/lib/python3.12/site-packages/celery/fixups/django.py", line 154, in validate_models
    run_checks()
  File "/home/ubuntu/tmath/.venv/lib/python3.12/site-packages/django/core/checks/registry.py", line 88, in run_checks
    new_errors = check(app_configs=app_configs, databases=databases)
                 ^^^^^^^^^^^^^^^^^^^^^^^^^^^^^^^^^^^^^^^^^^^^^^^^^^^
  File "/home/ubuntu/tmath/.venv/lib/python3.12/site-packages/django/core/checks/urls.py", line 14, in check_url_config
    return check_resolver(resolver)
           ^^^^^^^^^^^^^^^^^^^^^^^^
  File "/home/ubuntu/tmath/.venv/lib/python3.12/site-packages/django/core/checks/urls.py", line 24, in check_resolver
    return check_method()
           ^^^^^^^^^^^^^^
  File "/home/ubuntu/tmath/.venv/lib/python3.12/site-packages/django/urls/resolvers.py", line 494, in check
    for pattern in self.url_patterns:
                   ^^^^^^^^^^^^^^^^^
  File "/home/ubuntu/tmath/.venv/lib/python3.12/site-packages/django/utils/functional.py", line 57, in __get__
    res = instance.__dict__[self.name] = self.func(instance)
                                         ^^^^^^^^^^^^^^^^^^^
  File "/home/ubuntu/tmath/.venv/lib/python3.12/site-packages/django/urls/resolvers.py", line 715, in url_patterns
    patterns = getattr(self.urlconf_module, "urlpatterns", self.urlconf_module)
                       ^^^^^^^^^^^^^^^^^^^
  File "/home/ubuntu/tmath/.venv/lib/python3.12/site-packages/django/utils/functional.py", line 57, in __get__
    res = instance.__dict__[self.name] = self.func(instance)
                                         ^^^^^^^^^^^^^^^^^^^
  File "/home/ubuntu/tmath/.venv/lib/python3.12/site-packages/django/urls/resolvers.py", line 708, in urlconf_module
    return import_module(self.urlconf_name)
           ^^^^^^^^^^^^^^^^^^^^^^^^^^^^^^^^
  File "/usr/lib/python3.12/importlib/__init__.py", line 90, in import_module
    return _bootstrap._gcd_import(name[level:], package, level)
           ^^^^^^^^^^^^^^^^^^^^^^^^^^^^^^^^^^^^^^^^^^^^^^^^^^^^
  File "<frozen importlib._bootstrap>", line 1387, in _gcd_import
  File "<frozen importlib._bootstrap>", line 1360, in _find_and_load
  File "<frozen importlib._bootstrap>", line 1331, in _find_and_load_unlocked
  File "<frozen importlib._bootstrap>", line 935, in _load_unlocked
  File "<frozen importlib._bootstrap_external>", line 995, in exec_module
  File "<frozen importlib._bootstrap>", line 488, in _call_with_frames_removed
  File "/home/ubuntu/tmath/tmath/urls.py", line 740, in <module>
    path('api/verify-admin/', verify_admin, name='verify_admin'),
                              ^^^^^^^^^^^^
NameError: name 'verify_admin' is not defined
Traceback (most recent call last):
  File "/home/ubuntu/tmath/.venv/bin/celery", line 6, in <module>
    sys.exit(main())
             ^^^^^^
  File "/home/ubuntu/tmath/.venv/lib/python3.12/site-packages/celery/__main__.py", line 15, in main
    sys.exit(_main())
             ^^^^^^^
  File "/home/ubuntu/tmath/.venv/lib/python3.12/site-packages/celery/bin/celery.py", line 227, in main
    return celery(auto_envvar_prefix="CELERY")
           ^^^^^^^^^^^^^^^^^^^^^^^^^^^^^^^^^^^
  File "/home/ubuntu/tmath/.venv/lib/python3.12/site-packages/click/core.py", line 1569, in __call__
    return self.main(*args, **kwargs)
           ^^^^^^^^^^^^^^^^^^^^^^^^^^
  File "/home/ubuntu/tmath/.venv/lib/python3.12/site-packages/click/core.py", line 1490, in main
    rv = self.invoke(ctx)
         ^^^^^^^^^^^^^^^^
  File "/home/ubuntu/tmath/.venv/lib/python3.12/site-packages/click/core.py", line 1970, in invoke
    return _process_result(sub_ctx.command.invoke(sub_ctx))
                           ^^^^^^^^^^^^^^^^^^^^^^^^^^^^^^^
  File "/home/ubuntu/tmath/.venv/lib/python3.12/site-packages/click/core.py", line 1353, in invoke
    return ctx.invoke(self.callback, **ctx.params)
           ^^^^^^^^^^^^^^^^^^^^^^^^^^^^^^^^^^^^^^^
  File "/home/ubuntu/tmath/.venv/lib/python3.12/site-packages/click/core.py", line 907, in invoke
    return callback(*args, **kwargs)
           ^^^^^^^^^^^^^^^^^^^^^^^^^
  File "/home/ubuntu/tmath/.venv/lib/python3.12/site-packages/click/decorators.py", line 34, in new_func
    return f(get_current_context(), *args, **kwargs)
           ^^^^^^^^^^^^^^^^^^^^^^^^^^^^^^^^^^^^^^^^^
  File "/home/ubuntu/tmath/.venv/lib/python3.12/site-packages/celery/bin/base.py", line 158, in caller
    return f(ctx, *args, **kwargs)
           ^^^^^^^^^^^^^^^^^^^^^^^
  File "/home/ubuntu/tmath/.venv/lib/python3.12/site-packages/celery/bin/worker.py", line 359, in worker
    worker = app.Worker(
             ^^^^^^^^^^^
  File "/home/ubuntu/tmath/.venv/lib/python3.12/site-packages/celery/worker/worker.py", line 94, in __init__
    self.app.loader.init_worker()
  File "/home/ubuntu/tmath/.venv/lib/python3.12/site-packages/celery/loaders/base.py", line 110, in init_worker
    self.import_default_modules()
  File "/home/ubuntu/tmath/.venv/lib/python3.12/site-packages/celery/loaders/base.py", line 104, in import_default_modules
    raise response
  File "/home/ubuntu/tmath/.venv/lib/python3.12/site-packages/celery/utils/dispatch/signal.py", line 280, in send
    response = receiver(signal=self, sender=sender, **named)
               ^^^^^^^^^^^^^^^^^^^^^^^^^^^^^^^^^^^^^^^^^^^^^
  File "/home/ubuntu/tmath/.venv/lib/python3.12/site-packages/celery/fixups/django.py", line 103, in on_import_modules
    self.worker_fixup.validate_models()
  File "/home/ubuntu/tmath/.venv/lib/python3.12/site-packages/celery/fixups/django.py", line 154, in validate_models
    run_checks()
  File "/home/ubuntu/tmath/.venv/lib/python3.12/site-packages/django/core/checks/registry.py", line 88, in run_checks
    new_errors = check(app_configs=app_configs, databases=databases)
                 ^^^^^^^^^^^^^^^^^^^^^^^^^^^^^^^^^^^^^^^^^^^^^^^^^^^
  File "/home/ubuntu/tmath/.venv/lib/python3.12/site-packages/django/core/checks/urls.py", line 14, in check_url_config
    return check_resolver(resolver)
           ^^^^^^^^^^^^^^^^^^^^^^^^
  File "/home/ubuntu/tmath/.venv/lib/python3.12/site-packages/django/core/checks/urls.py", line 24, in check_resolver
    return check_method()
           ^^^^^^^^^^^^^^
  File "/home/ubuntu/tmath/.venv/lib/python3.12/site-packages/django/urls/resolvers.py", line 494, in check
    for pattern in self.url_patterns:
                   ^^^^^^^^^^^^^^^^^
  File "/home/ubuntu/tmath/.venv/lib/python3.12/site-packages/django/utils/functional.py", line 57, in __get__
    res = instance.__dict__[self.name] = self.func(instance)
                                         ^^^^^^^^^^^^^^^^^^^
  File "/home/ubuntu/tmath/.venv/lib/python3.12/site-packages/django/urls/resolvers.py", line 715, in url_patterns
    patterns = getattr(self.urlconf_module, "urlpatterns", self.urlconf_module)
                       ^^^^^^^^^^^^^^^^^^^
  File "/home/ubuntu/tmath/.venv/lib/python3.12/site-packages/django/utils/functional.py", line 57, in __get__
    res = instance.__dict__[self.name] = self.func(instance)
                                         ^^^^^^^^^^^^^^^^^^^
  File "/home/ubuntu/tmath/.venv/lib/python3.12/site-packages/django/urls/resolvers.py", line 708, in urlconf_module
    return import_module(self.urlconf_name)
           ^^^^^^^^^^^^^^^^^^^^^^^^^^^^^^^^
  File "/usr/lib/python3.12/importlib/__init__.py", line 90, in import_module
    return _bootstrap._gcd_import(name[level:], package, level)
           ^^^^^^^^^^^^^^^^^^^^^^^^^^^^^^^^^^^^^^^^^^^^^^^^^^^^
  File "<frozen importlib._bootstrap>", line 1387, in _gcd_import
  File "<frozen importlib._bootstrap>", line 1360, in _find_and_load
  File "<frozen importlib._bootstrap>", line 1331, in _find_and_load_unlocked
  File "<frozen importlib._bootstrap>", line 935, in _load_unlocked
  File "<frozen importlib._bootstrap_external>", line 995, in exec_module
  File "<frozen importlib._bootstrap>", line 488, in _call_with_frames_removed
  File "/home/ubuntu/tmath/tmath/urls.py", line 740, in <module>
    path('api/verify-admin/', verify_admin, name='verify_admin'),
                              ^^^^^^^^^^^^
NameError: name 'verify_admin' is not defined
ERROR 2026-09-20 14:57:11,667 signal Signal handler <bound method DjangoFixup.on_import_modules of <celery.fixups.django.DjangoFixup object at 0x74dab9381970>> raised: NameError("name 'verify_admin' is not defined")
Traceback (most recent call last):
  File "/home/ubuntu/tmath/.venv/lib/python3.12/site-packages/celery/utils/dispatch/signal.py", line 280, in send
    response = receiver(signal=self, sender=sender, **named)
               ^^^^^^^^^^^^^^^^^^^^^^^^^^^^^^^^^^^^^^^^^^^^^
  File "/home/ubuntu/tmath/.venv/lib/python3.12/site-packages/celery/fixups/django.py", line 103, in on_import_modules
    self.worker_fixup.validate_models()
  File "/home/ubuntu/tmath/.venv/lib/python3.12/site-packages/celery/fixups/django.py", line 154, in validate_models
    run_checks()
  File "/home/ubuntu/tmath/.venv/lib/python3.12/site-packages/django/core/checks/registry.py", line 88, in run_checks
    new_errors = check(app_configs=app_configs, databases=databases)
                 ^^^^^^^^^^^^^^^^^^^^^^^^^^^^^^^^^^^^^^^^^^^^^^^^^^^
  File "/home/ubuntu/tmath/.venv/lib/python3.12/site-packages/django/core/checks/urls.py", line 14, in check_url_config
    return check_resolver(resolver)
           ^^^^^^^^^^^^^^^^^^^^^^^^
  File "/home/ubuntu/tmath/.venv/lib/python3.12/site-packages/django/core/checks/urls.py", line 24, in check_resolver
    return check_method()
           ^^^^^^^^^^^^^^
  File "/home/ubuntu/tmath/.venv/lib/python3.12/site-packages/django/urls/resolvers.py", line 494, in check
    for pattern in self.url_patterns:
                   ^^^^^^^^^^^^^^^^^
  File "/home/ubuntu/tmath/.venv/lib/python3.12/site-packages/django/utils/functional.py", line 57, in __get__
    res = instance.__dict__[self.name] = self.func(instance)
                                         ^^^^^^^^^^^^^^^^^^^
  File "/home/ubuntu/tmath/.venv/lib/python3.12/site-packages/django/urls/resolvers.py", line 715, in url_patterns
    patterns = getattr(self.urlconf_module, "urlpatterns", self.urlconf_module)
                       ^^^^^^^^^^^^^^^^^^^
  File "/home/ubuntu/tmath/.venv/lib/python3.12/site-packages/django/utils/functional.py", line 57, in __get__
    res = instance.__dict__[self.name] = self.func(instance)
                                         ^^^^^^^^^^^^^^^^^^^
  File "/home/ubuntu/tmath/.venv/lib/python3.12/site-packages/django/urls/resolvers.py", line 708, in urlconf_module
    return import_module(self.urlconf_name)
           ^^^^^^^^^^^^^^^^^^^^^^^^^^^^^^^^
  File "/usr/lib/python3.12/importlib/__init__.py", line 90, in import_module
    return _bootstrap._gcd_import(name[level:], package, level)
           ^^^^^^^^^^^^^^^^^^^^^^^^^^^^^^^^^^^^^^^^^^^^^^^^^^^^
  File "<frozen importlib._bootstrap>", line 1387, in _gcd_import
  File "<frozen importlib._bootstrap>", line 1360, in _find_and_load
  File "<frozen importlib._bootstrap>", line 1331, in _find_and_load_unlocked
  File "<frozen importlib._bootstrap>", line 935, in _load_unlocked
  File "<frozen importlib._bootstrap_external>", line 995, in exec_module
  File "<frozen importlib._bootstrap>", line 488, in _call_with_frames_removed
  File "/home/ubuntu/tmath/tmath/urls.py", line 740, in <module>
    path('api/verify-admin/', verify_admin, name='verify_admin'),
                              ^^^^^^^^^^^^
NameError: name 'verify_admin' is not defined
Traceback (most recent call last):
  File "/home/ubuntu/tmath/.venv/bin/celery", line 6, in <module>
    sys.exit(main())
             ^^^^^^
  File "/home/ubuntu/tmath/.venv/lib/python3.12/site-packages/celery/__main__.py", line 15, in main
    sys.exit(_main())
             ^^^^^^^
  File "/home/ubuntu/tmath/.venv/lib/python3.12/site-packages/celery/bin/celery.py", line 227, in main
    return celery(auto_envvar_prefix="CELERY")
           ^^^^^^^^^^^^^^^^^^^^^^^^^^^^^^^^^^^
  File "/home/ubuntu/tmath/.venv/lib/python3.12/site-packages/click/core.py", line 1569, in __call__
    return self.main(*args, **kwargs)
           ^^^^^^^^^^^^^^^^^^^^^^^^^^
  File "/home/ubuntu/tmath/.venv/lib/python3.12/site-packages/click/core.py", line 1490, in main
    rv = self.invoke(ctx)
         ^^^^^^^^^^^^^^^^
  File "/home/ubuntu/tmath/.venv/lib/python3.12/site-packages/click/core.py", line 1970, in invoke
    return _process_result(sub_ctx.command.invoke(sub_ctx))
                           ^^^^^^^^^^^^^^^^^^^^^^^^^^^^^^^
  File "/home/ubuntu/tmath/.venv/lib/python3.12/site-packages/click/core.py", line 1353, in invoke
    return ctx.invoke(self.callback, **ctx.params)
           ^^^^^^^^^^^^^^^^^^^^^^^^^^^^^^^^^^^^^^^
  File "/home/ubuntu/tmath/.venv/lib/python3.12/site-packages/click/core.py", line 907, in invoke
    return callback(*args, **kwargs)
           ^^^^^^^^^^^^^^^^^^^^^^^^^
  File "/home/ubuntu/tmath/.venv/lib/python3.12/site-packages/click/decorators.py", line 34, in new_func
    return f(get_current_context(), *args, **kwargs)
           ^^^^^^^^^^^^^^^^^^^^^^^^^^^^^^^^^^^^^^^^^
  File "/home/ubuntu/tmath/.venv/lib/python3.12/site-packages/celery/bin/base.py", line 158, in caller
    return f(ctx, *args, **kwargs)
           ^^^^^^^^^^^^^^^^^^^^^^^
  File "/home/ubuntu/tmath/.venv/lib/python3.12/site-packages/celery/bin/worker.py", line 359, in worker
    worker = app.Worker(
             ^^^^^^^^^^^
  File "/home/ubuntu/tmath/.venv/lib/python3.12/site-packages/celery/worker/worker.py", line 94, in __init__
    self.app.loader.init_worker()
  File "/home/ubuntu/tmath/.venv/lib/python3.12/site-packages/celery/loaders/base.py", line 110, in init_worker
    self.import_default_modules()
  File "/home/ubuntu/tmath/.venv/lib/python3.12/site-packages/celery/loaders/base.py", line 104, in import_default_modules
    raise response
  File "/home/ubuntu/tmath/.venv/lib/python3.12/site-packages/celery/utils/dispatch/signal.py", line 280, in send
    response = receiver(signal=self, sender=sender, **named)
               ^^^^^^^^^^^^^^^^^^^^^^^^^^^^^^^^^^^^^^^^^^^^^
  File "/home/ubuntu/tmath/.venv/lib/python3.12/site-packages/celery/fixups/django.py", line 103, in on_import_modules
    self.worker_fixup.validate_models()
  File "/home/ubuntu/tmath/.venv/lib/python3.12/site-packages/celery/fixups/django.py", line 154, in validate_models
    run_checks()
  File "/home/ubuntu/tmath/.venv/lib/python3.12/site-packages/django/core/checks/registry.py", line 88, in run_checks
    new_errors = check(app_configs=app_configs, databases=databases)
                 ^^^^^^^^^^^^^^^^^^^^^^^^^^^^^^^^^^^^^^^^^^^^^^^^^^^
  File "/home/ubuntu/tmath/.venv/lib/python3.12/site-packages/django/core/checks/urls.py", line 14, in check_url_config
    return check_resolver(resolver)
           ^^^^^^^^^^^^^^^^^^^^^^^^
  File "/home/ubuntu/tmath/.venv/lib/python3.12/site-packages/django/core/checks/urls.py", line 24, in check_resolver
    return check_method()
           ^^^^^^^^^^^^^^
  File "/home/ubuntu/tmath/.venv/lib/python3.12/site-packages/django/urls/resolvers.py", line 494, in check
    for pattern in self.url_patterns:
                   ^^^^^^^^^^^^^^^^^
  File "/home/ubuntu/tmath/.venv/lib/python3.12/site-packages/django/utils/functional.py", line 57, in __get__
    res = instance.__dict__[self.name] = self.func(instance)
                                         ^^^^^^^^^^^^^^^^^^^
  File "/home/ubuntu/tmath/.venv/lib/python3.12/site-packages/django/urls/resolvers.py", line 715, in url_patterns
    patterns = getattr(self.urlconf_module, "urlpatterns", self.urlconf_module)
                       ^^^^^^^^^^^^^^^^^^^
  File "/home/ubuntu/tmath/.venv/lib/python3.12/site-packages/django/utils/functional.py", line 57, in __get__
    res = instance.__dict__[self.name] = self.func(instance)
                                         ^^^^^^^^^^^^^^^^^^^
  File "/home/ubuntu/tmath/.venv/lib/python3.12/site-packages/django/urls/resolvers.py", line 708, in urlconf_module
    return import_module(self.urlconf_name)
           ^^^^^^^^^^^^^^^^^^^^^^^^^^^^^^^^
  File "/usr/lib/python3.12/importlib/__init__.py", line 90, in import_module
    return _bootstrap._gcd_import(name[level:], package, level)
           ^^^^^^^^^^^^^^^^^^^^^^^^^^^^^^^^^^^^^^^^^^^^^^^^^^^^
  File "<frozen importlib._bootstrap>", line 1387, in _gcd_import
  File "<frozen importlib._bootstrap>", line 1360, in _find_and_load
  File "<frozen importlib._bootstrap>", line 1331, in _find_and_load_unlocked
  File "<frozen importlib._bootstrap>", line 935, in _load_unlocked
  File "<frozen importlib._bootstrap_external>", line 995, in exec_module
  File "<frozen importlib._bootstrap>", line 488, in _call_with_frames_removed
  File "/home/ubuntu/tmath/tmath/urls.py", line 740, in <module>
    path('api/verify-admin/', verify_admin, name='verify_admin'),
                              ^^^^^^^^^^^^
NameError: name 'verify_admin' is not defined
ERROR 2026-09-20 14:57:13,918 signal Signal handler <bound method DjangoFixup.on_import_modules of <celery.fixups.django.DjangoFixup object at 0x7d20c1989ac0>> raised: NameError("name 'verify_admin' is not defined")
Traceback (most recent call last):
  File "/home/ubuntu/tmath/.venv/lib/python3.12/site-packages/celery/utils/dispatch/signal.py", line 280, in send
    response = receiver(signal=self, sender=sender, **named)
               ^^^^^^^^^^^^^^^^^^^^^^^^^^^^^^^^^^^^^^^^^^^^^
  File "/home/ubuntu/tmath/.venv/lib/python3.12/site-packages/celery/fixups/django.py", line 103, in on_import_modules
    self.worker_fixup.validate_models()
  File "/home/ubuntu/tmath/.venv/lib/python3.12/site-packages/celery/fixups/django.py", line 154, in validate_models
    run_checks()
  File "/home/ubuntu/tmath/.venv/lib/python3.12/site-packages/django/core/checks/registry.py", line 88, in run_checks
    new_errors = check(app_configs=app_configs, databases=databases)
                 ^^^^^^^^^^^^^^^^^^^^^^^^^^^^^^^^^^^^^^^^^^^^^^^^^^^
  File "/home/ubuntu/tmath/.venv/lib/python3.12/site-packages/django/core/checks/urls.py", line 14, in check_url_config
    return check_resolver(resolver)
           ^^^^^^^^^^^^^^^^^^^^^^^^
  File "/home/ubuntu/tmath/.venv/lib/python3.12/site-packages/django/core/checks/urls.py", line 24, in check_resolver
    return check_method()
           ^^^^^^^^^^^^^^
  File "/home/ubuntu/tmath/.venv/lib/python3.12/site-packages/django/urls/resolvers.py", line 494, in check
    for pattern in self.url_patterns:
                   ^^^^^^^^^^^^^^^^^
  File "/home/ubuntu/tmath/.venv/lib/python3.12/site-packages/django/utils/functional.py", line 57, in __get__
    res = instance.__dict__[self.name] = self.func(instance)
                                         ^^^^^^^^^^^^^^^^^^^
  File "/home/ubuntu/tmath/.venv/lib/python3.12/site-packages/django/urls/resolvers.py", line 715, in url_patterns
    patterns = getattr(self.urlconf_module, "urlpatterns", self.urlconf_module)
                       ^^^^^^^^^^^^^^^^^^^
  File "/home/ubuntu/tmath/.venv/lib/python3.12/site-packages/django/utils/functional.py", line 57, in __get__
    res = instance.__dict__[self.name] = self.func(instance)
                                         ^^^^^^^^^^^^^^^^^^^
  File "/home/ubuntu/tmath/.venv/lib/python3.12/site-packages/django/urls/resolvers.py", line 708, in urlconf_module
    return import_module(self.urlconf_name)
           ^^^^^^^^^^^^^^^^^^^^^^^^^^^^^^^^
  File "/usr/lib/python3.12/importlib/__init__.py", line 90, in import_module
    return _bootstrap._gcd_import(name[level:], package, level)
           ^^^^^^^^^^^^^^^^^^^^^^^^^^^^^^^^^^^^^^^^^^^^^^^^^^^^
  File "<frozen importlib._bootstrap>", line 1387, in _gcd_import
  File "<frozen importlib._bootstrap>", line 1360, in _find_and_load
  File "<frozen importlib._bootstrap>", line 1331, in _find_and_load_unlocked
  File "<frozen importlib._bootstrap>", line 935, in _load_unlocked
  File "<frozen importlib._bootstrap_external>", line 995, in exec_module
  File "<frozen importlib._bootstrap>", line 488, in _call_with_frames_removed
  File "/home/ubuntu/tmath/tmath/urls.py", line 740, in <module>
    path('api/verify-admin/', verify_admin, name='verify_admin'),
                              ^^^^^^^^^^^^
NameError: name 'verify_admin' is not defined
Traceback (most recent call last):
  File "/home/ubuntu/tmath/.venv/bin/celery", line 6, in <module>
    sys.exit(main())
             ^^^^^^
  File "/home/ubuntu/tmath/.venv/lib/python3.12/site-packages/celery/__main__.py", line 15, in main
    sys.exit(_main())
             ^^^^^^^
  File "/home/ubuntu/tmath/.venv/lib/python3.12/site-packages/celery/bin/celery.py", line 227, in main
    return celery(auto_envvar_prefix="CELERY")
           ^^^^^^^^^^^^^^^^^^^^^^^^^^^^^^^^^^^
  File "/home/ubuntu/tmath/.venv/lib/python3.12/site-packages/click/core.py", line 1569, in __call__
    return self.main(*args, **kwargs)
           ^^^^^^^^^^^^^^^^^^^^^^^^^^
  File "/home/ubuntu/tmath/.venv/lib/python3.12/site-packages/click/core.py", line 1490, in main
    rv = self.invoke(ctx)
         ^^^^^^^^^^^^^^^^
  File "/home/ubuntu/tmath/.venv/lib/python3.12/site-packages/click/core.py", line 1970, in invoke
    return _process_result(sub_ctx.command.invoke(sub_ctx))
                           ^^^^^^^^^^^^^^^^^^^^^^^^^^^^^^^
  File "/home/ubuntu/tmath/.venv/lib/python3.12/site-packages/click/core.py", line 1353, in invoke
    return ctx.invoke(self.callback, **ctx.params)
           ^^^^^^^^^^^^^^^^^^^^^^^^^^^^^^^^^^^^^^^
  File "/home/ubuntu/tmath/.venv/lib/python3.12/site-packages/click/core.py", line 907, in invoke
    return callback(*args, **kwargs)
           ^^^^^^^^^^^^^^^^^^^^^^^^^
  File "/home/ubuntu/tmath/.venv/lib/python3.12/site-packages/click/decorators.py", line 34, in new_func
    return f(get_current_context(), *args, **kwargs)
           ^^^^^^^^^^^^^^^^^^^^^^^^^^^^^^^^^^^^^^^^^
  File "/home/ubuntu/tmath/.venv/lib/python3.12/site-packages/celery/bin/base.py", line 158, in caller
    return f(ctx, *args, **kwargs)
           ^^^^^^^^^^^^^^^^^^^^^^^
  File "/home/ubuntu/tmath/.venv/lib/python3.12/site-packages/celery/bin/worker.py", line 359, in worker
    worker = app.Worker(
             ^^^^^^^^^^^
  File "/home/ubuntu/tmath/.venv/lib/python3.12/site-packages/celery/worker/worker.py", line 94, in __init__
    self.app.loader.init_worker()
  File "/home/ubuntu/tmath/.venv/lib/python3.12/site-packages/celery/loaders/base.py", line 110, in init_worker
    self.import_default_modules()
  File "/home/ubuntu/tmath/.venv/lib/python3.12/site-packages/celery/loaders/base.py", line 104, in import_default_modules
    raise response
  File "/home/ubuntu/tmath/.venv/lib/python3.12/site-packages/celery/utils/dispatch/signal.py", line 280, in send
    response = receiver(signal=self, sender=sender, **named)
               ^^^^^^^^^^^^^^^^^^^^^^^^^^^^^^^^^^^^^^^^^^^^^
  File "/home/ubuntu/tmath/.venv/lib/python3.12/site-packages/celery/fixups/django.py", line 103, in on_import_modules
    self.worker_fixup.validate_models()
  File "/home/ubuntu/tmath/.venv/lib/python3.12/site-packages/celery/fixups/django.py", line 154, in validate_models
    run_checks()
  File "/home/ubuntu/tmath/.venv/lib/python3.12/site-packages/django/core/checks/registry.py", line 88, in run_checks
    new_errors = check(app_configs=app_configs, databases=databases)
                 ^^^^^^^^^^^^^^^^^^^^^^^^^^^^^^^^^^^^^^^^^^^^^^^^^^^
  File "/home/ubuntu/tmath/.venv/lib/python3.12/site-packages/django/core/checks/urls.py", line 14, in check_url_config
    return check_resolver(resolver)
           ^^^^^^^^^^^^^^^^^^^^^^^^
  File "/home/ubuntu/tmath/.venv/lib/python3.12/site-packages/django/core/checks/urls.py", line 24, in check_resolver
    return check_method()
           ^^^^^^^^^^^^^^
  File "/home/ubuntu/tmath/.venv/lib/python3.12/site-packages/django/urls/resolvers.py", line 494, in check
    for pattern in self.url_patterns:
                   ^^^^^^^^^^^^^^^^^
  File "/home/ubuntu/tmath/.venv/lib/python3.12/site-packages/django/utils/functional.py", line 57, in __get__
    res = instance.__dict__[self.name] = self.func(instance)
                                         ^^^^^^^^^^^^^^^^^^^
  File "/home/ubuntu/tmath/.venv/lib/python3.12/site-packages/django/urls/resolvers.py", line 715, in url_patterns
    patterns = getattr(self.urlconf_module, "urlpatterns", self.urlconf_module)
                       ^^^^^^^^^^^^^^^^^^^
  File "/home/ubuntu/tmath/.venv/lib/python3.12/site-packages/django/utils/functional.py", line 57, in __get__
    res = instance.__dict__[self.name] = self.func(instance)
                                         ^^^^^^^^^^^^^^^^^^^
  File "/home/ubuntu/tmath/.venv/lib/python3.12/site-packages/django/urls/resolvers.py", line 708, in urlconf_module
    return import_module(self.urlconf_name)
           ^^^^^^^^^^^^^^^^^^^^^^^^^^^^^^^^
  File "/usr/lib/python3.12/importlib/__init__.py", line 90, in import_module
    return _bootstrap._gcd_import(name[level:], package, level)
           ^^^^^^^^^^^^^^^^^^^^^^^^^^^^^^^^^^^^^^^^^^^^^^^^^^^^
  File "<frozen importlib._bootstrap>", line 1387, in _gcd_import
  File "<frozen importlib._bootstrap>", line 1360, in _find_and_load
  File "<frozen importlib._bootstrap>", line 1331, in _find_and_load_unlocked
  File "<frozen importlib._bootstrap>", line 935, in _load_unlocked
  File "<frozen importlib._bootstrap_external>", line 995, in exec_module
  File "<frozen importlib._bootstrap>", line 488, in _call_with_frames_removed
  File "/home/ubuntu/tmath/tmath/urls.py", line 740, in <module>
    path('api/verify-admin/', verify_admin, name='verify_admin'),
                              ^^^^^^^^^^^^
NameError: name 'verify_admin' is not defined
ERROR 2026-09-20 14:57:16,153 signal Signal handler <bound method DjangoFixup.on_import_modules of <celery.fixups.django.DjangoFixup object at 0x75f5965a9ca0>> raised: NameError("name 'verify_admin' is not defined")
Traceback (most recent call last):
  File "/home/ubuntu/tmath/.venv/lib/python3.12/site-packages/celery/utils/dispatch/signal.py", line 280, in send
    response = receiver(signal=self, sender=sender, **named)
               ^^^^^^^^^^^^^^^^^^^^^^^^^^^^^^^^^^^^^^^^^^^^^
  File "/home/ubuntu/tmath/.venv/lib/python3.12/site-packages/celery/fixups/django.py", line 103, in on_import_modules
    self.worker_fixup.validate_models()
  File "/home/ubuntu/tmath/.venv/lib/python3.12/site-packages/celery/fixups/django.py", line 154, in validate_models
    run_checks()
  File "/home/ubuntu/tmath/.venv/lib/python3.12/site-packages/django/core/checks/registry.py", line 88, in run_checks
    new_errors = check(app_configs=app_configs, databases=databases)
                 ^^^^^^^^^^^^^^^^^^^^^^^^^^^^^^^^^^^^^^^^^^^^^^^^^^^
  File "/home/ubuntu/tmath/.venv/lib/python3.12/site-packages/django/core/checks/urls.py", line 14, in check_url_config
    return check_resolver(resolver)
           ^^^^^^^^^^^^^^^^^^^^^^^^
  File "/home/ubuntu/tmath/.venv/lib/python3.12/site-packages/django/core/checks/urls.py", line 24, in check_resolver
    return check_method()
           ^^^^^^^^^^^^^^
  File "/home/ubuntu/tmath/.venv/lib/python3.12/site-packages/django/urls/resolvers.py", line 494, in check
    for pattern in self.url_patterns:
                   ^^^^^^^^^^^^^^^^^
  File "/home/ubuntu/tmath/.venv/lib/python3.12/site-packages/django/utils/functional.py", line 57, in __get__
    res = instance.__dict__[self.name] = self.func(instance)
                                         ^^^^^^^^^^^^^^^^^^^
  File "/home/ubuntu/tmath/.venv/lib/python3.12/site-packages/django/urls/resolvers.py", line 715, in url_patterns
    patterns = getattr(self.urlconf_module, "urlpatterns", self.urlconf_module)
                       ^^^^^^^^^^^^^^^^^^^
  File "/home/ubuntu/tmath/.venv/lib/python3.12/site-packages/django/utils/functional.py", line 57, in __get__
    res = instance.__dict__[self.name] = self.func(instance)
                                         ^^^^^^^^^^^^^^^^^^^
  File "/home/ubuntu/tmath/.venv/lib/python3.12/site-packages/django/urls/resolvers.py", line 708, in urlconf_module
    return import_module(self.urlconf_name)
           ^^^^^^^^^^^^^^^^^^^^^^^^^^^^^^^^
  File "/usr/lib/python3.12/importlib/__init__.py", line 90, in import_module
    return _bootstrap._gcd_import(name[level:], package, level)
           ^^^^^^^^^^^^^^^^^^^^^^^^^^^^^^^^^^^^^^^^^^^^^^^^^^^^
  File "<frozen importlib._bootstrap>", line 1387, in _gcd_import
  File "<frozen importlib._bootstrap>", line 1360, in _find_and_load
  File "<frozen importlib._bootstrap>", line 1331, in _find_and_load_unlocked
  File "<frozen importlib._bootstrap>", line 935, in _load_unlocked
  File "<frozen importlib._bootstrap_external>", line 995, in exec_module
  File "<frozen importlib._bootstrap>", line 488, in _call_with_frames_removed
  File "/home/ubuntu/tmath/tmath/urls.py", line 740, in <module>
    path('api/verify-admin/', verify_admin, name='verify_admin'),
                              ^^^^^^^^^^^^
NameError: name 'verify_admin' is not defined
Traceback (most recent call last):
  File "/home/ubuntu/tmath/.venv/bin/celery", line 6, in <module>
    sys.exit(main())
             ^^^^^^
  File "/home/ubuntu/tmath/.venv/lib/python3.12/site-packages/celery/__main__.py", line 15, in main
    sys.exit(_main())
             ^^^^^^^
  File "/home/ubuntu/tmath/.venv/lib/python3.12/site-packages/celery/bin/celery.py", line 227, in main
    return celery(auto_envvar_prefix="CELERY")
           ^^^^^^^^^^^^^^^^^^^^^^^^^^^^^^^^^^^
  File "/home/ubuntu/tmath/.venv/lib/python3.12/site-packages/click/core.py", line 1569, in __call__
    return self.main(*args, **kwargs)
           ^^^^^^^^^^^^^^^^^^^^^^^^^^
  File "/home/ubuntu/tmath/.venv/lib/python3.12/site-packages/click/core.py", line 1490, in main
    rv = self.invoke(ctx)
         ^^^^^^^^^^^^^^^^
  File "/home/ubuntu/tmath/.venv/lib/python3.12/site-packages/click/core.py", line 1970, in invoke
    return _process_result(sub_ctx.command.invoke(sub_ctx))
                           ^^^^^^^^^^^^^^^^^^^^^^^^^^^^^^^
  File "/home/ubuntu/tmath/.venv/lib/python3.12/site-packages/click/core.py", line 1353, in invoke
    return ctx.invoke(self.callback, **ctx.params)
           ^^^^^^^^^^^^^^^^^^^^^^^^^^^^^^^^^^^^^^^
  File "/home/ubuntu/tmath/.venv/lib/python3.12/site-packages/click/core.py", line 907, in invoke
    return callback(*args, **kwargs)
           ^^^^^^^^^^^^^^^^^^^^^^^^^
  File "/home/ubuntu/tmath/.venv/lib/python3.12/site-packages/click/decorators.py", line 34, in new_func
    return f(get_current_context(), *args, **kwargs)
           ^^^^^^^^^^^^^^^^^^^^^^^^^^^^^^^^^^^^^^^^^
  File "/home/ubuntu/tmath/.venv/lib/python3.12/site-packages/celery/bin/base.py", line 158, in caller
    return f(ctx, *args, **kwargs)
           ^^^^^^^^^^^^^^^^^^^^^^^
  File "/home/ubuntu/tmath/.venv/lib/python3.12/site-packages/celery/bin/worker.py", line 359, in worker
    worker = app.Worker(
             ^^^^^^^^^^^
  File "/home/ubuntu/tmath/.venv/lib/python3.12/site-packages/celery/worker/worker.py", line 94, in __init__
    self.app.loader.init_worker()
  File "/home/ubuntu/tmath/.venv/lib/python3.12/site-packages/celery/loaders/base.py", line 110, in init_worker
    self.import_default_modules()
  File "/home/ubuntu/tmath/.venv/lib/python3.12/site-packages/celery/loaders/base.py", line 104, in import_default_modules
    raise response
  File "/home/ubuntu/tmath/.venv/lib/python3.12/site-packages/celery/utils/dispatch/signal.py", line 280, in send
    response = receiver(signal=self, sender=sender, **named)
               ^^^^^^^^^^^^^^^^^^^^^^^^^^^^^^^^^^^^^^^^^^^^^
  File "/home/ubuntu/tmath/.venv/lib/python3.12/site-packages/celery/fixups/django.py", line 103, in on_import_modules
    self.worker_fixup.validate_models()
  File "/home/ubuntu/tmath/.venv/lib/python3.12/site-packages/celery/fixups/django.py", line 154, in validate_models
    run_checks()
  File "/home/ubuntu/tmath/.venv/lib/python3.12/site-packages/django/core/checks/registry.py", line 88, in run_checks
    new_errors = check(app_configs=app_configs, databases=databases)
                 ^^^^^^^^^^^^^^^^^^^^^^^^^^^^^^^^^^^^^^^^^^^^^^^^^^^
  File "/home/ubuntu/tmath/.venv/lib/python3.12/site-packages/django/core/checks/urls.py", line 14, in check_url_config
    return check_resolver(resolver)
           ^^^^^^^^^^^^^^^^^^^^^^^^
  File "/home/ubuntu/tmath/.venv/lib/python3.12/site-packages/django/core/checks/urls.py", line 24, in check_resolver
    return check_method()
           ^^^^^^^^^^^^^^
  File "/home/ubuntu/tmath/.venv/lib/python3.12/site-packages/django/urls/resolvers.py", line 494, in check
    for pattern in self.url_patterns:
                   ^^^^^^^^^^^^^^^^^
  File "/home/ubuntu/tmath/.venv/lib/python3.12/site-packages/django/utils/functional.py", line 57, in __get__
    res = instance.__dict__[self.name] = self.func(instance)
                                         ^^^^^^^^^^^^^^^^^^^
  File "/home/ubuntu/tmath/.venv/lib/python3.12/site-packages/django/urls/resolvers.py", line 715, in url_patterns
    patterns = getattr(self.urlconf_module, "urlpatterns", self.urlconf_module)
                       ^^^^^^^^^^^^^^^^^^^
  File "/home/ubuntu/tmath/.venv/lib/python3.12/site-packages/django/utils/functional.py", line 57, in __get__
    res = instance.__dict__[self.name] = self.func(instance)
                                         ^^^^^^^^^^^^^^^^^^^
  File "/home/ubuntu/tmath/.venv/lib/python3.12/site-packages/django/urls/resolvers.py", line 708, in urlconf_module
    return import_module(self.urlconf_name)
           ^^^^^^^^^^^^^^^^^^^^^^^^^^^^^^^^
  File "/usr/lib/python3.12/importlib/__init__.py", line 90, in import_module
    return _bootstrap._gcd_import(name[level:], package, level)
           ^^^^^^^^^^^^^^^^^^^^^^^^^^^^^^^^^^^^^^^^^^^^^^^^^^^^
  File "<frozen importlib._bootstrap>", line 1387, in _gcd_import
  File "<frozen importlib._bootstrap>", line 1360, in _find_and_load
  File "<frozen importlib._bootstrap>", line 1331, in _find_and_load_unlocked
  File "<frozen importlib._bootstrap>", line 935, in _load_unlocked
  File "<frozen importlib._bootstrap_external>", line 995, in exec_module
  File "<frozen importlib._bootstrap>", line 488, in _call_with_frames_removed
  File "/home/ubuntu/tmath/tmath/urls.py", line 740, in <module>
    path('api/verify-admin/', verify_admin, name='verify_admin'),
                              ^^^^^^^^^^^^
NameError: name 'verify_admin' is not defined
ERROR 2026-09-20 14:57:18,384 signal Signal handler <bound method DjangoFixup.on_import_modules of <celery.fixups.django.DjangoFixup object at 0x7b48e2b5ddc0>> raised: NameError("name 'verify_admin' is not defined")
Traceback (most recent call last):
  File "/home/ubuntu/tmath/.venv/lib/python3.12/site-packages/celery/utils/dispatch/signal.py", line 280, in send
    response = receiver(signal=self, sender=sender, **named)
               ^^^^^^^^^^^^^^^^^^^^^^^^^^^^^^^^^^^^^^^^^^^^^
  File "/home/ubuntu/tmath/.venv/lib/python3.12/site-packages/celery/fixups/django.py", line 103, in on_import_modules
    self.worker_fixup.validate_models()
  File "/home/ubuntu/tmath/.venv/lib/python3.12/site-packages/celery/fixups/django.py", line 154, in validate_models
    run_checks()
  File "/home/ubuntu/tmath/.venv/lib/python3.12/site-packages/django/core/checks/registry.py", line 88, in run_checks
    new_errors = check(app_configs=app_configs, databases=databases)
                 ^^^^^^^^^^^^^^^^^^^^^^^^^^^^^^^^^^^^^^^^^^^^^^^^^^^
  File "/home/ubuntu/tmath/.venv/lib/python3.12/site-packages/django/core/checks/urls.py", line 14, in check_url_config
    return check_resolver(resolver)
           ^^^^^^^^^^^^^^^^^^^^^^^^
  File "/home/ubuntu/tmath/.venv/lib/python3.12/site-packages/django/core/checks/urls.py", line 24, in check_resolver
    return check_method()
           ^^^^^^^^^^^^^^
  File "/home/ubuntu/tmath/.venv/lib/python3.12/site-packages/django/urls/resolvers.py", line 494, in check
    for pattern in self.url_patterns:
                   ^^^^^^^^^^^^^^^^^
  File "/home/ubuntu/tmath/.venv/lib/python3.12/site-packages/django/utils/functional.py", line 57, in __get__
    res = instance.__dict__[self.name] = self.func(instance)
                                         ^^^^^^^^^^^^^^^^^^^
  File "/home/ubuntu/tmath/.venv/lib/python3.12/site-packages/django/urls/resolvers.py", line 715, in url_patterns
    patterns = getattr(self.urlconf_module, "urlpatterns", self.urlconf_module)
                       ^^^^^^^^^^^^^^^^^^^
  File "/home/ubuntu/tmath/.venv/lib/python3.12/site-packages/django/utils/functional.py", line 57, in __get__
    res = instance.__dict__[self.name] = self.func(instance)
                                         ^^^^^^^^^^^^^^^^^^^
  File "/home/ubuntu/tmath/.venv/lib/python3.12/site-packages/django/urls/resolvers.py", line 708, in urlconf_module
    return import_module(self.urlconf_name)
           ^^^^^^^^^^^^^^^^^^^^^^^^^^^^^^^^
  File "/usr/lib/python3.12/importlib/__init__.py", line 90, in import_module
    return _bootstrap._gcd_import(name[level:], package, level)
           ^^^^^^^^^^^^^^^^^^^^^^^^^^^^^^^^^^^^^^^^^^^^^^^^^^^^
  File "<frozen importlib._bootstrap>", line 1387, in _gcd_import
  File "<frozen importlib._bootstrap>", line 1360, in _find_and_load
  File "<frozen importlib._bootstrap>", line 1331, in _find_and_load_unlocked
  File "<frozen importlib._bootstrap>", line 935, in _load_unlocked
  File "<frozen importlib._bootstrap_external>", line 995, in exec_module
  File "<frozen importlib._bootstrap>", line 488, in _call_with_frames_removed
  File "/home/ubuntu/tmath/tmath/urls.py", line 740, in <module>
    path('api/verify-admin/', verify_admin, name='verify_admin'),
                              ^^^^^^^^^^^^
NameError: name 'verify_admin' is not defined
Traceback (most recent call last):
  File "/home/ubuntu/tmath/.venv/bin/celery", line 6, in <module>
    sys.exit(main())
             ^^^^^^
  File "/home/ubuntu/tmath/.venv/lib/python3.12/site-packages/celery/__main__.py", line 15, in main
    sys.exit(_main())
             ^^^^^^^
  File "/home/ubuntu/tmath/.venv/lib/python3.12/site-packages/celery/bin/celery.py", line 227, in main
    return celery(auto_envvar_prefix="CELERY")
           ^^^^^^^^^^^^^^^^^^^^^^^^^^^^^^^^^^^
  File "/home/ubuntu/tmath/.venv/lib/python3.12/site-packages/click/core.py", line 1569, in __call__
    return self.main(*args, **kwargs)
           ^^^^^^^^^^^^^^^^^^^^^^^^^^
  File "/home/ubuntu/tmath/.venv/lib/python3.12/site-packages/click/core.py", line 1490, in main
    rv = self.invoke(ctx)
         ^^^^^^^^^^^^^^^^
  File "/home/ubuntu/tmath/.venv/lib/python3.12/site-packages/click/core.py", line 1970, in invoke
    return _process_result(sub_ctx.command.invoke(sub_ctx))
                           ^^^^^^^^^^^^^^^^^^^^^^^^^^^^^^^
  File "/home/ubuntu/tmath/.venv/lib/python3.12/site-packages/click/core.py", line 1353, in invoke
    return ctx.invoke(self.callback, **ctx.params)
           ^^^^^^^^^^^^^^^^^^^^^^^^^^^^^^^^^^^^^^^
  File "/home/ubuntu/tmath/.venv/lib/python3.12/site-packages/click/core.py", line 907, in invoke
    return callback(*args, **kwargs)
           ^^^^^^^^^^^^^^^^^^^^^^^^^
  File "/home/ubuntu/tmath/.venv/lib/python3.12/site-packages/click/decorators.py", line 34, in new_func
    return f(get_current_context(), *args, **kwargs)
           ^^^^^^^^^^^^^^^^^^^^^^^^^^^^^^^^^^^^^^^^^
  File "/home/ubuntu/tmath/.venv/lib/python3.12/site-packages/celery/bin/base.py", line 158, in caller
    return f(ctx, *args, **kwargs)
           ^^^^^^^^^^^^^^^^^^^^^^^
  File "/home/ubuntu/tmath/.venv/lib/python3.12/site-packages/celery/bin/worker.py", line 359, in worker
    worker = app.Worker(
             ^^^^^^^^^^^
  File "/home/ubuntu/tmath/.venv/lib/python3.12/site-packages/celery/worker/worker.py", line 94, in __init__
    self.app.loader.init_worker()
  File "/home/ubuntu/tmath/.venv/lib/python3.12/site-packages/celery/loaders/base.py", line 110, in init_worker
    self.import_default_modules()
  File "/home/ubuntu/tmath/.venv/lib/python3.12/site-packages/celery/loaders/base.py", line 104, in import_default_modules
    raise response
  File "/home/ubuntu/tmath/.venv/lib/python3.12/site-packages/celery/utils/dispatch/signal.py", line 280, in send
    response = receiver(signal=self, sender=sender, **named)
               ^^^^^^^^^^^^^^^^^^^^^^^^^^^^^^^^^^^^^^^^^^^^^
  File "/home/ubuntu/tmath/.venv/lib/python3.12/site-packages/celery/fixups/django.py", line 103, in on_import_modules
    self.worker_fixup.validate_models()
  File "/home/ubuntu/tmath/.venv/lib/python3.12/site-packages/celery/fixups/django.py", line 154, in validate_models
    run_checks()
  File "/home/ubuntu/tmath/.venv/lib/python3.12/site-packages/django/core/checks/registry.py", line 88, in run_checks
    new_errors = check(app_configs=app_configs, databases=databases)
                 ^^^^^^^^^^^^^^^^^^^^^^^^^^^^^^^^^^^^^^^^^^^^^^^^^^^
  File "/home/ubuntu/tmath/.venv/lib/python3.12/site-packages/django/core/checks/urls.py", line 14, in check_url_config
    return check_resolver(resolver)
           ^^^^^^^^^^^^^^^^^^^^^^^^
  File "/home/ubuntu/tmath/.venv/lib/python3.12/site-packages/django/core/checks/urls.py", line 24, in check_resolver
    return check_method()
           ^^^^^^^^^^^^^^
  File "/home/ubuntu/tmath/.venv/lib/python3.12/site-packages/django/urls/resolvers.py", line 494, in check
    for pattern in self.url_patterns:
                   ^^^^^^^^^^^^^^^^^
  File "/home/ubuntu/tmath/.venv/lib/python3.12/site-packages/django/utils/functional.py", line 57, in __get__
    res = instance.__dict__[self.name] = self.func(instance)
                                         ^^^^^^^^^^^^^^^^^^^
  File "/home/ubuntu/tmath/.venv/lib/python3.12/site-packages/django/urls/resolvers.py", line 715, in url_patterns
    patterns = getattr(self.urlconf_module, "urlpatterns", self.urlconf_module)
                       ^^^^^^^^^^^^^^^^^^^
  File "/home/ubuntu/tmath/.venv/lib/python3.12/site-packages/django/utils/functional.py", line 57, in __get__
    res = instance.__dict__[self.name] = self.func(instance)
                                         ^^^^^^^^^^^^^^^^^^^
  File "/home/ubuntu/tmath/.venv/lib/python3.12/site-packages/django/urls/resolvers.py", line 708, in urlconf_module
    return import_module(self.urlconf_name)
           ^^^^^^^^^^^^^^^^^^^^^^^^^^^^^^^^
  File "/usr/lib/python3.12/importlib/__init__.py", line 90, in import_module
    return _bootstrap._gcd_import(name[level:], package, level)
           ^^^^^^^^^^^^^^^^^^^^^^^^^^^^^^^^^^^^^^^^^^^^^^^^^^^^
  File "<frozen importlib._bootstrap>", line 1387, in _gcd_import
  File "<frozen importlib._bootstrap>", line 1360, in _find_and_load
  File "<frozen importlib._bootstrap>", line 1331, in _find_and_load_unlocked
  File "<frozen importlib._bootstrap>", line 935, in _load_unlocked
  File "<frozen importlib._bootstrap_external>", line 995, in exec_module
  File "<frozen importlib._bootstrap>", line 488, in _call_with_frames_removed
  File "/home/ubuntu/tmath/tmath/urls.py", line 740, in <module>
    path('api/verify-admin/', verify_admin, name='verify_admin'),
                              ^^^^^^^^^^^^
NameError: name 'verify_admin' is not defined
ERROR 2026-09-20 14:57:20,689 signal Signal handler <bound method DjangoFixup.on_import_modules of <celery.fixups.django.DjangoFixup object at 0x7e33f9e00980>> raised: NameError("name 'verify_admin' is not defined")
Traceback (most recent call last):
  File "/home/ubuntu/tmath/.venv/lib/python3.12/site-packages/celery/utils/dispatch/signal.py", line 280, in send
    response = receiver(signal=self, sender=sender, **named)
               ^^^^^^^^^^^^^^^^^^^^^^^^^^^^^^^^^^^^^^^^^^^^^
  File "/home/ubuntu/tmath/.venv/lib/python3.12/site-packages/celery/fixups/django.py", line 103, in on_import_modules
    self.worker_fixup.validate_models()
  File "/home/ubuntu/tmath/.venv/lib/python3.12/site-packages/celery/fixups/django.py", line 154, in validate_models
    run_checks()
  File "/home/ubuntu/tmath/.venv/lib/python3.12/site-packages/django/core/checks/registry.py", line 88, in run_checks
    new_errors = check(app_configs=app_configs, databases=databases)
                 ^^^^^^^^^^^^^^^^^^^^^^^^^^^^^^^^^^^^^^^^^^^^^^^^^^^
  File "/home/ubuntu/tmath/.venv/lib/python3.12/site-packages/django/core/checks/urls.py", line 14, in check_url_config
    return check_resolver(resolver)
           ^^^^^^^^^^^^^^^^^^^^^^^^
  File "/home/ubuntu/tmath/.venv/lib/python3.12/site-packages/django/core/checks/urls.py", line 24, in check_resolver
    return check_method()
           ^^^^^^^^^^^^^^
  File "/home/ubuntu/tmath/.venv/lib/python3.12/site-packages/django/urls/resolvers.py", line 494, in check
    for pattern in self.url_patterns:
                   ^^^^^^^^^^^^^^^^^
  File "/home/ubuntu/tmath/.venv/lib/python3.12/site-packages/django/utils/functional.py", line 57, in __get__
    res = instance.__dict__[self.name] = self.func(instance)
                                         ^^^^^^^^^^^^^^^^^^^
  File "/home/ubuntu/tmath/.venv/lib/python3.12/site-packages/django/urls/resolvers.py", line 715, in url_patterns
    patterns = getattr(self.urlconf_module, "urlpatterns", self.urlconf_module)
                       ^^^^^^^^^^^^^^^^^^^
  File "/home/ubuntu/tmath/.venv/lib/python3.12/site-packages/django/utils/functional.py", line 57, in __get__
    res = instance.__dict__[self.name] = self.func(instance)
                                         ^^^^^^^^^^^^^^^^^^^
  File "/home/ubuntu/tmath/.venv/lib/python3.12/site-packages/django/urls/resolvers.py", line 708, in urlconf_module
    return import_module(self.urlconf_name)
           ^^^^^^^^^^^^^^^^^^^^^^^^^^^^^^^^
  File "/usr/lib/python3.12/importlib/__init__.py", line 90, in import_module
    return _bootstrap._gcd_import(name[level:], package, level)
           ^^^^^^^^^^^^^^^^^^^^^^^^^^^^^^^^^^^^^^^^^^^^^^^^^^^^
  File "<frozen importlib._bootstrap>", line 1387, in _gcd_import
  File "<frozen importlib._bootstrap>", line 1360, in _find_and_load
  File "<frozen importlib._bootstrap>", line 1331, in _find_and_load_unlocked
  File "<frozen importlib._bootstrap>", line 935, in _load_unlocked
  File "<frozen importlib._bootstrap_external>", line 995, in exec_module
  File "<frozen importlib._bootstrap>", line 488, in _call_with_frames_removed
  File "/home/ubuntu/tmath/tmath/urls.py", line 740, in <module>
    path('api/verify-admin/', verify_admin, name='verify_admin'),
                              ^^^^^^^^^^^^
NameError: name 'verify_admin' is not defined
Traceback (most recent call last):
  File "/home/ubuntu/tmath/.venv/bin/celery", line 6, in <module>
    sys.exit(main())
             ^^^^^^
  File "/home/ubuntu/tmath/.venv/lib/python3.12/site-packages/celery/__main__.py", line 15, in main
    sys.exit(_main())
             ^^^^^^^
  File "/home/ubuntu/tmath/.venv/lib/python3.12/site-packages/celery/bin/celery.py", line 227, in main
    return celery(auto_envvar_prefix="CELERY")
           ^^^^^^^^^^^^^^^^^^^^^^^^^^^^^^^^^^^
  File "/home/ubuntu/tmath/.venv/lib/python3.12/site-packages/click/core.py", line 1569, in __call__
    return self.main(*args, **kwargs)
           ^^^^^^^^^^^^^^^^^^^^^^^^^^
  File "/home/ubuntu/tmath/.venv/lib/python3.12/site-packages/click/core.py", line 1490, in main
    rv = self.invoke(ctx)
         ^^^^^^^^^^^^^^^^
  File "/home/ubuntu/tmath/.venv/lib/python3.12/site-packages/click/core.py", line 1970, in invoke
    return _process_result(sub_ctx.command.invoke(sub_ctx))
                           ^^^^^^^^^^^^^^^^^^^^^^^^^^^^^^^
  File "/home/ubuntu/tmath/.venv/lib/python3.12/site-packages/click/core.py", line 1353, in invoke
    return ctx.invoke(self.callback, **ctx.params)
           ^^^^^^^^^^^^^^^^^^^^^^^^^^^^^^^^^^^^^^^
  File "/home/ubuntu/tmath/.venv/lib/python3.12/site-packages/click/core.py", line 907, in invoke
    return callback(*args, **kwargs)
           ^^^^^^^^^^^^^^^^^^^^^^^^^
  File "/home/ubuntu/tmath/.venv/lib/python3.12/site-packages/click/decorators.py", line 34, in new_func
    return f(get_current_context(), *args, **kwargs)
           ^^^^^^^^^^^^^^^^^^^^^^^^^^^^^^^^^^^^^^^^^
  File "/home/ubuntu/tmath/.venv/lib/python3.12/site-packages/celery/bin/base.py", line 158, in caller
    return f(ctx, *args, **kwargs)
           ^^^^^^^^^^^^^^^^^^^^^^^
  File "/home/ubuntu/tmath/.venv/lib/python3.12/site-packages/celery/bin/worker.py", line 359, in worker
    worker = app.Worker(
             ^^^^^^^^^^^
  File "/home/ubuntu/tmath/.venv/lib/python3.12/site-packages/celery/worker/worker.py", line 94, in __init__
    self.app.loader.init_worker()
  File "/home/ubuntu/tmath/.venv/lib/python3.12/site-packages/celery/loaders/base.py", line 110, in init_worker
    self.import_default_modules()
  File "/home/ubuntu/tmath/.venv/lib/python3.12/site-packages/celery/loaders/base.py", line 104, in import_default_modules
    raise response
  File "/home/ubuntu/tmath/.venv/lib/python3.12/site-packages/celery/utils/dispatch/signal.py", line 280, in send
    response = receiver(signal=self, sender=sender, **named)
               ^^^^^^^^^^^^^^^^^^^^^^^^^^^^^^^^^^^^^^^^^^^^^
  File "/home/ubuntu/tmath/.venv/lib/python3.12/site-packages/celery/fixups/django.py", line 103, in on_import_modules
    self.worker_fixup.validate_models()
  File "/home/ubuntu/tmath/.venv/lib/python3.12/site-packages/celery/fixups/django.py", line 154, in validate_models
    run_checks()
  File "/home/ubuntu/tmath/.venv/lib/python3.12/site-packages/django/core/checks/registry.py", line 88, in run_checks
    new_errors = check(app_configs=app_configs, databases=databases)
                 ^^^^^^^^^^^^^^^^^^^^^^^^^^^^^^^^^^^^^^^^^^^^^^^^^^^
  File "/home/ubuntu/tmath/.venv/lib/python3.12/site-packages/django/core/checks/urls.py", line 14, in check_url_config
    return check_resolver(resolver)
           ^^^^^^^^^^^^^^^^^^^^^^^^
  File "/home/ubuntu/tmath/.venv/lib/python3.12/site-packages/django/core/checks/urls.py", line 24, in check_resolver
    return check_method()
           ^^^^^^^^^^^^^^
  File "/home/ubuntu/tmath/.venv/lib/python3.12/site-packages/django/urls/resolvers.py", line 494, in check
    for pattern in self.url_patterns:
                   ^^^^^^^^^^^^^^^^^
  File "/home/ubuntu/tmath/.venv/lib/python3.12/site-packages/django/utils/functional.py", line 57, in __get__
    res = instance.__dict__[self.name] = self.func(instance)
                                         ^^^^^^^^^^^^^^^^^^^
  File "/home/ubuntu/tmath/.venv/lib/python3.12/site-packages/django/urls/resolvers.py", line 715, in url_patterns
    patterns = getattr(self.urlconf_module, "urlpatterns", self.urlconf_module)
                       ^^^^^^^^^^^^^^^^^^^
  File "/home/ubuntu/tmath/.venv/lib/python3.12/site-packages/django/utils/functional.py", line 57, in __get__
    res = instance.__dict__[self.name] = self.func(instance)
                                         ^^^^^^^^^^^^^^^^^^^
  File "/home/ubuntu/tmath/.venv/lib/python3.12/site-packages/django/urls/resolvers.py", line 708, in urlconf_module
    return import_module(self.urlconf_name)
           ^^^^^^^^^^^^^^^^^^^^^^^^^^^^^^^^
  File "/usr/lib/python3.12/importlib/__init__.py", line 90, in import_module
    return _bootstrap._gcd_import(name[level:], package, level)
           ^^^^^^^^^^^^^^^^^^^^^^^^^^^^^^^^^^^^^^^^^^^^^^^^^^^^
  File "<frozen importlib._bootstrap>", line 1387, in _gcd_import
  File "<frozen importlib._bootstrap>", line 1360, in _find_and_load
  File "<frozen importlib._bootstrap>", line 1331, in _find_and_load_unlocked
  File "<frozen importlib._bootstrap>", line 935, in _load_unlocked
  File "<frozen importlib._bootstrap_external>", line 995, in exec_module
  File "<frozen importlib._bootstrap>", line 488, in _call_with_frames_removed
  File "/home/ubuntu/tmath/tmath/urls.py", line 740, in <module>
    path('api/verify-admin/', verify_admin, name='verify_admin'),
                              ^^^^^^^^^^^^
NameError: name 'verify_admin' is not defined
ERROR 2026-09-20 14:57:22,946 signal Signal handler <bound method DjangoFixup.on_import_modules of <celery.fixups.django.DjangoFixup object at 0x7302b3b29d60>> raised: NameError("name 'verify_admin' is not defined")
Traceback (most recent call last):
  File "/home/ubuntu/tmath/.venv/lib/python3.12/site-packages/celery/utils/dispatch/signal.py", line 280, in send
    response = receiver(signal=self, sender=sender, **named)
               ^^^^^^^^^^^^^^^^^^^^^^^^^^^^^^^^^^^^^^^^^^^^^
  File "/home/ubuntu/tmath/.venv/lib/python3.12/site-packages/celery/fixups/django.py", line 103, in on_import_modules
    self.worker_fixup.validate_models()
  File "/home/ubuntu/tmath/.venv/lib/python3.12/site-packages/celery/fixups/django.py", line 154, in validate_models
    run_checks()
  File "/home/ubuntu/tmath/.venv/lib/python3.12/site-packages/django/core/checks/registry.py", line 88, in run_checks
    new_errors = check(app_configs=app_configs, databases=databases)
                 ^^^^^^^^^^^^^^^^^^^^^^^^^^^^^^^^^^^^^^^^^^^^^^^^^^^
  File "/home/ubuntu/tmath/.venv/lib/python3.12/site-packages/django/core/checks/urls.py", line 14, in check_url_config
    return check_resolver(resolver)
           ^^^^^^^^^^^^^^^^^^^^^^^^
  File "/home/ubuntu/tmath/.venv/lib/python3.12/site-packages/django/core/checks/urls.py", line 24, in check_resolver
    return check_method()
           ^^^^^^^^^^^^^^
  File "/home/ubuntu/tmath/.venv/lib/python3.12/site-packages/django/urls/resolvers.py", line 494, in check
    for pattern in self.url_patterns:
                   ^^^^^^^^^^^^^^^^^
  File "/home/ubuntu/tmath/.venv/lib/python3.12/site-packages/django/utils/functional.py", line 57, in __get__
    res = instance.__dict__[self.name] = self.func(instance)
                                         ^^^^^^^^^^^^^^^^^^^
  File "/home/ubuntu/tmath/.venv/lib/python3.12/site-packages/django/urls/resolvers.py", line 715, in url_patterns
    patterns = getattr(self.urlconf_module, "urlpatterns", self.urlconf_module)
                       ^^^^^^^^^^^^^^^^^^^
  File "/home/ubuntu/tmath/.venv/lib/python3.12/site-packages/django/utils/functional.py", line 57, in __get__
    res = instance.__dict__[self.name] = self.func(instance)
                                         ^^^^^^^^^^^^^^^^^^^
  File "/home/ubuntu/tmath/.venv/lib/python3.12/site-packages/django/urls/resolvers.py", line 708, in urlconf_module
    return import_module(self.urlconf_name)
           ^^^^^^^^^^^^^^^^^^^^^^^^^^^^^^^^
  File "/usr/lib/python3.12/importlib/__init__.py", line 90, in import_module
    return _bootstrap._gcd_import(name[level:], package, level)
           ^^^^^^^^^^^^^^^^^^^^^^^^^^^^^^^^^^^^^^^^^^^^^^^^^^^^
  File "<frozen importlib._bootstrap>", line 1387, in _gcd_import
  File "<frozen importlib._bootstrap>", line 1360, in _find_and_load
  File "<frozen importlib._bootstrap>", line 1331, in _find_and_load_unlocked
  File "<frozen importlib._bootstrap>", line 935, in _load_unlocked
  File "<frozen importlib._bootstrap_external>", line 995, in exec_module
  File "<frozen importlib._bootstrap>", line 488, in _call_with_frames_removed
  File "/home/ubuntu/tmath/tmath/urls.py", line 740, in <module>
    path('api/verify-admin/', verify_admin, name='verify_admin'),
                              ^^^^^^^^^^^^
NameError: name 'verify_admin' is not defined
Traceback (most recent call last):
  File "/home/ubuntu/tmath/.venv/bin/celery", line 6, in <module>
    sys.exit(main())
             ^^^^^^
  File "/home/ubuntu/tmath/.venv/lib/python3.12/site-packages/celery/__main__.py", line 15, in main
    sys.exit(_main())
             ^^^^^^^
  File "/home/ubuntu/tmath/.venv/lib/python3.12/site-packages/celery/bin/celery.py", line 227, in main
    return celery(auto_envvar_prefix="CELERY")
           ^^^^^^^^^^^^^^^^^^^^^^^^^^^^^^^^^^^
  File "/home/ubuntu/tmath/.venv/lib/python3.12/site-packages/click/core.py", line 1569, in __call__
    return self.main(*args, **kwargs)
           ^^^^^^^^^^^^^^^^^^^^^^^^^^
  File "/home/ubuntu/tmath/.venv/lib/python3.12/site-packages/click/core.py", line 1490, in main
    rv = self.invoke(ctx)
         ^^^^^^^^^^^^^^^^
  File "/home/ubuntu/tmath/.venv/lib/python3.12/site-packages/click/core.py", line 1970, in invoke
    return _process_result(sub_ctx.command.invoke(sub_ctx))
                           ^^^^^^^^^^^^^^^^^^^^^^^^^^^^^^^
  File "/home/ubuntu/tmath/.venv/lib/python3.12/site-packages/click/core.py", line 1353, in invoke
    return ctx.invoke(self.callback, **ctx.params)
           ^^^^^^^^^^^^^^^^^^^^^^^^^^^^^^^^^^^^^^^
  File "/home/ubuntu/tmath/.venv/lib/python3.12/site-packages/click/core.py", line 907, in invoke
    return callback(*args, **kwargs)
           ^^^^^^^^^^^^^^^^^^^^^^^^^
  File "/home/ubuntu/tmath/.venv/lib/python3.12/site-packages/click/decorators.py", line 34, in new_func
    return f(get_current_context(), *args, **kwargs)
           ^^^^^^^^^^^^^^^^^^^^^^^^^^^^^^^^^^^^^^^^^
  File "/home/ubuntu/tmath/.venv/lib/python3.12/site-packages/celery/bin/base.py", line 158, in caller
    return f(ctx, *args, **kwargs)
           ^^^^^^^^^^^^^^^^^^^^^^^
  File "/home/ubuntu/tmath/.venv/lib/python3.12/site-packages/celery/bin/worker.py", line 359, in worker
    worker = app.Worker(
             ^^^^^^^^^^^
  File "/home/ubuntu/tmath/.venv/lib/python3.12/site-packages/celery/worker/worker.py", line 94, in __init__
    self.app.loader.init_worker()
  File "/home/ubuntu/tmath/.venv/lib/python3.12/site-packages/celery/loaders/base.py", line 110, in init_worker
    self.import_default_modules()
  File "/home/ubuntu/tmath/.venv/lib/python3.12/site-packages/celery/loaders/base.py", line 104, in import_default_modules
    raise response
  File "/home/ubuntu/tmath/.venv/lib/python3.12/site-packages/celery/utils/dispatch/signal.py", line 280, in send
    response = receiver(signal=self, sender=sender, **named)
               ^^^^^^^^^^^^^^^^^^^^^^^^^^^^^^^^^^^^^^^^^^^^^
  File "/home/ubuntu/tmath/.venv/lib/python3.12/site-packages/celery/fixups/django.py", line 103, in on_import_modules
    self.worker_fixup.validate_models()
  File "/home/ubuntu/tmath/.venv/lib/python3.12/site-packages/celery/fixups/django.py", line 154, in validate_models
    run_checks()
  File "/home/ubuntu/tmath/.venv/lib/python3.12/site-packages/django/core/checks/registry.py", line 88, in run_checks
    new_errors = check(app_configs=app_configs, databases=databases)
                 ^^^^^^^^^^^^^^^^^^^^^^^^^^^^^^^^^^^^^^^^^^^^^^^^^^^
  File "/home/ubuntu/tmath/.venv/lib/python3.12/site-packages/django/core/checks/urls.py", line 14, in check_url_config
    return check_resolver(resolver)
           ^^^^^^^^^^^^^^^^^^^^^^^^
  File "/home/ubuntu/tmath/.venv/lib/python3.12/site-packages/django/core/checks/urls.py", line 24, in check_resolver
    return check_method()
           ^^^^^^^^^^^^^^
  File "/home/ubuntu/tmath/.venv/lib/python3.12/site-packages/django/urls/resolvers.py", line 494, in check
    for pattern in self.url_patterns:
                   ^^^^^^^^^^^^^^^^^
  File "/home/ubuntu/tmath/.venv/lib/python3.12/site-packages/django/utils/functional.py", line 57, in __get__
    res = instance.__dict__[self.name] = self.func(instance)
                                         ^^^^^^^^^^^^^^^^^^^
  File "/home/ubuntu/tmath/.venv/lib/python3.12/site-packages/django/urls/resolvers.py", line 715, in url_patterns
    patterns = getattr(self.urlconf_module, "urlpatterns", self.urlconf_module)
                       ^^^^^^^^^^^^^^^^^^^
  File "/home/ubuntu/tmath/.venv/lib/python3.12/site-packages/django/utils/functional.py", line 57, in __get__
    res = instance.__dict__[self.name] = self.func(instance)
                                         ^^^^^^^^^^^^^^^^^^^
  File "/home/ubuntu/tmath/.venv/lib/python3.12/site-packages/django/urls/resolvers.py", line 708, in urlconf_module
    return import_module(self.urlconf_name)
           ^^^^^^^^^^^^^^^^^^^^^^^^^^^^^^^^
  File "/usr/lib/python3.12/importlib/__init__.py", line 90, in import_module
    return _bootstrap._gcd_import(name[level:], package, level)
           ^^^^^^^^^^^^^^^^^^^^^^^^^^^^^^^^^^^^^^^^^^^^^^^^^^^^
  File "<frozen importlib._bootstrap>", line 1387, in _gcd_import
  File "<frozen importlib._bootstrap>", line 1360, in _find_and_load
  File "<frozen importlib._bootstrap>", line 1331, in _find_and_load_unlocked
  File "<frozen importlib._bootstrap>", line 935, in _load_unlocked
  File "<frozen importlib._bootstrap_external>", line 995, in exec_module
  File "<frozen importlib._bootstrap>", line 488, in _call_with_frames_removed
  File "/home/ubuntu/tmath/tmath/urls.py", line 740, in <module>
    path('api/verify-admin/', verify_admin, name='verify_admin'),
                              ^^^^^^^^^^^^
NameError: name 'verify_admin' is not defined
ERROR 2026-09-20 14:57:25,187 signal Signal handler <bound method DjangoFixup.on_import_modules of <celery.fixups.django.DjangoFixup object at 0x7b6ae7df1160>> raised: NameError("name 'verify_admin' is not defined")
Traceback (most recent call last):
  File "/home/ubuntu/tmath/.venv/lib/python3.12/site-packages/celery/utils/dispatch/signal.py", line 280, in send
    response = receiver(signal=self, sender=sender, **named)
               ^^^^^^^^^^^^^^^^^^^^^^^^^^^^^^^^^^^^^^^^^^^^^
  File "/home/ubuntu/tmath/.venv/lib/python3.12/site-packages/celery/fixups/django.py", line 103, in on_import_modules
    self.worker_fixup.validate_models()
  File "/home/ubuntu/tmath/.venv/lib/python3.12/site-packages/celery/fixups/django.py", line 154, in validate_models
    run_checks()
  File "/home/ubuntu/tmath/.venv/lib/python3.12/site-packages/django/core/checks/registry.py", line 88, in run_checks
    new_errors = check(app_configs=app_configs, databases=databases)
                 ^^^^^^^^^^^^^^^^^^^^^^^^^^^^^^^^^^^^^^^^^^^^^^^^^^^
  File "/home/ubuntu/tmath/.venv/lib/python3.12/site-packages/django/core/checks/urls.py", line 14, in check_url_config
    return check_resolver(resolver)
           ^^^^^^^^^^^^^^^^^^^^^^^^
  File "/home/ubuntu/tmath/.venv/lib/python3.12/site-packages/django/core/checks/urls.py", line 24, in check_resolver
    return check_method()
           ^^^^^^^^^^^^^^
  File "/home/ubuntu/tmath/.venv/lib/python3.12/site-packages/django/urls/resolvers.py", line 494, in check
    for pattern in self.url_patterns:
                   ^^^^^^^^^^^^^^^^^
  File "/home/ubuntu/tmath/.venv/lib/python3.12/site-packages/django/utils/functional.py", line 57, in __get__
    res = instance.__dict__[self.name] = self.func(instance)
                                         ^^^^^^^^^^^^^^^^^^^
  File "/home/ubuntu/tmath/.venv/lib/python3.12/site-packages/django/urls/resolvers.py", line 715, in url_patterns
    patterns = getattr(self.urlconf_module, "urlpatterns", self.urlconf_module)
                       ^^^^^^^^^^^^^^^^^^^
  File "/home/ubuntu/tmath/.venv/lib/python3.12/site-packages/django/utils/functional.py", line 57, in __get__
    res = instance.__dict__[self.name] = self.func(instance)
                                         ^^^^^^^^^^^^^^^^^^^
  File "/home/ubuntu/tmath/.venv/lib/python3.12/site-packages/django/urls/resolvers.py", line 708, in urlconf_module
    return import_module(self.urlconf_name)
           ^^^^^^^^^^^^^^^^^^^^^^^^^^^^^^^^
  File "/usr/lib/python3.12/importlib/__init__.py", line 90, in import_module
    return _bootstrap._gcd_import(name[level:], package, level)
           ^^^^^^^^^^^^^^^^^^^^^^^^^^^^^^^^^^^^^^^^^^^^^^^^^^^^
  File "<frozen importlib._bootstrap>", line 1387, in _gcd_import
  File "<frozen importlib._bootstrap>", line 1360, in _find_and_load
  File "<frozen importlib._bootstrap>", line 1331, in _find_and_load_unlocked
  File "<frozen importlib._bootstrap>", line 935, in _load_unlocked
  File "<frozen importlib._bootstrap_external>", line 995, in exec_module
  File "<frozen importlib._bootstrap>", line 488, in _call_with_frames_removed
  File "/home/ubuntu/tmath/tmath/urls.py", line 740, in <module>
    path('api/verify-admin/', verify_admin, name='verify_admin'),
                              ^^^^^^^^^^^^
NameError: name 'verify_admin' is not defined
Traceback (most recent call last):
  File "/home/ubuntu/tmath/.venv/bin/celery", line 6, in <module>
    sys.exit(main())
             ^^^^^^
  File "/home/ubuntu/tmath/.venv/lib/python3.12/site-packages/celery/__main__.py", line 15, in main
    sys.exit(_main())
             ^^^^^^^
  File "/home/ubuntu/tmath/.venv/lib/python3.12/site-packages/celery/bin/celery.py", line 227, in main
    return celery(auto_envvar_prefix="CELERY")
           ^^^^^^^^^^^^^^^^^^^^^^^^^^^^^^^^^^^
  File "/home/ubuntu/tmath/.venv/lib/python3.12/site-packages/click/core.py", line 1569, in __call__
    return self.main(*args, **kwargs)
           ^^^^^^^^^^^^^^^^^^^^^^^^^^
  File "/home/ubuntu/tmath/.venv/lib/python3.12/site-packages/click/core.py", line 1490, in main
    rv = self.invoke(ctx)
         ^^^^^^^^^^^^^^^^
  File "/home/ubuntu/tmath/.venv/lib/python3.12/site-packages/click/core.py", line 1970, in invoke
    return _process_result(sub_ctx.command.invoke(sub_ctx))
                           ^^^^^^^^^^^^^^^^^^^^^^^^^^^^^^^
  File "/home/ubuntu/tmath/.venv/lib/python3.12/site-packages/click/core.py", line 1353, in invoke
    return ctx.invoke(self.callback, **ctx.params)
           ^^^^^^^^^^^^^^^^^^^^^^^^^^^^^^^^^^^^^^^
  File "/home/ubuntu/tmath/.venv/lib/python3.12/site-packages/click/core.py", line 907, in invoke
    return callback(*args, **kwargs)
           ^^^^^^^^^^^^^^^^^^^^^^^^^
  File "/home/ubuntu/tmath/.venv/lib/python3.12/site-packages/click/decorators.py", line 34, in new_func
    return f(get_current_context(), *args, **kwargs)
           ^^^^^^^^^^^^^^^^^^^^^^^^^^^^^^^^^^^^^^^^^
  File "/home/ubuntu/tmath/.venv/lib/python3.12/site-packages/celery/bin/base.py", line 158, in caller
    return f(ctx, *args, **kwargs)
           ^^^^^^^^^^^^^^^^^^^^^^^
  File "/home/ubuntu/tmath/.venv/lib/python3.12/site-packages/celery/bin/worker.py", line 359, in worker
    worker = app.Worker(
             ^^^^^^^^^^^
  File "/home/ubuntu/tmath/.venv/lib/python3.12/site-packages/celery/worker/worker.py", line 94, in __init__
    self.app.loader.init_worker()
  File "/home/ubuntu/tmath/.venv/lib/python3.12/site-packages/celery/loaders/base.py", line 110, in init_worker
    self.import_default_modules()
  File "/home/ubuntu/tmath/.venv/lib/python3.12/site-packages/celery/loaders/base.py", line 104, in import_default_modules
    raise response
  File "/home/ubuntu/tmath/.venv/lib/python3.12/site-packages/celery/utils/dispatch/signal.py", line 280, in send
    response = receiver(signal=self, sender=sender, **named)
               ^^^^^^^^^^^^^^^^^^^^^^^^^^^^^^^^^^^^^^^^^^^^^
  File "/home/ubuntu/tmath/.venv/lib/python3.12/site-packages/celery/fixups/django.py", line 103, in on_import_modules
    self.worker_fixup.validate_models()
  File "/home/ubuntu/tmath/.venv/lib/python3.12/site-packages/celery/fixups/django.py", line 154, in validate_models
    run_checks()
  File "/home/ubuntu/tmath/.venv/lib/python3.12/site-packages/django/core/checks/registry.py", line 88, in run_checks
    new_errors = check(app_configs=app_configs, databases=databases)
                 ^^^^^^^^^^^^^^^^^^^^^^^^^^^^^^^^^^^^^^^^^^^^^^^^^^^
  File "/home/ubuntu/tmath/.venv/lib/python3.12/site-packages/django/core/checks/urls.py", line 14, in check_url_config
    return check_resolver(resolver)
           ^^^^^^^^^^^^^^^^^^^^^^^^
  File "/home/ubuntu/tmath/.venv/lib/python3.12/site-packages/django/core/checks/urls.py", line 24, in check_resolver
    return check_method()
           ^^^^^^^^^^^^^^
  File "/home/ubuntu/tmath/.venv/lib/python3.12/site-packages/django/urls/resolvers.py", line 494, in check
    for pattern in self.url_patterns:
                   ^^^^^^^^^^^^^^^^^
  File "/home/ubuntu/tmath/.venv/lib/python3.12/site-packages/django/utils/functional.py", line 57, in __get__
    res = instance.__dict__[self.name] = self.func(instance)
                                         ^^^^^^^^^^^^^^^^^^^
  File "/home/ubuntu/tmath/.venv/lib/python3.12/site-packages/django/urls/resolvers.py", line 715, in url_patterns
    patterns = getattr(self.urlconf_module, "urlpatterns", self.urlconf_module)
                       ^^^^^^^^^^^^^^^^^^^
  File "/home/ubuntu/tmath/.venv/lib/python3.12/site-packages/django/utils/functional.py", line 57, in __get__
    res = instance.__dict__[self.name] = self.func(instance)
                                         ^^^^^^^^^^^^^^^^^^^
  File "/home/ubuntu/tmath/.venv/lib/python3.12/site-packages/django/urls/resolvers.py", line 708, in urlconf_module
    return import_module(self.urlconf_name)
           ^^^^^^^^^^^^^^^^^^^^^^^^^^^^^^^^
  File "/usr/lib/python3.12/importlib/__init__.py", line 90, in import_module
    return _bootstrap._gcd_import(name[level:], package, level)
           ^^^^^^^^^^^^^^^^^^^^^^^^^^^^^^^^^^^^^^^^^^^^^^^^^^^^
  File "<frozen importlib._bootstrap>", line 1387, in _gcd_import
  File "<frozen importlib._bootstrap>", line 1360, in _find_and_load
  File "<frozen importlib._bootstrap>", line 1331, in _find_and_load_unlocked
  File "<frozen importlib._bootstrap>", line 935, in _load_unlocked
  File "<frozen importlib._bootstrap_external>", line 995, in exec_module
  File "<frozen importlib._bootstrap>", line 488, in _call_with_frames_removed
  File "/home/ubuntu/tmath/tmath/urls.py", line 740, in <module>
    path('api/verify-admin/', verify_admin, name='verify_admin'),
                              ^^^^^^^^^^^^
NameError: name 'verify_admin' is not defined
ERROR 2026-09-20 14:57:27,389 signal Signal handler <bound method DjangoFixup.on_import_modules of <celery.fixups.django.DjangoFixup object at 0x75a74fe8d430>> raised: NameError("name 'verify_admin' is not defined")
Traceback (most recent call last):
  File "/home/ubuntu/tmath/.venv/lib/python3.12/site-packages/celery/utils/dispatch/signal.py", line 280, in send
    response = receiver(signal=self, sender=sender, **named)
               ^^^^^^^^^^^^^^^^^^^^^^^^^^^^^^^^^^^^^^^^^^^^^
  File "/home/ubuntu/tmath/.venv/lib/python3.12/site-packages/celery/fixups/django.py", line 103, in on_import_modules
    self.worker_fixup.validate_models()
  File "/home/ubuntu/tmath/.venv/lib/python3.12/site-packages/celery/fixups/django.py", line 154, in validate_models
    run_checks()
  File "/home/ubuntu/tmath/.venv/lib/python3.12/site-packages/django/core/checks/registry.py", line 88, in run_checks
    new_errors = check(app_configs=app_configs, databases=databases)
                 ^^^^^^^^^^^^^^^^^^^^^^^^^^^^^^^^^^^^^^^^^^^^^^^^^^^
  File "/home/ubuntu/tmath/.venv/lib/python3.12/site-packages/django/core/checks/urls.py", line 14, in check_url_config
    return check_resolver(resolver)
           ^^^^^^^^^^^^^^^^^^^^^^^^
  File "/home/ubuntu/tmath/.venv/lib/python3.12/site-packages/django/core/checks/urls.py", line 24, in check_resolver
    return check_method()
           ^^^^^^^^^^^^^^
  File "/home/ubuntu/tmath/.venv/lib/python3.12/site-packages/django/urls/resolvers.py", line 494, in check
    for pattern in self.url_patterns:
                   ^^^^^^^^^^^^^^^^^
  File "/home/ubuntu/tmath/.venv/lib/python3.12/site-packages/django/utils/functional.py", line 57, in __get__
    res = instance.__dict__[self.name] = self.func(instance)
                                         ^^^^^^^^^^^^^^^^^^^
  File "/home/ubuntu/tmath/.venv/lib/python3.12/site-packages/django/urls/resolvers.py", line 715, in url_patterns
    patterns = getattr(self.urlconf_module, "urlpatterns", self.urlconf_module)
                       ^^^^^^^^^^^^^^^^^^^
  File "/home/ubuntu/tmath/.venv/lib/python3.12/site-packages/django/utils/functional.py", line 57, in __get__
    res = instance.__dict__[self.name] = self.func(instance)
                                         ^^^^^^^^^^^^^^^^^^^
  File "/home/ubuntu/tmath/.venv/lib/python3.12/site-packages/django/urls/resolvers.py", line 708, in urlconf_module
    return import_module(self.urlconf_name)
           ^^^^^^^^^^^^^^^^^^^^^^^^^^^^^^^^
  File "/usr/lib/python3.12/importlib/__init__.py", line 90, in import_module
    return _bootstrap._gcd_import(name[level:], package, level)
           ^^^^^^^^^^^^^^^^^^^^^^^^^^^^^^^^^^^^^^^^^^^^^^^^^^^^
  File "<frozen importlib._bootstrap>", line 1387, in _gcd_import
  File "<frozen importlib._bootstrap>", line 1360, in _find_and_load
  File "<frozen importlib._bootstrap>", line 1331, in _find_and_load_unlocked
  File "<frozen importlib._bootstrap>", line 935, in _load_unlocked
  File "<frozen importlib._bootstrap_external>", line 995, in exec_module
  File "<frozen importlib._bootstrap>", line 488, in _call_with_frames_removed
  File "/home/ubuntu/tmath/tmath/urls.py", line 740, in <module>
    path('api/verify-admin/', verify_admin, name='verify_admin'),
                              ^^^^^^^^^^^^
NameError: name 'verify_admin' is not defined
Traceback (most recent call last):
  File "/home/ubuntu/tmath/.venv/bin/celery", line 6, in <module>
    sys.exit(main())
             ^^^^^^
  File "/home/ubuntu/tmath/.venv/lib/python3.12/site-packages/celery/__main__.py", line 15, in main
    sys.exit(_main())
             ^^^^^^^
  File "/home/ubuntu/tmath/.venv/lib/python3.12/site-packages/celery/bin/celery.py", line 227, in main
    return celery(auto_envvar_prefix="CELERY")
           ^^^^^^^^^^^^^^^^^^^^^^^^^^^^^^^^^^^
  File "/home/ubuntu/tmath/.venv/lib/python3.12/site-packages/click/core.py", line 1569, in __call__
    return self.main(*args, **kwargs)
           ^^^^^^^^^^^^^^^^^^^^^^^^^^
  File "/home/ubuntu/tmath/.venv/lib/python3.12/site-packages/click/core.py", line 1490, in main
    rv = self.invoke(ctx)
         ^^^^^^^^^^^^^^^^
  File "/home/ubuntu/tmath/.venv/lib/python3.12/site-packages/click/core.py", line 1970, in invoke
    return _process_result(sub_ctx.command.invoke(sub_ctx))
                           ^^^^^^^^^^^^^^^^^^^^^^^^^^^^^^^
  File "/home/ubuntu/tmath/.venv/lib/python3.12/site-packages/click/core.py", line 1353, in invoke
    return ctx.invoke(self.callback, **ctx.params)
           ^^^^^^^^^^^^^^^^^^^^^^^^^^^^^^^^^^^^^^^
  File "/home/ubuntu/tmath/.venv/lib/python3.12/site-packages/click/core.py", line 907, in invoke
    return callback(*args, **kwargs)
           ^^^^^^^^^^^^^^^^^^^^^^^^^
  File "/home/ubuntu/tmath/.venv/lib/python3.12/site-packages/click/decorators.py", line 34, in new_func
    return f(get_current_context(), *args, **kwargs)
           ^^^^^^^^^^^^^^^^^^^^^^^^^^^^^^^^^^^^^^^^^
  File "/home/ubuntu/tmath/.venv/lib/python3.12/site-packages/celery/bin/base.py", line 158, in caller
    return f(ctx, *args, **kwargs)
           ^^^^^^^^^^^^^^^^^^^^^^^
  File "/home/ubuntu/tmath/.venv/lib/python3.12/site-packages/celery/bin/worker.py", line 359, in worker
    worker = app.Worker(
             ^^^^^^^^^^^
  File "/home/ubuntu/tmath/.venv/lib/python3.12/site-packages/celery/worker/worker.py", line 94, in __init__
    self.app.loader.init_worker()
  File "/home/ubuntu/tmath/.venv/lib/python3.12/site-packages/celery/loaders/base.py", line 110, in init_worker
    self.import_default_modules()
  File "/home/ubuntu/tmath/.venv/lib/python3.12/site-packages/celery/loaders/base.py", line 104, in import_default_modules
    raise response
  File "/home/ubuntu/tmath/.venv/lib/python3.12/site-packages/celery/utils/dispatch/signal.py", line 280, in send
    response = receiver(signal=self, sender=sender, **named)
               ^^^^^^^^^^^^^^^^^^^^^^^^^^^^^^^^^^^^^^^^^^^^^
  File "/home/ubuntu/tmath/.venv/lib/python3.12/site-packages/celery/fixups/django.py", line 103, in on_import_modules
    self.worker_fixup.validate_models()
  File "/home/ubuntu/tmath/.venv/lib/python3.12/site-packages/celery/fixups/django.py", line 154, in validate_models
    run_checks()
  File "/home/ubuntu/tmath/.venv/lib/python3.12/site-packages/django/core/checks/registry.py", line 88, in run_checks
    new_errors = check(app_configs=app_configs, databases=databases)
                 ^^^^^^^^^^^^^^^^^^^^^^^^^^^^^^^^^^^^^^^^^^^^^^^^^^^
  File "/home/ubuntu/tmath/.venv/lib/python3.12/site-packages/django/core/checks/urls.py", line 14, in check_url_config
    return check_resolver(resolver)
           ^^^^^^^^^^^^^^^^^^^^^^^^
  File "/home/ubuntu/tmath/.venv/lib/python3.12/site-packages/django/core/checks/urls.py", line 24, in check_resolver
    return check_method()
           ^^^^^^^^^^^^^^
  File "/home/ubuntu/tmath/.venv/lib/python3.12/site-packages/django/urls/resolvers.py", line 494, in check
    for pattern in self.url_patterns:
                   ^^^^^^^^^^^^^^^^^
  File "/home/ubuntu/tmath/.venv/lib/python3.12/site-packages/django/utils/functional.py", line 57, in __get__
    res = instance.__dict__[self.name] = self.func(instance)
                                         ^^^^^^^^^^^^^^^^^^^
  File "/home/ubuntu/tmath/.venv/lib/python3.12/site-packages/django/urls/resolvers.py", line 715, in url_patterns
    patterns = getattr(self.urlconf_module, "urlpatterns", self.urlconf_module)
                       ^^^^^^^^^^^^^^^^^^^
  File "/home/ubuntu/tmath/.venv/lib/python3.12/site-packages/django/utils/functional.py", line 57, in __get__
    res = instance.__dict__[self.name] = self.func(instance)
                                         ^^^^^^^^^^^^^^^^^^^
  File "/home/ubuntu/tmath/.venv/lib/python3.12/site-packages/django/urls/resolvers.py", line 708, in urlconf_module
    return import_module(self.urlconf_name)
           ^^^^^^^^^^^^^^^^^^^^^^^^^^^^^^^^
  File "/usr/lib/python3.12/importlib/__init__.py", line 90, in import_module
    return _bootstrap._gcd_import(name[level:], package, level)
           ^^^^^^^^^^^^^^^^^^^^^^^^^^^^^^^^^^^^^^^^^^^^^^^^^^^^
  File "<frozen importlib._bootstrap>", line 1387, in _gcd_import
  File "<frozen importlib._bootstrap>", line 1360, in _find_and_load
  File "<frozen importlib._bootstrap>", line 1331, in _find_and_load_unlocked
  File "<frozen importlib._bootstrap>", line 935, in _load_unlocked
  File "<frozen importlib._bootstrap_external>", line 995, in exec_module
  File "<frozen importlib._bootstrap>", line 488, in _call_with_frames_removed
  File "/home/ubuntu/tmath/tmath/urls.py", line 740, in <module>
    path('api/verify-admin/', verify_admin, name='verify_admin'),
                              ^^^^^^^^^^^^
NameError: name 'verify_admin' is not defined
ERROR 2026-09-20 14:57:29,666 signal Signal handler <bound method DjangoFixup.on_import_modules of <celery.fixups.django.DjangoFixup object at 0x711f64ad8770>> raised: NameError("name 'verify_admin' is not defined")
Traceback (most recent call last):
  File "/home/ubuntu/tmath/.venv/lib/python3.12/site-packages/celery/utils/dispatch/signal.py", line 280, in send
    response = receiver(signal=self, sender=sender, **named)
               ^^^^^^^^^^^^^^^^^^^^^^^^^^^^^^^^^^^^^^^^^^^^^
  File "/home/ubuntu/tmath/.venv/lib/python3.12/site-packages/celery/fixups/django.py", line 103, in on_import_modules
    self.worker_fixup.validate_models()
  File "/home/ubuntu/tmath/.venv/lib/python3.12/site-packages/celery/fixups/django.py", line 154, in validate_models
    run_checks()
  File "/home/ubuntu/tmath/.venv/lib/python3.12/site-packages/django/core/checks/registry.py", line 88, in run_checks
    new_errors = check(app_configs=app_configs, databases=databases)
                 ^^^^^^^^^^^^^^^^^^^^^^^^^^^^^^^^^^^^^^^^^^^^^^^^^^^
  File "/home/ubuntu/tmath/.venv/lib/python3.12/site-packages/django/core/checks/urls.py", line 14, in check_url_config
    return check_resolver(resolver)
           ^^^^^^^^^^^^^^^^^^^^^^^^
  File "/home/ubuntu/tmath/.venv/lib/python3.12/site-packages/django/core/checks/urls.py", line 24, in check_resolver
    return check_method()
           ^^^^^^^^^^^^^^
  File "/home/ubuntu/tmath/.venv/lib/python3.12/site-packages/django/urls/resolvers.py", line 494, in check
    for pattern in self.url_patterns:
                   ^^^^^^^^^^^^^^^^^
  File "/home/ubuntu/tmath/.venv/lib/python3.12/site-packages/django/utils/functional.py", line 57, in __get__
    res = instance.__dict__[self.name] = self.func(instance)
                                         ^^^^^^^^^^^^^^^^^^^
  File "/home/ubuntu/tmath/.venv/lib/python3.12/site-packages/django/urls/resolvers.py", line 715, in url_patterns
    patterns = getattr(self.urlconf_module, "urlpatterns", self.urlconf_module)
                       ^^^^^^^^^^^^^^^^^^^
  File "/home/ubuntu/tmath/.venv/lib/python3.12/site-packages/django/utils/functional.py", line 57, in __get__
    res = instance.__dict__[self.name] = self.func(instance)
                                         ^^^^^^^^^^^^^^^^^^^
  File "/home/ubuntu/tmath/.venv/lib/python3.12/site-packages/django/urls/resolvers.py", line 708, in urlconf_module
    return import_module(self.urlconf_name)
           ^^^^^^^^^^^^^^^^^^^^^^^^^^^^^^^^
  File "/usr/lib/python3.12/importlib/__init__.py", line 90, in import_module
    return _bootstrap._gcd_import(name[level:], package, level)
           ^^^^^^^^^^^^^^^^^^^^^^^^^^^^^^^^^^^^^^^^^^^^^^^^^^^^
  File "<frozen importlib._bootstrap>", line 1387, in _gcd_import
  File "<frozen importlib._bootstrap>", line 1360, in _find_and_load
  File "<frozen importlib._bootstrap>", line 1331, in _find_and_load_unlocked
  File "<frozen importlib._bootstrap>", line 935, in _load_unlocked
  File "<frozen importlib._bootstrap_external>", line 995, in exec_module
  File "<frozen importlib._bootstrap>", line 488, in _call_with_frames_removed
  File "/home/ubuntu/tmath/tmath/urls.py", line 740, in <module>
    path('api/verify-admin/', verify_admin, name='verify_admin'),
                              ^^^^^^^^^^^^
NameError: name 'verify_admin' is not defined
Traceback (most recent call last):
  File "/home/ubuntu/tmath/.venv/bin/celery", line 6, in <module>
    sys.exit(main())
             ^^^^^^
  File "/home/ubuntu/tmath/.venv/lib/python3.12/site-packages/celery/__main__.py", line 15, in main
    sys.exit(_main())
             ^^^^^^^
  File "/home/ubuntu/tmath/.venv/lib/python3.12/site-packages/celery/bin/celery.py", line 227, in main
    return celery(auto_envvar_prefix="CELERY")
           ^^^^^^^^^^^^^^^^^^^^^^^^^^^^^^^^^^^
  File "/home/ubuntu/tmath/.venv/lib/python3.12/site-packages/click/core.py", line 1569, in __call__
    return self.main(*args, **kwargs)
           ^^^^^^^^^^^^^^^^^^^^^^^^^^
  File "/home/ubuntu/tmath/.venv/lib/python3.12/site-packages/click/core.py", line 1490, in main
    rv = self.invoke(ctx)
         ^^^^^^^^^^^^^^^^
  File "/home/ubuntu/tmath/.venv/lib/python3.12/site-packages/click/core.py", line 1970, in invoke
    return _process_result(sub_ctx.command.invoke(sub_ctx))
                           ^^^^^^^^^^^^^^^^^^^^^^^^^^^^^^^
  File "/home/ubuntu/tmath/.venv/lib/python3.12/site-packages/click/core.py", line 1353, in invoke
    return ctx.invoke(self.callback, **ctx.params)
           ^^^^^^^^^^^^^^^^^^^^^^^^^^^^^^^^^^^^^^^
  File "/home/ubuntu/tmath/.venv/lib/python3.12/site-packages/click/core.py", line 907, in invoke
    return callback(*args, **kwargs)
           ^^^^^^^^^^^^^^^^^^^^^^^^^
  File "/home/ubuntu/tmath/.venv/lib/python3.12/site-packages/click/decorators.py", line 34, in new_func
    return f(get_current_context(), *args, **kwargs)
           ^^^^^^^^^^^^^^^^^^^^^^^^^^^^^^^^^^^^^^^^^
  File "/home/ubuntu/tmath/.venv/lib/python3.12/site-packages/celery/bin/base.py", line 158, in caller
    return f(ctx, *args, **kwargs)
           ^^^^^^^^^^^^^^^^^^^^^^^
  File "/home/ubuntu/tmath/.venv/lib/python3.12/site-packages/celery/bin/worker.py", line 359, in worker
    worker = app.Worker(
             ^^^^^^^^^^^
  File "/home/ubuntu/tmath/.venv/lib/python3.12/site-packages/celery/worker/worker.py", line 94, in __init__
    self.app.loader.init_worker()
  File "/home/ubuntu/tmath/.venv/lib/python3.12/site-packages/celery/loaders/base.py", line 110, in init_worker
    self.import_default_modules()
  File "/home/ubuntu/tmath/.venv/lib/python3.12/site-packages/celery/loaders/base.py", line 104, in import_default_modules
    raise response
  File "/home/ubuntu/tmath/.venv/lib/python3.12/site-packages/celery/utils/dispatch/signal.py", line 280, in send
    response = receiver(signal=self, sender=sender, **named)
               ^^^^^^^^^^^^^^^^^^^^^^^^^^^^^^^^^^^^^^^^^^^^^
  File "/home/ubuntu/tmath/.venv/lib/python3.12/site-packages/celery/fixups/django.py", line 103, in on_import_modules
    self.worker_fixup.validate_models()
  File "/home/ubuntu/tmath/.venv/lib/python3.12/site-packages/celery/fixups/django.py", line 154, in validate_models
    run_checks()
  File "/home/ubuntu/tmath/.venv/lib/python3.12/site-packages/django/core/checks/registry.py", line 88, in run_checks
    new_errors = check(app_configs=app_configs, databases=databases)
                 ^^^^^^^^^^^^^^^^^^^^^^^^^^^^^^^^^^^^^^^^^^^^^^^^^^^
  File "/home/ubuntu/tmath/.venv/lib/python3.12/site-packages/django/core/checks/urls.py", line 14, in check_url_config
    return check_resolver(resolver)
           ^^^^^^^^^^^^^^^^^^^^^^^^
  File "/home/ubuntu/tmath/.venv/lib/python3.12/site-packages/django/core/checks/urls.py", line 24, in check_resolver
    return check_method()
           ^^^^^^^^^^^^^^
  File "/home/ubuntu/tmath/.venv/lib/python3.12/site-packages/django/urls/resolvers.py", line 494, in check
    for pattern in self.url_patterns:
                   ^^^^^^^^^^^^^^^^^
  File "/home/ubuntu/tmath/.venv/lib/python3.12/site-packages/django/utils/functional.py", line 57, in __get__
    res = instance.__dict__[self.name] = self.func(instance)
                                         ^^^^^^^^^^^^^^^^^^^
  File "/home/ubuntu/tmath/.venv/lib/python3.12/site-packages/django/urls/resolvers.py", line 715, in url_patterns
    patterns = getattr(self.urlconf_module, "urlpatterns", self.urlconf_module)
                       ^^^^^^^^^^^^^^^^^^^
  File "/home/ubuntu/tmath/.venv/lib/python3.12/site-packages/django/utils/functional.py", line 57, in __get__
    res = instance.__dict__[self.name] = self.func(instance)
                                         ^^^^^^^^^^^^^^^^^^^
  File "/home/ubuntu/tmath/.venv/lib/python3.12/site-packages/django/urls/resolvers.py", line 708, in urlconf_module
    return import_module(self.urlconf_name)
           ^^^^^^^^^^^^^^^^^^^^^^^^^^^^^^^^
  File "/usr/lib/python3.12/importlib/__init__.py", line 90, in import_module
    return _bootstrap._gcd_import(name[level:], package, level)
           ^^^^^^^^^^^^^^^^^^^^^^^^^^^^^^^^^^^^^^^^^^^^^^^^^^^^
  File "<frozen importlib._bootstrap>", line 1387, in _gcd_import
  File "<frozen importlib._bootstrap>", line 1360, in _find_and_load
  File "<frozen importlib._bootstrap>", line 1331, in _find_and_load_unlocked
  File "<frozen importlib._bootstrap>", line 935, in _load_unlocked
  File "<frozen importlib._bootstrap_external>", line 995, in exec_module
  File "<frozen importlib._bootstrap>", line 488, in _call_with_frames_removed
  File "/home/ubuntu/tmath/tmath/urls.py", line 740, in <module>
    path('api/verify-admin/', verify_admin, name='verify_admin'),
                              ^^^^^^^^^^^^
NameError: name 'verify_admin' is not defined
ERROR 2026-09-20 14:57:31,921 signal Signal handler <bound method DjangoFixup.on_import_modules of <celery.fixups.django.DjangoFixup object at 0x796830839e50>> raised: NameError("name 'verify_admin' is not defined")
Traceback (most recent call last):
  File "/home/ubuntu/tmath/.venv/lib/python3.12/site-packages/celery/utils/dispatch/signal.py", line 280, in send
    response = receiver(signal=self, sender=sender, **named)
               ^^^^^^^^^^^^^^^^^^^^^^^^^^^^^^^^^^^^^^^^^^^^^
  File "/home/ubuntu/tmath/.venv/lib/python3.12/site-packages/celery/fixups/django.py", line 103, in on_import_modules
    self.worker_fixup.validate_models()
  File "/home/ubuntu/tmath/.venv/lib/python3.12/site-packages/celery/fixups/django.py", line 154, in validate_models
    run_checks()
  File "/home/ubuntu/tmath/.venv/lib/python3.12/site-packages/django/core/checks/registry.py", line 88, in run_checks
    new_errors = check(app_configs=app_configs, databases=databases)
                 ^^^^^^^^^^^^^^^^^^^^^^^^^^^^^^^^^^^^^^^^^^^^^^^^^^^
  File "/home/ubuntu/tmath/.venv/lib/python3.12/site-packages/django/core/checks/urls.py", line 14, in check_url_config
    return check_resolver(resolver)
           ^^^^^^^^^^^^^^^^^^^^^^^^
  File "/home/ubuntu/tmath/.venv/lib/python3.12/site-packages/django/core/checks/urls.py", line 24, in check_resolver
    return check_method()
           ^^^^^^^^^^^^^^
  File "/home/ubuntu/tmath/.venv/lib/python3.12/site-packages/django/urls/resolvers.py", line 494, in check
    for pattern in self.url_patterns:
                   ^^^^^^^^^^^^^^^^^
  File "/home/ubuntu/tmath/.venv/lib/python3.12/site-packages/django/utils/functional.py", line 57, in __get__
    res = instance.__dict__[self.name] = self.func(instance)
                                         ^^^^^^^^^^^^^^^^^^^
  File "/home/ubuntu/tmath/.venv/lib/python3.12/site-packages/django/urls/resolvers.py", line 715, in url_patterns
    patterns = getattr(self.urlconf_module, "urlpatterns", self.urlconf_module)
                       ^^^^^^^^^^^^^^^^^^^
  File "/home/ubuntu/tmath/.venv/lib/python3.12/site-packages/django/utils/functional.py", line 57, in __get__
    res = instance.__dict__[self.name] = self.func(instance)
                                         ^^^^^^^^^^^^^^^^^^^
  File "/home/ubuntu/tmath/.venv/lib/python3.12/site-packages/django/urls/resolvers.py", line 708, in urlconf_module
    return import_module(self.urlconf_name)
           ^^^^^^^^^^^^^^^^^^^^^^^^^^^^^^^^
  File "/usr/lib/python3.12/importlib/__init__.py", line 90, in import_module
    return _bootstrap._gcd_import(name[level:], package, level)
           ^^^^^^^^^^^^^^^^^^^^^^^^^^^^^^^^^^^^^^^^^^^^^^^^^^^^
  File "<frozen importlib._bootstrap>", line 1387, in _gcd_import
  File "<frozen importlib._bootstrap>", line 1360, in _find_and_load
  File "<frozen importlib._bootstrap>", line 1331, in _find_and_load_unlocked
  File "<frozen importlib._bootstrap>", line 935, in _load_unlocked
  File "<frozen importlib._bootstrap_external>", line 995, in exec_module
  File "<frozen importlib._bootstrap>", line 488, in _call_with_frames_removed
  File "/home/ubuntu/tmath/tmath/urls.py", line 740, in <module>
    path('api/verify-admin/', verify_admin, name='verify_admin'),
                              ^^^^^^^^^^^^
NameError: name 'verify_admin' is not defined
Traceback (most recent call last):
  File "/home/ubuntu/tmath/.venv/bin/celery", line 6, in <module>
    sys.exit(main())
             ^^^^^^
  File "/home/ubuntu/tmath/.venv/lib/python3.12/site-packages/celery/__main__.py", line 15, in main
    sys.exit(_main())
             ^^^^^^^
  File "/home/ubuntu/tmath/.venv/lib/python3.12/site-packages/celery/bin/celery.py", line 227, in main
    return celery(auto_envvar_prefix="CELERY")
           ^^^^^^^^^^^^^^^^^^^^^^^^^^^^^^^^^^^
  File "/home/ubuntu/tmath/.venv/lib/python3.12/site-packages/click/core.py", line 1569, in __call__
    return self.main(*args, **kwargs)
           ^^^^^^^^^^^^^^^^^^^^^^^^^^
  File "/home/ubuntu/tmath/.venv/lib/python3.12/site-packages/click/core.py", line 1490, in main
    rv = self.invoke(ctx)
         ^^^^^^^^^^^^^^^^
  File "/home/ubuntu/tmath/.venv/lib/python3.12/site-packages/click/core.py", line 1970, in invoke
    return _process_result(sub_ctx.command.invoke(sub_ctx))
                           ^^^^^^^^^^^^^^^^^^^^^^^^^^^^^^^
  File "/home/ubuntu/tmath/.venv/lib/python3.12/site-packages/click/core.py", line 1353, in invoke
    return ctx.invoke(self.callback, **ctx.params)
           ^^^^^^^^^^^^^^^^^^^^^^^^^^^^^^^^^^^^^^^
  File "/home/ubuntu/tmath/.venv/lib/python3.12/site-packages/click/core.py", line 907, in invoke
    return callback(*args, **kwargs)
           ^^^^^^^^^^^^^^^^^^^^^^^^^
  File "/home/ubuntu/tmath/.venv/lib/python3.12/site-packages/click/decorators.py", line 34, in new_func
    return f(get_current_context(), *args, **kwargs)
           ^^^^^^^^^^^^^^^^^^^^^^^^^^^^^^^^^^^^^^^^^
  File "/home/ubuntu/tmath/.venv/lib/python3.12/site-packages/celery/bin/base.py", line 158, in caller
    return f(ctx, *args, **kwargs)
           ^^^^^^^^^^^^^^^^^^^^^^^
  File "/home/ubuntu/tmath/.venv/lib/python3.12/site-packages/celery/bin/worker.py", line 359, in worker
    worker = app.Worker(
             ^^^^^^^^^^^
  File "/home/ubuntu/tmath/.venv/lib/python3.12/site-packages/celery/worker/worker.py", line 94, in __init__
    self.app.loader.init_worker()
  File "/home/ubuntu/tmath/.venv/lib/python3.12/site-packages/celery/loaders/base.py", line 110, in init_worker
    self.import_default_modules()
  File "/home/ubuntu/tmath/.venv/lib/python3.12/site-packages/celery/loaders/base.py", line 104, in import_default_modules
    raise response
  File "/home/ubuntu/tmath/.venv/lib/python3.12/site-packages/celery/utils/dispatch/signal.py", line 280, in send
    response = receiver(signal=self, sender=sender, **named)
               ^^^^^^^^^^^^^^^^^^^^^^^^^^^^^^^^^^^^^^^^^^^^^
  File "/home/ubuntu/tmath/.venv/lib/python3.12/site-packages/celery/fixups/django.py", line 103, in on_import_modules
    self.worker_fixup.validate_models()
  File "/home/ubuntu/tmath/.venv/lib/python3.12/site-packages/celery/fixups/django.py", line 154, in validate_models
    run_checks()
  File "/home/ubuntu/tmath/.venv/lib/python3.12/site-packages/django/core/checks/registry.py", line 88, in run_checks
    new_errors = check(app_configs=app_configs, databases=databases)
                 ^^^^^^^^^^^^^^^^^^^^^^^^^^^^^^^^^^^^^^^^^^^^^^^^^^^
  File "/home/ubuntu/tmath/.venv/lib/python3.12/site-packages/django/core/checks/urls.py", line 14, in check_url_config
    return check_resolver(resolver)
           ^^^^^^^^^^^^^^^^^^^^^^^^
  File "/home/ubuntu/tmath/.venv/lib/python3.12/site-packages/django/core/checks/urls.py", line 24, in check_resolver
    return check_method()
           ^^^^^^^^^^^^^^
  File "/home/ubuntu/tmath/.venv/lib/python3.12/site-packages/django/urls/resolvers.py", line 494, in check
    for pattern in self.url_patterns:
                   ^^^^^^^^^^^^^^^^^
  File "/home/ubuntu/tmath/.venv/lib/python3.12/site-packages/django/utils/functional.py", line 57, in __get__
    res = instance.__dict__[self.name] = self.func(instance)
                                         ^^^^^^^^^^^^^^^^^^^
  File "/home/ubuntu/tmath/.venv/lib/python3.12/site-packages/django/urls/resolvers.py", line 715, in url_patterns
    patterns = getattr(self.urlconf_module, "urlpatterns", self.urlconf_module)
                       ^^^^^^^^^^^^^^^^^^^
  File "/home/ubuntu/tmath/.venv/lib/python3.12/site-packages/django/utils/functional.py", line 57, in __get__
    res = instance.__dict__[self.name] = self.func(instance)
                                         ^^^^^^^^^^^^^^^^^^^
  File "/home/ubuntu/tmath/.venv/lib/python3.12/site-packages/django/urls/resolvers.py", line 708, in urlconf_module
    return import_module(self.urlconf_name)
           ^^^^^^^^^^^^^^^^^^^^^^^^^^^^^^^^
  File "/usr/lib/python3.12/importlib/__init__.py", line 90, in import_module
    return _bootstrap._gcd_import(name[level:], package, level)
           ^^^^^^^^^^^^^^^^^^^^^^^^^^^^^^^^^^^^^^^^^^^^^^^^^^^^
  File "<frozen importlib._bootstrap>", line 1387, in _gcd_import
  File "<frozen importlib._bootstrap>", line 1360, in _find_and_load
  File "<frozen importlib._bootstrap>", line 1331, in _find_and_load_unlocked
  File "<frozen importlib._bootstrap>", line 935, in _load_unlocked
  File "<frozen importlib._bootstrap_external>", line 995, in exec_module
  File "<frozen importlib._bootstrap>", line 488, in _call_with_frames_removed
  File "/home/ubuntu/tmath/tmath/urls.py", line 740, in <module>
    path('api/verify-admin/', verify_admin, name='verify_admin'),
                              ^^^^^^^^^^^^
NameError: name 'verify_admin' is not defined
ERROR 2026-09-20 14:57:34,182 signal Signal handler <bound method DjangoFixup.on_import_modules of <celery.fixups.django.DjangoFixup object at 0x7d994a9897f0>> raised: NameError("name 'verify_admin' is not defined")
Traceback (most recent call last):
  File "/home/ubuntu/tmath/.venv/lib/python3.12/site-packages/celery/utils/dispatch/signal.py", line 280, in send
    response = receiver(signal=self, sender=sender, **named)
               ^^^^^^^^^^^^^^^^^^^^^^^^^^^^^^^^^^^^^^^^^^^^^
  File "/home/ubuntu/tmath/.venv/lib/python3.12/site-packages/celery/fixups/django.py", line 103, in on_import_modules
    self.worker_fixup.validate_models()
  File "/home/ubuntu/tmath/.venv/lib/python3.12/site-packages/celery/fixups/django.py", line 154, in validate_models
    run_checks()
  File "/home/ubuntu/tmath/.venv/lib/python3.12/site-packages/django/core/checks/registry.py", line 88, in run_checks
    new_errors = check(app_configs=app_configs, databases=databases)
                 ^^^^^^^^^^^^^^^^^^^^^^^^^^^^^^^^^^^^^^^^^^^^^^^^^^^
  File "/home/ubuntu/tmath/.venv/lib/python3.12/site-packages/django/core/checks/urls.py", line 14, in check_url_config
    return check_resolver(resolver)
           ^^^^^^^^^^^^^^^^^^^^^^^^
  File "/home/ubuntu/tmath/.venv/lib/python3.12/site-packages/django/core/checks/urls.py", line 24, in check_resolver
    return check_method()
           ^^^^^^^^^^^^^^
  File "/home/ubuntu/tmath/.venv/lib/python3.12/site-packages/django/urls/resolvers.py", line 494, in check
    for pattern in self.url_patterns:
                   ^^^^^^^^^^^^^^^^^
  File "/home/ubuntu/tmath/.venv/lib/python3.12/site-packages/django/utils/functional.py", line 57, in __get__
    res = instance.__dict__[self.name] = self.func(instance)
                                         ^^^^^^^^^^^^^^^^^^^
  File "/home/ubuntu/tmath/.venv/lib/python3.12/site-packages/django/urls/resolvers.py", line 715, in url_patterns
    patterns = getattr(self.urlconf_module, "urlpatterns", self.urlconf_module)
                       ^^^^^^^^^^^^^^^^^^^
  File "/home/ubuntu/tmath/.venv/lib/python3.12/site-packages/django/utils/functional.py", line 57, in __get__
    res = instance.__dict__[self.name] = self.func(instance)
                                         ^^^^^^^^^^^^^^^^^^^
  File "/home/ubuntu/tmath/.venv/lib/python3.12/site-packages/django/urls/resolvers.py", line 708, in urlconf_module
    return import_module(self.urlconf_name)
           ^^^^^^^^^^^^^^^^^^^^^^^^^^^^^^^^
  File "/usr/lib/python3.12/importlib/__init__.py", line 90, in import_module
    return _bootstrap._gcd_import(name[level:], package, level)
           ^^^^^^^^^^^^^^^^^^^^^^^^^^^^^^^^^^^^^^^^^^^^^^^^^^^^
  File "<frozen importlib._bootstrap>", line 1387, in _gcd_import
  File "<frozen importlib._bootstrap>", line 1360, in _find_and_load
  File "<frozen importlib._bootstrap>", line 1331, in _find_and_load_unlocked
  File "<frozen importlib._bootstrap>", line 935, in _load_unlocked
  File "<frozen importlib._bootstrap_external>", line 995, in exec_module
  File "<frozen importlib._bootstrap>", line 488, in _call_with_frames_removed
  File "/home/ubuntu/tmath/tmath/urls.py", line 740, in <module>
    path('api/verify-admin/', verify_admin, name='verify_admin'),
                              ^^^^^^^^^^^^
NameError: name 'verify_admin' is not defined
Traceback (most recent call last):
  File "/home/ubuntu/tmath/.venv/bin/celery", line 6, in <module>
    sys.exit(main())
             ^^^^^^
  File "/home/ubuntu/tmath/.venv/lib/python3.12/site-packages/celery/__main__.py", line 15, in main
    sys.exit(_main())
             ^^^^^^^
  File "/home/ubuntu/tmath/.venv/lib/python3.12/site-packages/celery/bin/celery.py", line 227, in main
    return celery(auto_envvar_prefix="CELERY")
           ^^^^^^^^^^^^^^^^^^^^^^^^^^^^^^^^^^^
  File "/home/ubuntu/tmath/.venv/lib/python3.12/site-packages/click/core.py", line 1569, in __call__
    return self.main(*args, **kwargs)
           ^^^^^^^^^^^^^^^^^^^^^^^^^^
  File "/home/ubuntu/tmath/.venv/lib/python3.12/site-packages/click/core.py", line 1490, in main
    rv = self.invoke(ctx)
         ^^^^^^^^^^^^^^^^
  File "/home/ubuntu/tmath/.venv/lib/python3.12/site-packages/click/core.py", line 1970, in invoke
    return _process_result(sub_ctx.command.invoke(sub_ctx))
                           ^^^^^^^^^^^^^^^^^^^^^^^^^^^^^^^
  File "/home/ubuntu/tmath/.venv/lib/python3.12/site-packages/click/core.py", line 1353, in invoke
    return ctx.invoke(self.callback, **ctx.params)
           ^^^^^^^^^^^^^^^^^^^^^^^^^^^^^^^^^^^^^^^
  File "/home/ubuntu/tmath/.venv/lib/python3.12/site-packages/click/core.py", line 907, in invoke
    return callback(*args, **kwargs)
           ^^^^^^^^^^^^^^^^^^^^^^^^^
  File "/home/ubuntu/tmath/.venv/lib/python3.12/site-packages/click/decorators.py", line 34, in new_func
    return f(get_current_context(), *args, **kwargs)
           ^^^^^^^^^^^^^^^^^^^^^^^^^^^^^^^^^^^^^^^^^
  File "/home/ubuntu/tmath/.venv/lib/python3.12/site-packages/celery/bin/base.py", line 158, in caller
    return f(ctx, *args, **kwargs)
           ^^^^^^^^^^^^^^^^^^^^^^^
  File "/home/ubuntu/tmath/.venv/lib/python3.12/site-packages/celery/bin/worker.py", line 359, in worker
    worker = app.Worker(
             ^^^^^^^^^^^
  File "/home/ubuntu/tmath/.venv/lib/python3.12/site-packages/celery/worker/worker.py", line 94, in __init__
    self.app.loader.init_worker()
  File "/home/ubuntu/tmath/.venv/lib/python3.12/site-packages/celery/loaders/base.py", line 110, in init_worker
    self.import_default_modules()
  File "/home/ubuntu/tmath/.venv/lib/python3.12/site-packages/celery/loaders/base.py", line 104, in import_default_modules
    raise response
  File "/home/ubuntu/tmath/.venv/lib/python3.12/site-packages/celery/utils/dispatch/signal.py", line 280, in send
    response = receiver(signal=self, sender=sender, **named)
               ^^^^^^^^^^^^^^^^^^^^^^^^^^^^^^^^^^^^^^^^^^^^^
  File "/home/ubuntu/tmath/.venv/lib/python3.12/site-packages/celery/fixups/django.py", line 103, in on_import_modules
    self.worker_fixup.validate_models()
  File "/home/ubuntu/tmath/.venv/lib/python3.12/site-packages/celery/fixups/django.py", line 154, in validate_models
    run_checks()
  File "/home/ubuntu/tmath/.venv/lib/python3.12/site-packages/django/core/checks/registry.py", line 88, in run_checks
    new_errors = check(app_configs=app_configs, databases=databases)
                 ^^^^^^^^^^^^^^^^^^^^^^^^^^^^^^^^^^^^^^^^^^^^^^^^^^^
  File "/home/ubuntu/tmath/.venv/lib/python3.12/site-packages/django/core/checks/urls.py", line 14, in check_url_config
    return check_resolver(resolver)
           ^^^^^^^^^^^^^^^^^^^^^^^^
  File "/home/ubuntu/tmath/.venv/lib/python3.12/site-packages/django/core/checks/urls.py", line 24, in check_resolver
    return check_method()
           ^^^^^^^^^^^^^^
  File "/home/ubuntu/tmath/.venv/lib/python3.12/site-packages/django/urls/resolvers.py", line 494, in check
    for pattern in self.url_patterns:
                   ^^^^^^^^^^^^^^^^^
  File "/home/ubuntu/tmath/.venv/lib/python3.12/site-packages/django/utils/functional.py", line 57, in __get__
    res = instance.__dict__[self.name] = self.func(instance)
                                         ^^^^^^^^^^^^^^^^^^^
  File "/home/ubuntu/tmath/.venv/lib/python3.12/site-packages/django/urls/resolvers.py", line 715, in url_patterns
    patterns = getattr(self.urlconf_module, "urlpatterns", self.urlconf_module)
                       ^^^^^^^^^^^^^^^^^^^
  File "/home/ubuntu/tmath/.venv/lib/python3.12/site-packages/django/utils/functional.py", line 57, in __get__
    res = instance.__dict__[self.name] = self.func(instance)
                                         ^^^^^^^^^^^^^^^^^^^
  File "/home/ubuntu/tmath/.venv/lib/python3.12/site-packages/django/urls/resolvers.py", line 708, in urlconf_module
    return import_module(self.urlconf_name)
           ^^^^^^^^^^^^^^^^^^^^^^^^^^^^^^^^
  File "/usr/lib/python3.12/importlib/__init__.py", line 90, in import_module
    return _bootstrap._gcd_import(name[level:], package, level)
           ^^^^^^^^^^^^^^^^^^^^^^^^^^^^^^^^^^^^^^^^^^^^^^^^^^^^
  File "<frozen importlib._bootstrap>", line 1387, in _gcd_import
  File "<frozen importlib._bootstrap>", line 1360, in _find_and_load
  File "<frozen importlib._bootstrap>", line 1331, in _find_and_load_unlocked
  File "<frozen importlib._bootstrap>", line 935, in _load_unlocked
  File "<frozen importlib._bootstrap_external>", line 995, in exec_module
  File "<frozen importlib._bootstrap>", line 488, in _call_with_frames_removed
  File "/home/ubuntu/tmath/tmath/urls.py", line 740, in <module>
    path('api/verify-admin/', verify_admin, name='verify_admin'),
                              ^^^^^^^^^^^^
NameError: name 'verify_admin' is not defined
ERROR 2026-09-20 14:57:36,672 signal Signal handler <bound method DjangoFixup.on_import_modules of <celery.fixups.django.DjangoFixup object at 0x7fb201675c40>> raised: NameError("name 'verify_admin' is not defined")
Traceback (most recent call last):
  File "/home/ubuntu/tmath/.venv/lib/python3.12/site-packages/celery/utils/dispatch/signal.py", line 280, in send
    response = receiver(signal=self, sender=sender, **named)
               ^^^^^^^^^^^^^^^^^^^^^^^^^^^^^^^^^^^^^^^^^^^^^
  File "/home/ubuntu/tmath/.venv/lib/python3.12/site-packages/celery/fixups/django.py", line 103, in on_import_modules
    self.worker_fixup.validate_models()
  File "/home/ubuntu/tmath/.venv/lib/python3.12/site-packages/celery/fixups/django.py", line 154, in validate_models
    run_checks()
  File "/home/ubuntu/tmath/.venv/lib/python3.12/site-packages/django/core/checks/registry.py", line 88, in run_checks
    new_errors = check(app_configs=app_configs, databases=databases)
                 ^^^^^^^^^^^^^^^^^^^^^^^^^^^^^^^^^^^^^^^^^^^^^^^^^^^
  File "/home/ubuntu/tmath/.venv/lib/python3.12/site-packages/django/core/checks/urls.py", line 14, in check_url_config
    return check_resolver(resolver)
           ^^^^^^^^^^^^^^^^^^^^^^^^
  File "/home/ubuntu/tmath/.venv/lib/python3.12/site-packages/django/core/checks/urls.py", line 24, in check_resolver
    return check_method()
           ^^^^^^^^^^^^^^
  File "/home/ubuntu/tmath/.venv/lib/python3.12/site-packages/django/urls/resolvers.py", line 494, in check
    for pattern in self.url_patterns:
                   ^^^^^^^^^^^^^^^^^
  File "/home/ubuntu/tmath/.venv/lib/python3.12/site-packages/django/utils/functional.py", line 57, in __get__
    res = instance.__dict__[self.name] = self.func(instance)
                                         ^^^^^^^^^^^^^^^^^^^
  File "/home/ubuntu/tmath/.venv/lib/python3.12/site-packages/django/urls/resolvers.py", line 715, in url_patterns
    patterns = getattr(self.urlconf_module, "urlpatterns", self.urlconf_module)
                       ^^^^^^^^^^^^^^^^^^^
  File "/home/ubuntu/tmath/.venv/lib/python3.12/site-packages/django/utils/functional.py", line 57, in __get__
    res = instance.__dict__[self.name] = self.func(instance)
                                         ^^^^^^^^^^^^^^^^^^^
  File "/home/ubuntu/tmath/.venv/lib/python3.12/site-packages/django/urls/resolvers.py", line 708, in urlconf_module
    return import_module(self.urlconf_name)
           ^^^^^^^^^^^^^^^^^^^^^^^^^^^^^^^^
  File "/usr/lib/python3.12/importlib/__init__.py", line 90, in import_module
    return _bootstrap._gcd_import(name[level:], package, level)
           ^^^^^^^^^^^^^^^^^^^^^^^^^^^^^^^^^^^^^^^^^^^^^^^^^^^^
  File "<frozen importlib._bootstrap>", line 1387, in _gcd_import
  File "<frozen importlib._bootstrap>", line 1360, in _find_and_load
  File "<frozen importlib._bootstrap>", line 1331, in _find_and_load_unlocked
  File "<frozen importlib._bootstrap>", line 935, in _load_unlocked
  File "<frozen importlib._bootstrap_external>", line 995, in exec_module
  File "<frozen importlib._bootstrap>", line 488, in _call_with_frames_removed
  File "/home/ubuntu/tmath/tmath/urls.py", line 740, in <module>
    path('api/verify-admin/', verify_admin, name='verify_admin'),
                              ^^^^^^^^^^^^
NameError: name 'verify_admin' is not defined
Traceback (most recent call last):
  File "/home/ubuntu/tmath/.venv/bin/celery", line 6, in <module>
    sys.exit(main())
             ^^^^^^
  File "/home/ubuntu/tmath/.venv/lib/python3.12/site-packages/celery/__main__.py", line 15, in main
    sys.exit(_main())
             ^^^^^^^
  File "/home/ubuntu/tmath/.venv/lib/python3.12/site-packages/celery/bin/celery.py", line 227, in main
    return celery(auto_envvar_prefix="CELERY")
           ^^^^^^^^^^^^^^^^^^^^^^^^^^^^^^^^^^^
  File "/home/ubuntu/tmath/.venv/lib/python3.12/site-packages/click/core.py", line 1569, in __call__
    return self.main(*args, **kwargs)
           ^^^^^^^^^^^^^^^^^^^^^^^^^^
  File "/home/ubuntu/tmath/.venv/lib/python3.12/site-packages/click/core.py", line 1490, in main
    rv = self.invoke(ctx)
         ^^^^^^^^^^^^^^^^
  File "/home/ubuntu/tmath/.venv/lib/python3.12/site-packages/click/core.py", line 1970, in invoke
    return _process_result(sub_ctx.command.invoke(sub_ctx))
                           ^^^^^^^^^^^^^^^^^^^^^^^^^^^^^^^
  File "/home/ubuntu/tmath/.venv/lib/python3.12/site-packages/click/core.py", line 1353, in invoke
    return ctx.invoke(self.callback, **ctx.params)
           ^^^^^^^^^^^^^^^^^^^^^^^^^^^^^^^^^^^^^^^
  File "/home/ubuntu/tmath/.venv/lib/python3.12/site-packages/click/core.py", line 907, in invoke
    return callback(*args, **kwargs)
           ^^^^^^^^^^^^^^^^^^^^^^^^^
  File "/home/ubuntu/tmath/.venv/lib/python3.12/site-packages/click/decorators.py", line 34, in new_func
    return f(get_current_context(), *args, **kwargs)
           ^^^^^^^^^^^^^^^^^^^^^^^^^^^^^^^^^^^^^^^^^
  File "/home/ubuntu/tmath/.venv/lib/python3.12/site-packages/celery/bin/base.py", line 158, in caller
    return f(ctx, *args, **kwargs)
           ^^^^^^^^^^^^^^^^^^^^^^^
  File "/home/ubuntu/tmath/.venv/lib/python3.12/site-packages/celery/bin/worker.py", line 359, in worker
    worker = app.Worker(
             ^^^^^^^^^^^
  File "/home/ubuntu/tmath/.venv/lib/python3.12/site-packages/celery/worker/worker.py", line 94, in __init__
    self.app.loader.init_worker()
  File "/home/ubuntu/tmath/.venv/lib/python3.12/site-packages/celery/loaders/base.py", line 110, in init_worker
    self.import_default_modules()
  File "/home/ubuntu/tmath/.venv/lib/python3.12/site-packages/celery/loaders/base.py", line 104, in import_default_modules
    raise response
  File "/home/ubuntu/tmath/.venv/lib/python3.12/site-packages/celery/utils/dispatch/signal.py", line 280, in send
    response = receiver(signal=self, sender=sender, **named)
               ^^^^^^^^^^^^^^^^^^^^^^^^^^^^^^^^^^^^^^^^^^^^^
  File "/home/ubuntu/tmath/.venv/lib/python3.12/site-packages/celery/fixups/django.py", line 103, in on_import_modules
    self.worker_fixup.validate_models()
  File "/home/ubuntu/tmath/.venv/lib/python3.12/site-packages/celery/fixups/django.py", line 154, in validate_models
    run_checks()
  File "/home/ubuntu/tmath/.venv/lib/python3.12/site-packages/django/core/checks/registry.py", line 88, in run_checks
    new_errors = check(app_configs=app_configs, databases=databases)
                 ^^^^^^^^^^^^^^^^^^^^^^^^^^^^^^^^^^^^^^^^^^^^^^^^^^^
  File "/home/ubuntu/tmath/.venv/lib/python3.12/site-packages/django/core/checks/urls.py", line 14, in check_url_config
    return check_resolver(resolver)
           ^^^^^^^^^^^^^^^^^^^^^^^^
  File "/home/ubuntu/tmath/.venv/lib/python3.12/site-packages/django/core/checks/urls.py", line 24, in check_resolver
    return check_method()
           ^^^^^^^^^^^^^^
  File "/home/ubuntu/tmath/.venv/lib/python3.12/site-packages/django/urls/resolvers.py", line 494, in check
    for pattern in self.url_patterns:
                   ^^^^^^^^^^^^^^^^^
  File "/home/ubuntu/tmath/.venv/lib/python3.12/site-packages/django/utils/functional.py", line 57, in __get__
    res = instance.__dict__[self.name] = self.func(instance)
                                         ^^^^^^^^^^^^^^^^^^^
  File "/home/ubuntu/tmath/.venv/lib/python3.12/site-packages/django/urls/resolvers.py", line 715, in url_patterns
    patterns = getattr(self.urlconf_module, "urlpatterns", self.urlconf_module)
                       ^^^^^^^^^^^^^^^^^^^
  File "/home/ubuntu/tmath/.venv/lib/python3.12/site-packages/django/utils/functional.py", line 57, in __get__
    res = instance.__dict__[self.name] = self.func(instance)
                                         ^^^^^^^^^^^^^^^^^^^
  File "/home/ubuntu/tmath/.venv/lib/python3.12/site-packages/django/urls/resolvers.py", line 708, in urlconf_module
    return import_module(self.urlconf_name)
           ^^^^^^^^^^^^^^^^^^^^^^^^^^^^^^^^
  File "/usr/lib/python3.12/importlib/__init__.py", line 90, in import_module
    return _bootstrap._gcd_import(name[level:], package, level)
           ^^^^^^^^^^^^^^^^^^^^^^^^^^^^^^^^^^^^^^^^^^^^^^^^^^^^
  File "<frozen importlib._bootstrap>", line 1387, in _gcd_import
  File "<frozen importlib._bootstrap>", line 1360, in _find_and_load
  File "<frozen importlib._bootstrap>", line 1331, in _find_and_load_unlocked
  File "<frozen importlib._bootstrap>", line 935, in _load_unlocked
  File "<frozen importlib._bootstrap_external>", line 995, in exec_module
  File "<frozen importlib._bootstrap>", line 488, in _call_with_frames_removed
  File "/home/ubuntu/tmath/tmath/urls.py", line 740, in <module>
    path('api/verify-admin/', verify_admin, name='verify_admin'),
                              ^^^^^^^^^^^^
NameError: name 'verify_admin' is not defined
ERROR 2026-09-20 14:57:39,100 signal Signal handler <bound method DjangoFixup.on_import_modules of <celery.fixups.django.DjangoFixup object at 0x73b098a39c10>> raised: NameError("name 'verify_admin' is not defined")
Traceback (most recent call last):
  File "/home/ubuntu/tmath/.venv/lib/python3.12/site-packages/celery/utils/dispatch/signal.py", line 280, in send
    response = receiver(signal=self, sender=sender, **named)
               ^^^^^^^^^^^^^^^^^^^^^^^^^^^^^^^^^^^^^^^^^^^^^
  File "/home/ubuntu/tmath/.venv/lib/python3.12/site-packages/celery/fixups/django.py", line 103, in on_import_modules
    self.worker_fixup.validate_models()
  File "/home/ubuntu/tmath/.venv/lib/python3.12/site-packages/celery/fixups/django.py", line 154, in validate_models
    run_checks()
  File "/home/ubuntu/tmath/.venv/lib/python3.12/site-packages/django/core/checks/registry.py", line 88, in run_checks
    new_errors = check(app_configs=app_configs, databases=databases)
                 ^^^^^^^^^^^^^^^^^^^^^^^^^^^^^^^^^^^^^^^^^^^^^^^^^^^
  File "/home/ubuntu/tmath/.venv/lib/python3.12/site-packages/django/core/checks/urls.py", line 14, in check_url_config
    return check_resolver(resolver)
           ^^^^^^^^^^^^^^^^^^^^^^^^
  File "/home/ubuntu/tmath/.venv/lib/python3.12/site-packages/django/core/checks/urls.py", line 24, in check_resolver
    return check_method()
           ^^^^^^^^^^^^^^
  File "/home/ubuntu/tmath/.venv/lib/python3.12/site-packages/django/urls/resolvers.py", line 494, in check
    for pattern in self.url_patterns:
                   ^^^^^^^^^^^^^^^^^
  File "/home/ubuntu/tmath/.venv/lib/python3.12/site-packages/django/utils/functional.py", line 57, in __get__
    res = instance.__dict__[self.name] = self.func(instance)
                                         ^^^^^^^^^^^^^^^^^^^
  File "/home/ubuntu/tmath/.venv/lib/python3.12/site-packages/django/urls/resolvers.py", line 715, in url_patterns
    patterns = getattr(self.urlconf_module, "urlpatterns", self.urlconf_module)
                       ^^^^^^^^^^^^^^^^^^^
  File "/home/ubuntu/tmath/.venv/lib/python3.12/site-packages/django/utils/functional.py", line 57, in __get__
    res = instance.__dict__[self.name] = self.func(instance)
                                         ^^^^^^^^^^^^^^^^^^^
  File "/home/ubuntu/tmath/.venv/lib/python3.12/site-packages/django/urls/resolvers.py", line 708, in urlconf_module
    return import_module(self.urlconf_name)
           ^^^^^^^^^^^^^^^^^^^^^^^^^^^^^^^^
  File "/usr/lib/python3.12/importlib/__init__.py", line 90, in import_module
    return _bootstrap._gcd_import(name[level:], package, level)
           ^^^^^^^^^^^^^^^^^^^^^^^^^^^^^^^^^^^^^^^^^^^^^^^^^^^^
  File "<frozen importlib._bootstrap>", line 1387, in _gcd_import
  File "<frozen importlib._bootstrap>", line 1360, in _find_and_load
  File "<frozen importlib._bootstrap>", line 1331, in _find_and_load_unlocked
  File "<frozen importlib._bootstrap>", line 935, in _load_unlocked
  File "<frozen importlib._bootstrap_external>", line 995, in exec_module
  File "<frozen importlib._bootstrap>", line 488, in _call_with_frames_removed
  File "/home/ubuntu/tmath/tmath/urls.py", line 740, in <module>
    path('api/verify-admin/', verify_admin, name='verify_admin'),
                              ^^^^^^^^^^^^
NameError: name 'verify_admin' is not defined
Traceback (most recent call last):
  File "/home/ubuntu/tmath/.venv/bin/celery", line 6, in <module>
    sys.exit(main())
             ^^^^^^
  File "/home/ubuntu/tmath/.venv/lib/python3.12/site-packages/celery/__main__.py", line 15, in main
    sys.exit(_main())
             ^^^^^^^
  File "/home/ubuntu/tmath/.venv/lib/python3.12/site-packages/celery/bin/celery.py", line 227, in main
    return celery(auto_envvar_prefix="CELERY")
           ^^^^^^^^^^^^^^^^^^^^^^^^^^^^^^^^^^^
  File "/home/ubuntu/tmath/.venv/lib/python3.12/site-packages/click/core.py", line 1569, in __call__
    return self.main(*args, **kwargs)
           ^^^^^^^^^^^^^^^^^^^^^^^^^^
  File "/home/ubuntu/tmath/.venv/lib/python3.12/site-packages/click/core.py", line 1490, in main
    rv = self.invoke(ctx)
         ^^^^^^^^^^^^^^^^
  File "/home/ubuntu/tmath/.venv/lib/python3.12/site-packages/click/core.py", line 1970, in invoke
    return _process_result(sub_ctx.command.invoke(sub_ctx))
                           ^^^^^^^^^^^^^^^^^^^^^^^^^^^^^^^
  File "/home/ubuntu/tmath/.venv/lib/python3.12/site-packages/click/core.py", line 1353, in invoke
    return ctx.invoke(self.callback, **ctx.params)
           ^^^^^^^^^^^^^^^^^^^^^^^^^^^^^^^^^^^^^^^
  File "/home/ubuntu/tmath/.venv/lib/python3.12/site-packages/click/core.py", line 907, in invoke
    return callback(*args, **kwargs)
           ^^^^^^^^^^^^^^^^^^^^^^^^^
  File "/home/ubuntu/tmath/.venv/lib/python3.12/site-packages/click/decorators.py", line 34, in new_func
    return f(get_current_context(), *args, **kwargs)
           ^^^^^^^^^^^^^^^^^^^^^^^^^^^^^^^^^^^^^^^^^
  File "/home/ubuntu/tmath/.venv/lib/python3.12/site-packages/celery/bin/base.py", line 158, in caller
    return f(ctx, *args, **kwargs)
           ^^^^^^^^^^^^^^^^^^^^^^^
  File "/home/ubuntu/tmath/.venv/lib/python3.12/site-packages/celery/bin/worker.py", line 359, in worker
    worker = app.Worker(
             ^^^^^^^^^^^
  File "/home/ubuntu/tmath/.venv/lib/python3.12/site-packages/celery/worker/worker.py", line 94, in __init__
    self.app.loader.init_worker()
  File "/home/ubuntu/tmath/.venv/lib/python3.12/site-packages/celery/loaders/base.py", line 110, in init_worker
    self.import_default_modules()
  File "/home/ubuntu/tmath/.venv/lib/python3.12/site-packages/celery/loaders/base.py", line 104, in import_default_modules
    raise response
  File "/home/ubuntu/tmath/.venv/lib/python3.12/site-packages/celery/utils/dispatch/signal.py", line 280, in send
    response = receiver(signal=self, sender=sender, **named)
               ^^^^^^^^^^^^^^^^^^^^^^^^^^^^^^^^^^^^^^^^^^^^^
  File "/home/ubuntu/tmath/.venv/lib/python3.12/site-packages/celery/fixups/django.py", line 103, in on_import_modules
    self.worker_fixup.validate_models()
  File "/home/ubuntu/tmath/.venv/lib/python3.12/site-packages/celery/fixups/django.py", line 154, in validate_models
    run_checks()
  File "/home/ubuntu/tmath/.venv/lib/python3.12/site-packages/django/core/checks/registry.py", line 88, in run_checks
    new_errors = check(app_configs=app_configs, databases=databases)
                 ^^^^^^^^^^^^^^^^^^^^^^^^^^^^^^^^^^^^^^^^^^^^^^^^^^^
  File "/home/ubuntu/tmath/.venv/lib/python3.12/site-packages/django/core/checks/urls.py", line 14, in check_url_config
    return check_resolver(resolver)
           ^^^^^^^^^^^^^^^^^^^^^^^^
  File "/home/ubuntu/tmath/.venv/lib/python3.12/site-packages/django/core/checks/urls.py", line 24, in check_resolver
    return check_method()
           ^^^^^^^^^^^^^^
  File "/home/ubuntu/tmath/.venv/lib/python3.12/site-packages/django/urls/resolvers.py", line 494, in check
    for pattern in self.url_patterns:
                   ^^^^^^^^^^^^^^^^^
  File "/home/ubuntu/tmath/.venv/lib/python3.12/site-packages/django/utils/functional.py", line 57, in __get__
    res = instance.__dict__[self.name] = self.func(instance)
                                         ^^^^^^^^^^^^^^^^^^^
  File "/home/ubuntu/tmath/.venv/lib/python3.12/site-packages/django/urls/resolvers.py", line 715, in url_patterns
    patterns = getattr(self.urlconf_module, "urlpatterns", self.urlconf_module)
                       ^^^^^^^^^^^^^^^^^^^
  File "/home/ubuntu/tmath/.venv/lib/python3.12/site-packages/django/utils/functional.py", line 57, in __get__
    res = instance.__dict__[self.name] = self.func(instance)
                                         ^^^^^^^^^^^^^^^^^^^
  File "/home/ubuntu/tmath/.venv/lib/python3.12/site-packages/django/urls/resolvers.py", line 708, in urlconf_module
    return import_module(self.urlconf_name)
           ^^^^^^^^^^^^^^^^^^^^^^^^^^^^^^^^
  File "/usr/lib/python3.12/importlib/__init__.py", line 90, in import_module
    return _bootstrap._gcd_import(name[level:], package, level)
           ^^^^^^^^^^^^^^^^^^^^^^^^^^^^^^^^^^^^^^^^^^^^^^^^^^^^
  File "<frozen importlib._bootstrap>", line 1387, in _gcd_import
  File "<frozen importlib._bootstrap>", line 1360, in _find_and_load
  File "<frozen importlib._bootstrap>", line 1331, in _find_and_load_unlocked
  File "<frozen importlib._bootstrap>", line 935, in _load_unlocked
  File "<frozen importlib._bootstrap_external>", line 995, in exec_module
  File "<frozen importlib._bootstrap>", line 488, in _call_with_frames_removed
  File "/home/ubuntu/tmath/tmath/urls.py", line 740, in <module>
    path('api/verify-admin/', verify_admin, name='verify_admin'),
                              ^^^^^^^^^^^^
NameError: name 'verify_admin' is not defined
ERROR 2026-09-20 14:57:41,523 signal Signal handler <bound method DjangoFixup.on_import_modules of <celery.fixups.django.DjangoFixup object at 0x705bf7681fa0>> raised: NameError("name 'verify_admin' is not defined")
Traceback (most recent call last):
  File "/home/ubuntu/tmath/.venv/lib/python3.12/site-packages/celery/utils/dispatch/signal.py", line 280, in send
    response = receiver(signal=self, sender=sender, **named)
               ^^^^^^^^^^^^^^^^^^^^^^^^^^^^^^^^^^^^^^^^^^^^^
  File "/home/ubuntu/tmath/.venv/lib/python3.12/site-packages/celery/fixups/django.py", line 103, in on_import_modules
    self.worker_fixup.validate_models()
  File "/home/ubuntu/tmath/.venv/lib/python3.12/site-packages/celery/fixups/django.py", line 154, in validate_models
    run_checks()
  File "/home/ubuntu/tmath/.venv/lib/python3.12/site-packages/django/core/checks/registry.py", line 88, in run_checks
    new_errors = check(app_configs=app_configs, databases=databases)
                 ^^^^^^^^^^^^^^^^^^^^^^^^^^^^^^^^^^^^^^^^^^^^^^^^^^^
  File "/home/ubuntu/tmath/.venv/lib/python3.12/site-packages/django/core/checks/urls.py", line 14, in check_url_config
    return check_resolver(resolver)
           ^^^^^^^^^^^^^^^^^^^^^^^^
  File "/home/ubuntu/tmath/.venv/lib/python3.12/site-packages/django/core/checks/urls.py", line 24, in check_resolver
    return check_method()
           ^^^^^^^^^^^^^^
  File "/home/ubuntu/tmath/.venv/lib/python3.12/site-packages/django/urls/resolvers.py", line 494, in check
    for pattern in self.url_patterns:
                   ^^^^^^^^^^^^^^^^^
  File "/home/ubuntu/tmath/.venv/lib/python3.12/site-packages/django/utils/functional.py", line 57, in __get__
    res = instance.__dict__[self.name] = self.func(instance)
                                         ^^^^^^^^^^^^^^^^^^^
  File "/home/ubuntu/tmath/.venv/lib/python3.12/site-packages/django/urls/resolvers.py", line 715, in url_patterns
    patterns = getattr(self.urlconf_module, "urlpatterns", self.urlconf_module)
                       ^^^^^^^^^^^^^^^^^^^
  File "/home/ubuntu/tmath/.venv/lib/python3.12/site-packages/django/utils/functional.py", line 57, in __get__
    res = instance.__dict__[self.name] = self.func(instance)
                                         ^^^^^^^^^^^^^^^^^^^
  File "/home/ubuntu/tmath/.venv/lib/python3.12/site-packages/django/urls/resolvers.py", line 708, in urlconf_module
    return import_module(self.urlconf_name)
           ^^^^^^^^^^^^^^^^^^^^^^^^^^^^^^^^
  File "/usr/lib/python3.12/importlib/__init__.py", line 90, in import_module
    return _bootstrap._gcd_import(name[level:], package, level)
           ^^^^^^^^^^^^^^^^^^^^^^^^^^^^^^^^^^^^^^^^^^^^^^^^^^^^
  File "<frozen importlib._bootstrap>", line 1387, in _gcd_import
  File "<frozen importlib._bootstrap>", line 1360, in _find_and_load
  File "<frozen importlib._bootstrap>", line 1331, in _find_and_load_unlocked
  File "<frozen importlib._bootstrap>", line 935, in _load_unlocked
  File "<frozen importlib._bootstrap_external>", line 995, in exec_module
  File "<frozen importlib._bootstrap>", line 488, in _call_with_frames_removed
  File "/home/ubuntu/tmath/tmath/urls.py", line 740, in <module>
    path('api/verify-admin/', verify_admin, name='verify_admin'),
                              ^^^^^^^^^^^^
NameError: name 'verify_admin' is not defined
Traceback (most recent call last):
  File "/home/ubuntu/tmath/.venv/bin/celery", line 6, in <module>
    sys.exit(main())
             ^^^^^^
  File "/home/ubuntu/tmath/.venv/lib/python3.12/site-packages/celery/__main__.py", line 15, in main
    sys.exit(_main())
             ^^^^^^^
  File "/home/ubuntu/tmath/.venv/lib/python3.12/site-packages/celery/bin/celery.py", line 227, in main
    return celery(auto_envvar_prefix="CELERY")
           ^^^^^^^^^^^^^^^^^^^^^^^^^^^^^^^^^^^
  File "/home/ubuntu/tmath/.venv/lib/python3.12/site-packages/click/core.py", line 1569, in __call__
    return self.main(*args, **kwargs)
           ^^^^^^^^^^^^^^^^^^^^^^^^^^
  File "/home/ubuntu/tmath/.venv/lib/python3.12/site-packages/click/core.py", line 1490, in main
    rv = self.invoke(ctx)
         ^^^^^^^^^^^^^^^^
  File "/home/ubuntu/tmath/.venv/lib/python3.12/site-packages/click/core.py", line 1970, in invoke
    return _process_result(sub_ctx.command.invoke(sub_ctx))
                           ^^^^^^^^^^^^^^^^^^^^^^^^^^^^^^^
  File "/home/ubuntu/tmath/.venv/lib/python3.12/site-packages/click/core.py", line 1353, in invoke
    return ctx.invoke(self.callback, **ctx.params)
           ^^^^^^^^^^^^^^^^^^^^^^^^^^^^^^^^^^^^^^^
  File "/home/ubuntu/tmath/.venv/lib/python3.12/site-packages/click/core.py", line 907, in invoke
    return callback(*args, **kwargs)
           ^^^^^^^^^^^^^^^^^^^^^^^^^
  File "/home/ubuntu/tmath/.venv/lib/python3.12/site-packages/click/decorators.py", line 34, in new_func
    return f(get_current_context(), *args, **kwargs)
           ^^^^^^^^^^^^^^^^^^^^^^^^^^^^^^^^^^^^^^^^^
  File "/home/ubuntu/tmath/.venv/lib/python3.12/site-packages/celery/bin/base.py", line 158, in caller
    return f(ctx, *args, **kwargs)
           ^^^^^^^^^^^^^^^^^^^^^^^
  File "/home/ubuntu/tmath/.venv/lib/python3.12/site-packages/celery/bin/worker.py", line 359, in worker
    worker = app.Worker(
             ^^^^^^^^^^^
  File "/home/ubuntu/tmath/.venv/lib/python3.12/site-packages/celery/worker/worker.py", line 94, in __init__
    self.app.loader.init_worker()
  File "/home/ubuntu/tmath/.venv/lib/python3.12/site-packages/celery/loaders/base.py", line 110, in init_worker
    self.import_default_modules()
  File "/home/ubuntu/tmath/.venv/lib/python3.12/site-packages/celery/loaders/base.py", line 104, in import_default_modules
    raise response
  File "/home/ubuntu/tmath/.venv/lib/python3.12/site-packages/celery/utils/dispatch/signal.py", line 280, in send
    response = receiver(signal=self, sender=sender, **named)
               ^^^^^^^^^^^^^^^^^^^^^^^^^^^^^^^^^^^^^^^^^^^^^
  File "/home/ubuntu/tmath/.venv/lib/python3.12/site-packages/celery/fixups/django.py", line 103, in on_import_modules
    self.worker_fixup.validate_models()
  File "/home/ubuntu/tmath/.venv/lib/python3.12/site-packages/celery/fixups/django.py", line 154, in validate_models
    run_checks()
  File "/home/ubuntu/tmath/.venv/lib/python3.12/site-packages/django/core/checks/registry.py", line 88, in run_checks
    new_errors = check(app_configs=app_configs, databases=databases)
                 ^^^^^^^^^^^^^^^^^^^^^^^^^^^^^^^^^^^^^^^^^^^^^^^^^^^
  File "/home/ubuntu/tmath/.venv/lib/python3.12/site-packages/django/core/checks/urls.py", line 14, in check_url_config
    return check_resolver(resolver)
           ^^^^^^^^^^^^^^^^^^^^^^^^
  File "/home/ubuntu/tmath/.venv/lib/python3.12/site-packages/django/core/checks/urls.py", line 24, in check_resolver
    return check_method()
           ^^^^^^^^^^^^^^
  File "/home/ubuntu/tmath/.venv/lib/python3.12/site-packages/django/urls/resolvers.py", line 494, in check
    for pattern in self.url_patterns:
                   ^^^^^^^^^^^^^^^^^
  File "/home/ubuntu/tmath/.venv/lib/python3.12/site-packages/django/utils/functional.py", line 57, in __get__
    res = instance.__dict__[self.name] = self.func(instance)
                                         ^^^^^^^^^^^^^^^^^^^
  File "/home/ubuntu/tmath/.venv/lib/python3.12/site-packages/django/urls/resolvers.py", line 715, in url_patterns
    patterns = getattr(self.urlconf_module, "urlpatterns", self.urlconf_module)
                       ^^^^^^^^^^^^^^^^^^^
  File "/home/ubuntu/tmath/.venv/lib/python3.12/site-packages/django/utils/functional.py", line 57, in __get__
    res = instance.__dict__[self.name] = self.func(instance)
                                         ^^^^^^^^^^^^^^^^^^^
  File "/home/ubuntu/tmath/.venv/lib/python3.12/site-packages/django/urls/resolvers.py", line 708, in urlconf_module
    return import_module(self.urlconf_name)
           ^^^^^^^^^^^^^^^^^^^^^^^^^^^^^^^^
  File "/usr/lib/python3.12/importlib/__init__.py", line 90, in import_module
    return _bootstrap._gcd_import(name[level:], package, level)
           ^^^^^^^^^^^^^^^^^^^^^^^^^^^^^^^^^^^^^^^^^^^^^^^^^^^^
  File "<frozen importlib._bootstrap>", line 1387, in _gcd_import
  File "<frozen importlib._bootstrap>", line 1360, in _find_and_load
  File "<frozen importlib._bootstrap>", line 1331, in _find_and_load_unlocked
  File "<frozen importlib._bootstrap>", line 935, in _load_unlocked
  File "<frozen importlib._bootstrap_external>", line 995, in exec_module
  File "<frozen importlib._bootstrap>", line 488, in _call_with_frames_removed
  File "/home/ubuntu/tmath/tmath/urls.py", line 740, in <module>
    path('api/verify-admin/', verify_admin, name='verify_admin'),
                              ^^^^^^^^^^^^
NameError: name 'verify_admin' is not defined
ERROR 2026-09-20 14:57:44,168 signal Signal handler <bound method DjangoFixup.on_import_modules of <celery.fixups.django.DjangoFixup object at 0x7c490a68ddc0>> raised: NameError("name 'verify_admin' is not defined")
Traceback (most recent call last):
  File "/home/ubuntu/tmath/.venv/lib/python3.12/site-packages/celery/utils/dispatch/signal.py", line 280, in send
    response = receiver(signal=self, sender=sender, **named)
               ^^^^^^^^^^^^^^^^^^^^^^^^^^^^^^^^^^^^^^^^^^^^^
  File "/home/ubuntu/tmath/.venv/lib/python3.12/site-packages/celery/fixups/django.py", line 103, in on_import_modules
    self.worker_fixup.validate_models()
  File "/home/ubuntu/tmath/.venv/lib/python3.12/site-packages/celery/fixups/django.py", line 154, in validate_models
    run_checks()
  File "/home/ubuntu/tmath/.venv/lib/python3.12/site-packages/django/core/checks/registry.py", line 88, in run_checks
    new_errors = check(app_configs=app_configs, databases=databases)
                 ^^^^^^^^^^^^^^^^^^^^^^^^^^^^^^^^^^^^^^^^^^^^^^^^^^^
  File "/home/ubuntu/tmath/.venv/lib/python3.12/site-packages/django/core/checks/urls.py", line 14, in check_url_config
    return check_resolver(resolver)
           ^^^^^^^^^^^^^^^^^^^^^^^^
  File "/home/ubuntu/tmath/.venv/lib/python3.12/site-packages/django/core/checks/urls.py", line 24, in check_resolver
    return check_method()
           ^^^^^^^^^^^^^^
  File "/home/ubuntu/tmath/.venv/lib/python3.12/site-packages/django/urls/resolvers.py", line 494, in check
    for pattern in self.url_patterns:
                   ^^^^^^^^^^^^^^^^^
  File "/home/ubuntu/tmath/.venv/lib/python3.12/site-packages/django/utils/functional.py", line 57, in __get__
    res = instance.__dict__[self.name] = self.func(instance)
                                         ^^^^^^^^^^^^^^^^^^^
  File "/home/ubuntu/tmath/.venv/lib/python3.12/site-packages/django/urls/resolvers.py", line 715, in url_patterns
    patterns = getattr(self.urlconf_module, "urlpatterns", self.urlconf_module)
                       ^^^^^^^^^^^^^^^^^^^
  File "/home/ubuntu/tmath/.venv/lib/python3.12/site-packages/django/utils/functional.py", line 57, in __get__
    res = instance.__dict__[self.name] = self.func(instance)
                                         ^^^^^^^^^^^^^^^^^^^
  File "/home/ubuntu/tmath/.venv/lib/python3.12/site-packages/django/urls/resolvers.py", line 708, in urlconf_module
    return import_module(self.urlconf_name)
           ^^^^^^^^^^^^^^^^^^^^^^^^^^^^^^^^
  File "/usr/lib/python3.12/importlib/__init__.py", line 90, in import_module
    return _bootstrap._gcd_import(name[level:], package, level)
           ^^^^^^^^^^^^^^^^^^^^^^^^^^^^^^^^^^^^^^^^^^^^^^^^^^^^
  File "<frozen importlib._bootstrap>", line 1387, in _gcd_import
  File "<frozen importlib._bootstrap>", line 1360, in _find_and_load
  File "<frozen importlib._bootstrap>", line 1331, in _find_and_load_unlocked
  File "<frozen importlib._bootstrap>", line 935, in _load_unlocked
  File "<frozen importlib._bootstrap_external>", line 995, in exec_module
  File "<frozen importlib._bootstrap>", line 488, in _call_with_frames_removed
  File "/home/ubuntu/tmath/tmath/urls.py", line 740, in <module>
    path('api/verify-admin/', verify_admin, name='verify_admin'),
                              ^^^^^^^^^^^^
NameError: name 'verify_admin' is not defined
Traceback (most recent call last):
  File "/home/ubuntu/tmath/.venv/bin/celery", line 6, in <module>
    sys.exit(main())
             ^^^^^^
  File "/home/ubuntu/tmath/.venv/lib/python3.12/site-packages/celery/__main__.py", line 15, in main
    sys.exit(_main())
             ^^^^^^^
  File "/home/ubuntu/tmath/.venv/lib/python3.12/site-packages/celery/bin/celery.py", line 227, in main
    return celery(auto_envvar_prefix="CELERY")
           ^^^^^^^^^^^^^^^^^^^^^^^^^^^^^^^^^^^
  File "/home/ubuntu/tmath/.venv/lib/python3.12/site-packages/click/core.py", line 1569, in __call__
    return self.main(*args, **kwargs)
           ^^^^^^^^^^^^^^^^^^^^^^^^^^
  File "/home/ubuntu/tmath/.venv/lib/python3.12/site-packages/click/core.py", line 1490, in main
    rv = self.invoke(ctx)
         ^^^^^^^^^^^^^^^^
  File "/home/ubuntu/tmath/.venv/lib/python3.12/site-packages/click/core.py", line 1970, in invoke
    return _process_result(sub_ctx.command.invoke(sub_ctx))
                           ^^^^^^^^^^^^^^^^^^^^^^^^^^^^^^^
  File "/home/ubuntu/tmath/.venv/lib/python3.12/site-packages/click/core.py", line 1353, in invoke
    return ctx.invoke(self.callback, **ctx.params)
           ^^^^^^^^^^^^^^^^^^^^^^^^^^^^^^^^^^^^^^^
  File "/home/ubuntu/tmath/.venv/lib/python3.12/site-packages/click/core.py", line 907, in invoke
    return callback(*args, **kwargs)
           ^^^^^^^^^^^^^^^^^^^^^^^^^
  File "/home/ubuntu/tmath/.venv/lib/python3.12/site-packages/click/decorators.py", line 34, in new_func
    return f(get_current_context(), *args, **kwargs)
           ^^^^^^^^^^^^^^^^^^^^^^^^^^^^^^^^^^^^^^^^^
  File "/home/ubuntu/tmath/.venv/lib/python3.12/site-packages/celery/bin/base.py", line 158, in caller
    return f(ctx, *args, **kwargs)
           ^^^^^^^^^^^^^^^^^^^^^^^
  File "/home/ubuntu/tmath/.venv/lib/python3.12/site-packages/celery/bin/worker.py", line 359, in worker
    worker = app.Worker(
             ^^^^^^^^^^^
  File "/home/ubuntu/tmath/.venv/lib/python3.12/site-packages/celery/worker/worker.py", line 94, in __init__
    self.app.loader.init_worker()
  File "/home/ubuntu/tmath/.venv/lib/python3.12/site-packages/celery/loaders/base.py", line 110, in init_worker
    self.import_default_modules()
  File "/home/ubuntu/tmath/.venv/lib/python3.12/site-packages/celery/loaders/base.py", line 104, in import_default_modules
    raise response
  File "/home/ubuntu/tmath/.venv/lib/python3.12/site-packages/celery/utils/dispatch/signal.py", line 280, in send
    response = receiver(signal=self, sender=sender, **named)
               ^^^^^^^^^^^^^^^^^^^^^^^^^^^^^^^^^^^^^^^^^^^^^
  File "/home/ubuntu/tmath/.venv/lib/python3.12/site-packages/celery/fixups/django.py", line 103, in on_import_modules
    self.worker_fixup.validate_models()
  File "/home/ubuntu/tmath/.venv/lib/python3.12/site-packages/celery/fixups/django.py", line 154, in validate_models
    run_checks()
  File "/home/ubuntu/tmath/.venv/lib/python3.12/site-packages/django/core/checks/registry.py", line 88, in run_checks
    new_errors = check(app_configs=app_configs, databases=databases)
                 ^^^^^^^^^^^^^^^^^^^^^^^^^^^^^^^^^^^^^^^^^^^^^^^^^^^
  File "/home/ubuntu/tmath/.venv/lib/python3.12/site-packages/django/core/checks/urls.py", line 14, in check_url_config
    return check_resolver(resolver)
           ^^^^^^^^^^^^^^^^^^^^^^^^
  File "/home/ubuntu/tmath/.venv/lib/python3.12/site-packages/django/core/checks/urls.py", line 24, in check_resolver
    return check_method()
           ^^^^^^^^^^^^^^
  File "/home/ubuntu/tmath/.venv/lib/python3.12/site-packages/django/urls/resolvers.py", line 494, in check
    for pattern in self.url_patterns:
                   ^^^^^^^^^^^^^^^^^
  File "/home/ubuntu/tmath/.venv/lib/python3.12/site-packages/django/utils/functional.py", line 57, in __get__
    res = instance.__dict__[self.name] = self.func(instance)
                                         ^^^^^^^^^^^^^^^^^^^
  File "/home/ubuntu/tmath/.venv/lib/python3.12/site-packages/django/urls/resolvers.py", line 715, in url_patterns
    patterns = getattr(self.urlconf_module, "urlpatterns", self.urlconf_module)
                       ^^^^^^^^^^^^^^^^^^^
  File "/home/ubuntu/tmath/.venv/lib/python3.12/site-packages/django/utils/functional.py", line 57, in __get__
    res = instance.__dict__[self.name] = self.func(instance)
                                         ^^^^^^^^^^^^^^^^^^^
  File "/home/ubuntu/tmath/.venv/lib/python3.12/site-packages/django/urls/resolvers.py", line 708, in urlconf_module
    return import_module(self.urlconf_name)
           ^^^^^^^^^^^^^^^^^^^^^^^^^^^^^^^^
  File "/usr/lib/python3.12/importlib/__init__.py", line 90, in import_module
    return _bootstrap._gcd_import(name[level:], package, level)
           ^^^^^^^^^^^^^^^^^^^^^^^^^^^^^^^^^^^^^^^^^^^^^^^^^^^^
  File "<frozen importlib._bootstrap>", line 1387, in _gcd_import
  File "<frozen importlib._bootstrap>", line 1360, in _find_and_load
  File "<frozen importlib._bootstrap>", line 1331, in _find_and_load_unlocked
  File "<frozen importlib._bootstrap>", line 935, in _load_unlocked
  File "<frozen importlib._bootstrap_external>", line 995, in exec_module
  File "<frozen importlib._bootstrap>", line 488, in _call_with_frames_removed
  File "/home/ubuntu/tmath/tmath/urls.py", line 740, in <module>
    path('api/verify-admin/', verify_admin, name='verify_admin'),
                              ^^^^^^^^^^^^
NameError: name 'verify_admin' is not defined
